record_id,signal_type,start_kmer_idx,end_kmer_idx,start_base,end_base,run_kmer_len,scale_used,mean_atcg
chr13p,strong,4189,4189,4189,4208,1,302.0,1.3529411764705883
chr13p,strong,4364,4364,4364,4383,1,302.0,1.5
chr13p,strong,4548,4548,4548,4567,1,302.0,1.2222222222222223
chr13p,strong,8335,8335,8335,8354,1,302.0,1.5
chr13p,strong,8505,8505,8505,8524,1,302.0,1.3529411764705883
chr13p,strong,8670,8670,8670,8689,1,302.0,1.3529411764705883
chr13p,strong,8859,8859,8859,8878,1,302.0,1.6666666666666667
chr13p,strong,10790,10790,10790,10809,1,302.0,1.5
chr13p,strong,10979,10979,10979,10998,1,302.0,1.2222222222222223
chr13p,strong,13852,13852,13852,13871,1,302.0,1.5
chr13p,strong,14041,14041,14041,14060,1,302.0,1.6666666666666667
chr13p,strong,15941,15941,15941,15960,1,302.0,1.6666666666666667
chr13p,strong,16116,16116,16116,16135,1,302.0,1.6666666666666667
chr13p,strong,16300,16300,16300,16319,1,302.0,1.6666666666666667
chr13p,strong,16467,16485,16467,16504,19,302.0,1.293330074412036
chr13p,strong,16656,16683,16656,16702,28,302.0,1.6144957983193275
chr13p,strong,16830,16858,16830,16877,29,302.0,1.3529411764705879
chr13p,strong,17014,17047,17014,17066,34,302.0,1.3264331532406566
chr13p,strong,18759,18759,18759,18778,1,302.0,1.3529411764705883
chr13p,strong,18934,18934,18934,18953,1,302.0,1.5
chr13p,strong,19128,19128,19128,19147,1,302.0,1.2222222222222223
chr13p,strong,22673,22673,22673,22692,1,302.0,1.105263157894737
chr13p,strong,22851,22851,22851,22870,1,302.0,1.5
chr13p,strong,26123,26123,26123,26142,1,302.0,1.3529411764705883
chr13p,strong,30633,30633,30633,30652,1,302.0,1.6666666666666667
chr13p,strong,30803,30803,30803,30822,1,302.0,1.3529411764705883
chr13p,strong,30980,30980,30980,30999,1,302.0,1.2222222222222223
chr13p,strong,31169,31169,31169,31188,1,302.0,1.3529411764705883
chr13p,strong,35950,35950,35950,35969,1,302.0,1.5
chr13p,strong,36130,36130,36130,36149,1,302.0,1.5
chr13p,strong,36300,36300,36300,36319,1,302.0,1.8571428571428572
chr13p,strong,38501,38501,38501,38520,1,302.0,1.6666666666666667
chr13p,strong,38671,38671,38671,38690,1,302.0,1.3529411764705883
chr13p,strong,38848,38848,38848,38867,1,302.0,1.2222222222222223
chr13p,strong,39037,39037,39037,39056,1,302.0,1.3529411764705883
chr13p,strong,49501,49501,49501,49520,1,302.0,1.5
chr13p,strong,49700,49700,49700,49719,1,302.0,2.076923076923077
chr13p,strong,49889,49889,49889,49908,1,302.0,1.5
chr13p,strong,50078,50078,50078,50097,1,302.0,1.6666666666666667
chr13p,strong,53633,53633,53633,53652,1,302.0,1.2222222222222223
chr13p,strong,53826,53826,53826,53845,1,302.0,1.6666666666666667
chr13p,strong,55600,55600,55600,55619,1,302.0,1.5
chr13p,strong,57321,57321,57321,57340,1,302.0,1.6666666666666667
chr13p,strong,57491,57491,57491,57510,1,302.0,1.5
chr13p,strong,64430,64430,64430,64449,1,302.0,1.5
chr13p,strong,64628,64628,64628,64647,1,302.0,1.5
chr13p,strong,74254,74254,74254,74273,1,302.0,3.4444444444444446
chr13p,strong,74447,74447,74447,74466,1,302.0,3.4444444444444446
chr13p,strong,74632,74632,74632,74651,1,302.0,3.4444444444444446
chr13p,strong,74807,74807,74807,74826,1,302.0,3.4444444444444446
chr13p,strong,75010,75010,75010,75029,1,302.0,3.4444444444444446
chr13p,strong,75203,75203,75203,75222,1,302.0,3.4444444444444446
chr13p,strong,77309,77309,77309,77328,1,302.0,3.0
chr13p,strong,77489,77489,77489,77508,1,302.0,3.4444444444444446
chr13p,strong,78084,78084,78084,78103,1,302.0,3.0
chr13p,strong,78254,78254,78254,78273,1,302.0,2.6363636363636362
chr13p,strong,78451,78451,78451,78470,1,302.0,4.0
chr13p,strong,78654,78654,78654,78673,1,302.0,3.4444444444444446
chr13p,strong,78829,78829,78829,78848,1,302.0,3.0
chr13p,strong,81796,81796,81796,81815,1,302.0,3.0
chr13p,strong,81990,81990,81990,82009,1,302.0,4.0
chr13p,strong,82165,82165,82165,82184,1,302.0,3.4444444444444446
chr13p,strong,83114,83114,83114,83133,1,302.0,4.714285714285714
chr13p,strong,83303,83303,83303,83322,1,302.0,3.0
chr13p,strong,83501,83501,83501,83520,1,302.0,3.4444444444444446
chr13p,strong,84156,84156,84156,84175,1,302.0,4.714285714285714
chr13p,strong,84336,84336,84336,84355,1,302.0,2.6363636363636362
chr13p,strong,85349,85349,85349,85368,1,302.0,5.666666666666667
chr13p,strong,88710,88710,88710,88729,1,302.0,4.0
chr13p,strong,88894,88894,88894,88913,1,302.0,4.0
chr13p,strong,89088,89088,89088,89107,1,302.0,3.4444444444444446
chr13p,strong,96444,96444,96444,96463,1,302.0,3.4444444444444446
chr13p,strong,96665,96665,96665,96684,1,302.0,4.714285714285714
chr13p,strong,97981,97981,97981,98000,1,302.0,3.4444444444444446
chr13p,strong,98151,98151,98151,98170,1,302.0,4.714285714285714
chr13p,strong,98299,98299,98299,98318,1,302.0,4.714285714285714
chr13p,strong,98502,98502,98502,98521,1,302.0,5.666666666666667
chr13p,strong,98691,98691,98691,98710,1,302.0,4.714285714285714
chr13p,strong,98861,98861,98861,98880,1,302.0,3.4444444444444446
chr13p,strong,99100,99100,99100,99119,1,302.0,2.3333333333333335
chr13p,strong,103339,103339,103339,103358,1,302.0,3.0
chr13p,strong,103537,103537,103537,103556,1,302.0,3.4444444444444446
chr13p,strong,103758,103758,103758,103777,1,302.0,4.714285714285714
chr13p,strong,105784,105784,105784,105803,1,302.0,4.714285714285714
chr13p,strong,105954,105954,105954,105973,1,302.0,3.4444444444444446
chr13p,strong,106193,106193,106193,106212,1,302.0,2.3333333333333335
chr13p,strong,106396,106396,106396,106415,1,302.0,3.4444444444444446
chr13p,strong,106599,106599,106599,106618,1,302.0,2.6363636363636362
chr13p,strong,106769,106769,106769,106788,1,302.0,3.0
chr13p,strong,106971,106971,106971,106990,1,302.0,3.0
chr13p,strong,107155,107155,107155,107174,1,302.0,3.0
chr13p,strong,110701,110701,110701,110720,1,302.0,3.4444444444444446
chr13p,strong,110871,110871,110871,110890,1,302.0,4.0
chr13p,strong,111060,111060,111060,111079,1,302.0,3.0
chr13p,strong,111268,111268,111268,111287,1,302.0,3.4444444444444446
chr13p,strong,111480,111480,111480,111499,1,302.0,3.4444444444444446
chr13p,strong,111678,111678,111678,111697,1,302.0,3.0
chr13p,strong,113018,113018,113018,113037,1,302.0,2.6363636363636362
chr13p,strong,113221,113221,113221,113240,1,302.0,4.714285714285714
chr13p,strong,121107,121107,121107,121126,1,302.0,3.0
chr13p,strong,121508,121508,121508,121527,1,302.0,2.6363636363636362
chr13p,strong,122012,122012,122012,122031,1,302.0,3.4444444444444446
chr13p,strong,122234,122234,122234,122253,1,302.0,2.6363636363636362
chr13p,strong,122437,122437,122437,122456,1,302.0,4.0
chr13p,strong,122645,122645,122645,122664,1,302.0,2.6363636363636362
chr13p,strong,122875,122875,122875,122894,1,302.0,4.0
chr13p,strong,123078,123078,123078,123097,1,302.0,4.0
chr13p,strong,123267,123267,123267,123286,1,302.0,3.4444444444444446
chr13p,strong,123446,123446,123446,123465,1,302.0,4.714285714285714
chr13p,strong,123635,123635,123635,123654,1,302.0,3.0
chr13p,strong,123793,123793,123793,123812,1,302.0,3.4444444444444446
chr13p,strong,125731,125731,125731,125750,1,302.0,3.4444444444444446
chr13p,strong,125892,125892,125892,125911,1,302.0,4.0
chr13p,strong,126058,126058,126058,126077,1,302.0,4.714285714285714
chr13p,strong,126243,126243,126243,126262,1,302.0,4.714285714285714
chr13p,strong,126451,126451,126451,126470,1,302.0,4.714285714285714
chr13p,strong,126613,126613,126613,126632,1,302.0,4.714285714285714
chr13p,strong,126783,126783,126783,126802,1,302.0,3.0
chr13p,strong,126953,126953,126953,126972,1,302.0,5.666666666666667
chr13p,strong,127142,127156,127142,127175,15,302.0,2.8114478114478114
chr13p,strong,127334,127334,127334,127353,1,302.0,4.0
chr13p,strong,127514,127514,127514,127533,1,302.0,2.6363636363636362
chr13p,strong,129035,129035,129035,129054,1,302.0,3.4444444444444446
chr13p,strong,129238,129238,129238,129257,1,302.0,3.4444444444444446
chr13p,strong,129870,129870,129870,129889,1,302.0,3.0
chr13p,strong,130040,130040,130040,130059,1,302.0,2.6363636363636362
chr13p,strong,130237,130237,130237,130256,1,302.0,4.0
chr13p,strong,130407,130407,130407,130426,1,302.0,3.0
chr13p,strong,130577,130577,130577,130596,1,302.0,3.4444444444444446
chr13p,strong,130782,130782,130782,130801,1,302.0,4.0
chr13p,strong,134532,134532,134532,134551,1,302.0,4.0
chr13p,strong,134738,134738,134738,134757,1,302.0,3.0
chr13p,strong,134922,134922,134922,134941,1,302.0,3.4444444444444446
chr13p,strong,135080,135080,135080,135099,1,302.0,4.0
chr13p,strong,135264,135264,135264,135283,1,302.0,3.4444444444444446
chr13p,strong,135439,135439,135439,135458,1,302.0,4.714285714285714
chr13p,strong,135628,135628,135628,135647,1,302.0,3.4444444444444446
chr13p,strong,139015,139015,139015,139034,1,302.0,5.666666666666667
chr13p,strong,140515,140515,140515,140534,1,302.0,5.666666666666667
chr13p,strong,140694,140694,140694,140713,1,302.0,4.714285714285714
chr13p,strong,140883,140883,140883,140902,1,302.0,2.6363636363636362
chr13p,strong,141072,141072,141072,141091,1,302.0,3.4444444444444446
chr13p,strong,143137,143137,143137,143156,1,302.0,5.666666666666667
chr13p,strong,144637,144637,144637,144656,1,302.0,5.666666666666667
chr13p,strong,144816,144816,144816,144835,1,302.0,4.714285714285714
chr13p,strong,144986,144986,144986,145005,1,302.0,3.0
chr13p,strong,147548,147548,147548,147567,1,302.0,5.666666666666667
chr13p,strong,150908,150908,150908,150927,1,302.0,4.0
chr13p,strong,151092,151092,151092,151111,1,302.0,4.0
chr13p,strong,151286,151286,151286,151305,1,302.0,3.4444444444444446
chr13p,strong,157200,157200,157200,157219,1,302.0,3.0
chr13p,strong,157384,157384,157384,157403,1,302.0,4.0
chr13p,strong,157568,157568,157568,157587,1,302.0,3.0
chr13p,strong,158642,158642,158642,158661,1,302.0,3.4444444444444446
chr13p,strong,158863,158863,158863,158882,1,302.0,4.714285714285714
chr13p,strong,160870,160870,160870,160889,1,302.0,4.0
chr13p,strong,161059,161059,161059,161078,1,302.0,3.4444444444444446
chr13p,strong,161298,161298,161298,161317,1,302.0,2.3333333333333335
chr13p,strong,165537,165537,165537,165556,1,302.0,3.0
chr13p,strong,165735,165735,165735,165754,1,302.0,3.4444444444444446
chr13p,strong,165956,165956,165956,165975,1,302.0,4.714285714285714
chr13p,strong,167982,167982,167982,168001,1,302.0,4.714285714285714
chr13p,strong,168152,168152,168152,168171,1,302.0,3.4444444444444446
chr13p,strong,168391,168391,168391,168410,1,302.0,2.3333333333333335
chr13p,strong,168594,168594,168594,168613,1,302.0,3.4444444444444446
chr13p,strong,168797,168797,168797,168816,1,302.0,2.6363636363636362
chr13p,strong,168967,168967,168967,168986,1,302.0,3.0
chr13p,strong,169183,169183,169183,169202,1,302.0,3.4444444444444446
chr13p,strong,169353,169353,169353,169372,1,302.0,3.0
chr13p,strong,174004,174004,174004,174023,1,302.0,4.0
chr13p,strong,174193,174193,174193,174212,1,302.0,4.714285714285714
chr13p,strong,174400,174400,174400,174419,1,302.0,3.4444444444444446
chr13p,strong,175373,175373,175373,175392,1,302.0,2.6363636363636362
chr13p,strong,175562,175562,175562,175581,1,302.0,4.714285714285714
chr13p,strong,175732,175732,175732,175751,1,302.0,2.6363636363636362
chr13p,strong,184308,184308,184308,184327,1,302.0,4.714285714285714
chr13p,strong,184520,184520,184520,184539,1,302.0,4.0
chr13p,strong,184723,184723,184723,184742,1,302.0,2.6363636363636362
chr13p,strong,184921,184921,184921,184940,1,302.0,4.714285714285714
chr13p,strong,185133,185133,185133,185152,1,302.0,3.4444444444444446
chr13p,strong,187236,187236,187236,187255,1,302.0,3.4444444444444446
chr13p,strong,187458,187458,187458,187477,1,302.0,2.6363636363636362
chr13p,strong,187661,187661,187661,187680,1,302.0,4.0
chr13p,strong,187896,187896,187896,187915,1,302.0,4.714285714285714
chr13p,strong,188132,188146,188132,188165,15,302.0,3.1717171717171713
chr13p,strong,188349,188349,188349,188368,1,302.0,3.0
chr13p,strong,188538,188538,188538,188557,1,302.0,3.4444444444444446
chr13p,strong,190555,190555,190555,190574,1,302.0,4.714285714285714
chr13p,strong,190767,190767,190767,190786,1,302.0,4.0
chr13p,strong,190970,190970,190970,190989,1,302.0,2.6363636363636362
chr13p,strong,191168,191168,191168,191187,1,302.0,4.714285714285714
chr13p,strong,191380,191380,191380,191399,1,302.0,3.4444444444444446
chr13p,strong,193483,193483,193483,193502,1,302.0,3.4444444444444446
chr13p,strong,193705,193705,193705,193724,1,302.0,2.6363636363636362
chr13p,strong,193908,193908,193908,193927,1,302.0,4.0
chr13p,strong,194143,194143,194143,194162,1,302.0,4.714285714285714
chr13p,strong,194379,194393,194379,194412,15,302.0,3.1717171717171713
chr13p,strong,194596,194596,194596,194615,1,302.0,3.0
chr13p,strong,194785,194785,194785,194804,1,302.0,3.4444444444444446
chr13p,strong,196486,196486,196486,196505,1,302.0,3.4444444444444446
chr13p,strong,196708,196708,196708,196727,1,302.0,2.6363636363636362
chr13p,strong,196934,196934,196934,196953,1,302.0,4.0
chr13p,strong,197146,197146,197146,197165,1,302.0,4.714285714285714
chr13p,strong,197349,197349,197349,197368,1,302.0,4.0
chr13p,strong,197552,197552,197552,197571,1,302.0,4.0
chr13p,strong,197741,197741,197741,197760,1,302.0,3.4444444444444446
chr13p,strong,197920,197920,197920,197939,1,302.0,4.714285714285714
chr13p,strong,198109,198109,198109,198128,1,302.0,3.0
chr13p,strong,198293,198293,198293,198312,1,302.0,4.714285714285714
chr13p,strong,200375,200375,200375,200394,1,302.0,3.0
chr13p,strong,200532,200532,200532,200551,1,302.0,4.714285714285714
chr13p,strong,200717,200717,200717,200736,1,302.0,4.714285714285714
chr13p,strong,200906,200906,200906,200925,1,302.0,5.666666666666667
chr13p,strong,201773,201773,201773,201792,1,302.0,4.714285714285714
chr13p,strong,204622,204622,204622,204641,1,302.0,4.714285714285714
chr13p,strong,204820,204820,204820,204839,1,302.0,2.6363636363636362
chr13p,strong,205037,205037,205037,205056,1,302.0,2.6363636363636362
chr13p,strong,205235,205235,205235,205254,1,302.0,4.714285714285714
chr13p,strong,205447,205447,205447,205466,1,302.0,3.4444444444444446
chr13p,strong,209739,209739,209739,209758,1,302.0,4.714285714285714
chr13p,strong,209937,209937,209937,209956,1,302.0,2.6363636363636362
chr13p,strong,210154,210154,210154,210173,1,302.0,2.6363636363636362
chr13p,strong,210352,210352,210352,210371,1,302.0,4.714285714285714
chr13p,strong,210564,210564,210564,210583,1,302.0,3.4444444444444446
chr13p,strong,212667,212667,212667,212686,1,302.0,3.4444444444444446
chr13p,strong,212889,212889,212889,212908,1,302.0,2.6363636363636362
chr13p,strong,213092,213092,213092,213111,1,302.0,4.0
chr13p,strong,213327,213327,213327,213346,1,302.0,4.714285714285714
chr13p,strong,213572,213572,213572,213591,1,302.0,3.4444444444444446
chr13p,strong,213780,213780,213780,213799,1,302.0,3.0
chr13p,strong,213987,213987,213987,214006,1,302.0,4.0
chr13p,strong,215670,215670,215670,215689,1,302.0,3.4444444444444446
chr13p,strong,215892,215892,215892,215911,1,302.0,2.6363636363636362
chr13p,strong,216095,216095,216095,216114,1,302.0,4.0
chr13p,strong,216330,216330,216330,216349,1,302.0,4.714285714285714
chr13p,strong,216566,216580,216566,216599,15,302.0,3.1717171717171713
chr13p,strong,216783,216783,216783,216802,1,302.0,3.0
chr13p,strong,216972,216972,216972,216991,1,302.0,3.4444444444444446
chr13p,strong,218673,218673,218673,218692,1,302.0,3.4444444444444446
chr13p,strong,218895,218895,218895,218914,1,302.0,2.6363636363636362
chr13p,strong,219121,219121,219121,219140,1,302.0,4.0
chr13p,strong,219333,219333,219333,219352,1,302.0,4.714285714285714
chr13p,strong,219536,219536,219536,219555,1,302.0,4.0
chr13p,strong,219739,219739,219739,219758,1,302.0,4.0
chr13p,strong,219928,219928,219928,219947,1,302.0,3.4444444444444446
chr13p,strong,220126,220126,220126,220145,1,302.0,4.714285714285714
chr13p,strong,220287,220296,220287,220315,10,302.0,2.8707070707070708
chr13p,strong,220454,220454,220454,220473,1,302.0,3.4444444444444446
chr13p,strong,220610,220610,220610,220629,1,302.0,4.714285714285714
chr13p,strong,222719,222719,222719,222738,1,302.0,4.714285714285714
chr13p,strong,222890,222890,222890,222909,1,302.0,4.714285714285714
chr13p,strong,223061,223061,223061,223080,1,302.0,3.0
chr13p,strong,223241,223241,223241,223260,1,302.0,4.0
chr13p,strong,223420,223420,223420,223439,1,302.0,2.6363636363636362
chr13p,strong,223614,223614,223614,223633,1,302.0,5.666666666666667
chr13p,strong,223798,223798,223798,223817,1,302.0,2.6363636363636362
chr13p,strong,223987,223987,223987,224006,1,302.0,4.714285714285714
chr13p,strong,224171,224171,224171,224190,1,302.0,2.6363636363636362
chr13p,strong,227040,227040,227040,227059,1,302.0,3.4444444444444446
chr13p,strong,227216,227216,227216,227235,1,302.0,4.714285714285714
chr13p,strong,230805,230805,230805,230824,1,302.0,4.714285714285714
chr13p,strong,230975,230975,230975,230994,1,302.0,4.714285714285714
chr13p,strong,231163,231163,231163,231182,1,302.0,2.6363636363636362
chr13p,strong,232526,232526,232526,232545,1,302.0,3.4444444444444446
chr13p,strong,232710,232710,232710,232729,1,302.0,4.714285714285714
chr13p,strong,232895,232895,232895,232914,1,302.0,4.0
chr13p,strong,233069,233069,233069,233088,1,302.0,4.714285714285714
chr13p,strong,236380,236380,236380,236399,1,302.0,2.6363636363636362
chr13p,strong,236562,236562,236562,236581,1,302.0,7.0
chr13p,strong,236718,236718,236718,236737,1,302.0,3.0
chr13p,strong,237613,237613,237613,237632,1,302.0,3.0
chr13p,strong,237765,237784,237765,237803,20,302.0,3.0464646464646465
chr13p,strong,237959,237959,237959,237978,1,302.0,5.666666666666667
chr13p,strong,238129,238129,238129,238148,1,302.0,4.0
chr13p,strong,238291,238291,238291,238310,1,302.0,2.6363636363636362
chr13p,strong,238484,238484,238484,238503,1,302.0,4.0
chr13p,strong,239005,239005,239005,239024,1,302.0,2.6363636363636362
chr13p,strong,239203,239203,239203,239222,1,302.0,5.666666666666667
chr13p,strong,240640,240640,240640,240659,1,302.0,3.4444444444444446
chr13p,strong,240828,240828,240828,240847,1,302.0,4.0
chr13p,strong,241004,241004,241004,241023,1,302.0,3.4444444444444446
chr13p,strong,241193,241193,241193,241212,1,302.0,4.0
chr13p,strong,243417,243417,243417,243436,1,302.0,3.4444444444444446
chr13p,strong,243606,243606,243606,243625,1,302.0,3.0
chr13p,strong,243786,243786,243786,243805,1,302.0,2.6363636363636362
chr13p,strong,243975,243975,243975,243994,1,302.0,3.4444444444444446
chr13p,strong,245919,245919,245919,245938,1,302.0,3.0
chr13p,strong,246113,246113,246113,246132,1,302.0,3.0
chr13p,strong,246287,246287,246287,246306,1,302.0,3.4444444444444446
chr13p,strong,246490,246490,246490,246509,1,302.0,2.6363636363636362
chr13p,strong,248341,248341,248341,248360,1,302.0,3.4444444444444446
chr13p,strong,248511,248511,248511,248530,1,302.0,4.714285714285714
chr13p,strong,250093,250093,250093,250112,1,302.0,4.0
chr13p,strong,250263,250263,250263,250282,1,302.0,2.6363636363636362
chr13p,strong,250448,250448,250448,250467,1,302.0,5.666666666666667
chr13p,strong,250618,250618,250618,250637,1,302.0,2.3333333333333335
chr13p,strong,251587,251587,251587,251606,1,302.0,4.714285714285714
chr13p,strong,251812,251812,251812,251831,1,302.0,4.714285714285714
chr13p,strong,252024,252024,252024,252043,1,302.0,3.4444444444444446
chr13p,strong,252204,252204,252204,252223,1,302.0,3.4444444444444446
chr13p,strong,252388,252388,252388,252407,1,302.0,4.0
chr13p,strong,252563,252563,252563,252582,1,302.0,4.714285714285714
chr13p,strong,252752,252752,252752,252771,1,302.0,3.0
chr13p,strong,252936,252936,252936,252955,1,302.0,4.714285714285714
chr13p,strong,257641,257641,257641,257660,1,302.0,3.0
chr13p,strong,257830,257830,257830,257849,1,302.0,3.4444444444444446
chr13p,strong,259393,259393,259393,259412,1,302.0,4.714285714285714
chr13p,strong,259596,259596,259596,259615,1,302.0,3.0
chr13p,strong,259766,259766,259766,259785,1,302.0,3.4444444444444446
chr13p,strong,259955,259955,259955,259974,1,302.0,5.666666666666667
chr13p,strong,260122,260122,260122,260141,1,302.0,2.3333333333333335
chr13p,strong,261062,261062,261062,261081,1,302.0,4.714285714285714
chr13p,strong,261265,261265,261265,261284,1,302.0,3.4444444444444446
chr13p,strong,261471,261471,261471,261490,1,302.0,4.0
chr13p,strong,261693,261693,261693,261712,1,302.0,3.4444444444444446
chr13p,strong,261863,261877,261863,261896,15,302.0,3.962962962962963
chr13p,strong,262052,262052,262052,262071,1,302.0,4.714285714285714
chr13p,strong,262241,262241,262241,262260,1,302.0,3.4444444444444446
chr13p,strong,262430,262430,262430,262449,1,302.0,4.714285714285714
chr13p,strong,262655,262655,262655,262674,1,302.0,4.0
chr13p,strong,262849,262849,262849,262868,1,302.0,3.0
chr13p,strong,263019,263019,263019,263038,1,302.0,3.4444444444444446
chr13p,strong,263184,263184,263184,263203,1,302.0,4.714285714285714
chr13p,strong,263359,263359,263359,263378,1,302.0,3.4444444444444446
chr13p,strong,265247,265247,265247,265266,1,302.0,3.4444444444444446
chr13p,strong,266398,266398,266398,266417,1,302.0,3.0
chr13p,strong,266601,266601,266601,266620,1,302.0,3.4444444444444446
chr13p,strong,266800,266800,266800,266819,1,302.0,4.714285714285714
chr13p,strong,267008,267008,267008,267027,1,302.0,3.0
chr13p,strong,267202,267202,267202,267221,1,302.0,5.666666666666667
chr13p,strong,267414,267414,267414,267433,1,302.0,4.0
chr13p,strong,267584,267584,267584,267603,1,302.0,3.4444444444444446
chr13p,strong,267787,267787,267787,267806,1,302.0,4.0
chr13p,strong,268004,268004,268004,268023,1,302.0,3.0
chr13p,strong,268194,268194,268194,268213,1,302.0,4.0
chr13p,strong,268383,268383,268383,268402,1,302.0,4.0
chr13p,strong,268563,268563,268563,268582,1,302.0,3.4444444444444446
chr13p,strong,268720,268720,268720,268739,1,302.0,3.0
chr13p,strong,268880,268880,268880,268899,1,302.0,3.0
chr13p,strong,269038,269038,269038,269057,1,302.0,3.0
chr13p,strong,269241,269241,269241,269260,1,302.0,4.714285714285714
chr13p,strong,269479,269479,269479,269498,1,302.0,3.4444444444444446
chr13p,strong,269658,269682,269658,269701,25,302.0,3.5504761904761906
chr13p,strong,269885,269885,269885,269904,1,302.0,4.0
chr13p,strong,270073,270073,270073,270092,1,302.0,4.0
chr13p,strong,270248,270248,270248,270267,1,302.0,3.4444444444444446
chr13p,strong,270428,270428,270428,270447,1,302.0,3.4444444444444446
chr13p,strong,270617,270617,270617,270636,1,302.0,3.4444444444444446
chr13p,strong,271349,271349,271349,271368,1,302.0,3.4444444444444446
chr13p,strong,271538,271538,271538,271557,1,302.0,4.0
chr13p,strong,272256,272256,272256,272275,1,302.0,3.4444444444444446
chr13p,strong,272459,272459,272459,272478,1,302.0,5.666666666666667
chr13p,strong,272676,272676,272676,272695,1,302.0,4.0
chr13p,strong,272873,272873,272873,272892,1,302.0,3.4444444444444446
chr13p,strong,273078,273078,273078,273097,1,302.0,4.0
chr13p,strong,273277,273277,273277,273296,1,302.0,5.666666666666667
chr13p,strong,273447,273447,273447,273466,1,302.0,3.4444444444444446
chr13p,strong,273627,273627,273627,273646,1,302.0,3.0
chr13p,strong,273797,273797,273797,273816,1,302.0,4.0
chr13p,strong,274922,274922,274922,274941,1,302.0,3.4444444444444446
chr13p,strong,275125,275125,275125,275144,1,302.0,3.0
chr13p,strong,275320,275320,275320,275339,1,302.0,3.4444444444444446
chr13p,strong,275505,275505,275505,275524,1,302.0,3.0
chr13p,strong,276670,276670,276670,276689,1,302.0,3.0
chr13p,strong,276873,276873,276873,276892,1,302.0,3.4444444444444446
chr13p,strong,277072,277072,277072,277091,1,302.0,4.714285714285714
chr13p,strong,277280,277280,277280,277299,1,302.0,3.0
chr13p,strong,277474,277474,277474,277493,1,302.0,5.666666666666667
chr13p,strong,277686,277686,277686,277705,1,302.0,4.0
chr13p,strong,277856,277856,277856,277875,1,302.0,3.4444444444444446
chr13p,strong,278059,278059,278059,278078,1,302.0,4.0
chr13p,strong,278276,278276,278276,278295,1,302.0,3.0
chr13p,strong,278466,278466,278466,278485,1,302.0,4.0
chr13p,strong,278655,278655,278655,278674,1,302.0,4.0
chr13p,strong,278835,278835,278835,278854,1,302.0,3.4444444444444446
chr13p,strong,278992,278992,278992,279011,1,302.0,3.0
chr13p,strong,279152,279152,279152,279171,1,302.0,3.0
chr13p,strong,279310,279310,279310,279329,1,302.0,3.0
chr13p,strong,279513,279513,279513,279532,1,302.0,4.714285714285714
chr13p,strong,279751,279751,279751,279770,1,302.0,3.4444444444444446
chr13p,strong,279930,279954,279930,279973,25,302.0,3.5504761904761906
chr13p,strong,280157,280157,280157,280176,1,302.0,4.0
chr13p,strong,280345,280345,280345,280364,1,302.0,4.0
chr13p,strong,280520,280520,280520,280539,1,302.0,3.4444444444444446
chr13p,strong,280700,280700,280700,280719,1,302.0,3.4444444444444446
chr13p,strong,280889,280889,280889,280908,1,302.0,3.4444444444444446
chr13p,strong,282731,282731,282731,282750,1,302.0,5.666666666666667
chr13p,strong,282948,282948,282948,282967,1,302.0,4.0
chr13p,strong,283145,283145,283145,283164,1,302.0,3.4444444444444446
chr13p,strong,283350,283350,283350,283369,1,302.0,4.0
chr13p,strong,283549,283549,283549,283568,1,302.0,5.666666666666667
chr13p,strong,283719,283719,283719,283738,1,302.0,3.4444444444444446
chr13p,strong,283899,283899,283899,283918,1,302.0,3.0
chr13p,strong,284069,284069,284069,284088,1,302.0,4.0
chr13p,strong,284978,284978,284978,284997,1,302.0,4.714285714285714
chr13p,strong,285181,285181,285181,285200,1,302.0,4.0
chr13p,strong,285368,285368,285368,285387,1,302.0,4.714285714285714
chr13p,strong,285566,285571,285566,285590,6,302.0,3.1481481481481484
chr13p,strong,285760,285760,285760,285779,1,302.0,3.0
chr13p,strong,285953,285953,285953,285972,1,302.0,4.0
chr13p,strong,286340,286340,286340,286359,1,302.0,3.4444444444444446
chr13p,strong,286543,286543,286543,286562,1,302.0,3.0
chr13p,strong,286733,286733,286733,286752,1,302.0,4.0
chr13p,strong,286913,286913,286913,286932,1,302.0,3.4444444444444446
chr13p,strong,288176,288195,288176,288214,20,302.0,3.5888888888888886
chr13p,strong,288384,288384,288384,288403,1,302.0,3.4444444444444446
chr13p,strong,288592,288592,288592,288611,1,302.0,4.0
chr13p,strong,288814,288814,288814,288833,1,302.0,5.666666666666667
chr13p,strong,288990,288990,288990,289009,1,302.0,4.0
chr13p,strong,289349,289349,289349,289368,1,302.0,3.4444444444444446
chr13p,strong,289552,289552,289552,289571,1,302.0,3.4444444444444446
chr13p,strong,289742,289742,289742,289761,1,302.0,4.0
chr13p,strong,289941,289941,289941,289960,1,302.0,5.666666666666667
chr13p,strong,290111,290111,290111,290130,1,302.0,3.4444444444444446
chr13p,strong,291596,291596,291596,291615,1,302.0,4.0
chr13p,strong,291779,291779,291779,291798,1,302.0,3.4444444444444446
chr13p,strong,291982,291982,291982,292001,1,302.0,3.4444444444444446
chr13p,strong,292197,292197,292197,292216,1,302.0,5.666666666666667
chr13p,strong,292373,292373,292373,292392,1,302.0,4.0
chr13p,strong,292732,292732,292732,292751,1,302.0,3.4444444444444446
chr13p,strong,292935,292935,292935,292954,1,302.0,3.0
chr13p,strong,293130,293130,293130,293149,1,302.0,4.714285714285714
chr13p,strong,293324,293324,293324,293343,1,302.0,5.666666666666667
chr13p,strong,293495,293495,293495,293514,1,302.0,3.4444444444444446
chr13p,strong,293665,293665,293665,293684,1,302.0,3.4444444444444446
chr13p,strong,294973,294973,294973,294992,1,302.0,4.0
chr13p,strong,295162,295162,295162,295181,1,302.0,3.4444444444444446
chr13p,strong,295365,295365,295365,295384,1,302.0,3.4444444444444446
chr13p,strong,295580,295580,295580,295599,1,302.0,5.666666666666667
chr13p,strong,295756,295756,295756,295775,1,302.0,4.0
chr13p,strong,296115,296115,296115,296134,1,302.0,3.4444444444444446
chr13p,strong,296318,296318,296318,296337,1,302.0,3.0
chr13p,strong,296513,296513,296513,296532,1,302.0,4.714285714285714
chr13p,strong,296707,296707,296707,296726,1,302.0,5.666666666666667
chr13p,strong,296878,296878,296878,296897,1,302.0,3.4444444444444446
chr13p,strong,297048,297048,297048,297067,1,302.0,3.4444444444444446
chr13p,strong,298769,298769,298769,298788,1,302.0,4.714285714285714
chr13p,strong,298963,298963,298963,298982,1,302.0,5.666666666666667
chr13p,strong,299134,299134,299134,299153,1,302.0,3.4444444444444446
chr13p,strong,299498,299498,299498,299517,1,302.0,3.4444444444444446
chr13p,strong,301058,301058,301058,301077,1,302.0,2.6363636363636362
chr13p,strong,301247,301247,301247,301266,1,302.0,5.666666666666667
chr13p,strong,301447,301447,301447,301466,1,302.0,3.4444444444444446
chr13p,strong,302871,302871,302871,302890,1,302.0,3.0
chr13p,strong,303074,303074,303074,303093,1,302.0,3.4444444444444446
chr13p,strong,304722,304722,304722,304741,1,302.0,4.0
chr13p,strong,304924,304924,304924,304943,1,302.0,3.0
chr13p,strong,305122,305122,305122,305141,1,302.0,3.4444444444444446
chr13p,strong,305827,305827,305827,305846,1,302.0,4.0
chr13p,strong,306016,306016,306016,306035,1,302.0,3.4444444444444446
chr13p,strong,306210,306210,306210,306229,1,302.0,4.0
chr13p,strong,307345,307345,307345,307364,1,302.0,3.4444444444444446
chr13p,strong,307534,307534,307534,307553,1,302.0,4.714285714285714
chr13p,strong,307724,307724,307724,307743,1,302.0,3.0
chr13p,strong,309172,309172,309172,309191,1,302.0,3.4444444444444446
chr13p,strong,309375,309375,309375,309394,1,302.0,3.4444444444444446
chr13p,strong,309564,309564,309564,309583,1,302.0,4.0
chr13p,strong,309739,309739,309739,309758,1,302.0,3.0
chr13p,strong,311604,311604,311604,311623,1,302.0,3.0
chr13p,strong,312900,312900,312900,312919,1,302.0,4.0
chr13p,strong,313089,313089,313089,313108,1,302.0,4.0
chr13p,strong,315359,315359,315359,315378,1,302.0,3.4444444444444446
chr13p,strong,315548,315548,315548,315567,1,302.0,4.714285714285714
chr13p,strong,315737,315737,315737,315756,1,302.0,3.0
chr13p,strong,315908,315908,315908,315927,1,302.0,4.0
chr13p,strong,316092,316092,316092,316111,1,302.0,3.0
chr13p,strong,318093,318093,318093,318112,1,302.0,3.0
chr13p,strong,318259,318259,318259,318278,1,302.0,3.4444444444444446
chr13p,strong,318453,318453,318453,318472,1,302.0,3.4444444444444446
chr13p,strong,319192,319192,319192,319211,1,302.0,3.4444444444444446
chr13p,strong,319350,319350,319350,319369,1,302.0,2.6363636363636362
chr13p,strong,319520,319520,319520,319539,1,302.0,5.666666666666667
chr13p,strong,319709,319709,319709,319728,1,302.0,3.0
chr13p,strong,320606,320606,320606,320625,1,302.0,3.0
chr13p,strong,320790,320790,320790,320809,1,302.0,3.4444444444444446
chr13p,strong,320975,320975,320975,320994,1,302.0,5.666666666666667
chr13p,strong,322851,322887,322851,322906,37,302.0,5.3989703989704
chr13p,strong,323104,323104,323104,323123,1,302.0,4.0
chr13p,strong,323293,323293,323293,323312,1,302.0,4.714285714285714
chr13p,strong,323463,323463,323463,323482,1,302.0,2.6363636363636362
chr13p,strong,327113,327113,327113,327132,1,302.0,2.6363636363636362
chr13p,strong,328134,328134,328134,328153,1,302.0,3.0
chr13p,strong,331143,331143,331143,331162,1,302.0,3.0
chr13p,strong,335182,335182,335182,335201,1,302.0,3.4444444444444446
chr13p,strong,335385,335385,335385,335404,1,302.0,3.4444444444444446
chr13p,strong,335574,335574,335574,335593,1,302.0,4.0
chr13p,strong,337444,337444,337444,337463,1,302.0,2.6363636363636362
chr13p,strong,337614,337614,337614,337633,1,302.0,3.0
chr13p,strong,338910,338910,338910,338929,1,302.0,4.0
chr13p,strong,339099,339099,339099,339118,1,302.0,4.0
chr13p,strong,341369,341369,341369,341388,1,302.0,3.4444444444444446
chr13p,strong,341558,341558,341558,341577,1,302.0,4.714285714285714
chr13p,strong,341747,341747,341747,341766,1,302.0,3.4444444444444446
chr13p,strong,341931,341931,341931,341950,1,302.0,4.0
chr13p,strong,342102,342102,342102,342121,1,302.0,3.0
chr13p,strong,343986,343986,343986,344005,1,302.0,3.4444444444444446
chr13p,strong,344152,344152,344152,344171,1,302.0,3.4444444444444446
chr13p,strong,344345,344345,344345,344364,1,302.0,3.0
chr13p,strong,344534,344534,344534,344553,1,302.0,3.4444444444444446
chr13p,strong,345665,345665,345665,345684,1,302.0,3.4444444444444446
chr13p,strong,345854,345854,345854,345873,1,302.0,4.714285714285714
chr13p,strong,346043,346043,346043,346062,1,302.0,3.0
chr13p,strong,346200,346200,346200,346219,1,302.0,4.0
chr13p,strong,346389,346389,346389,346408,1,302.0,3.0
chr13p,strong,346868,346868,346868,346887,1,302.0,4.714285714285714
chr13p,strong,347057,347057,347057,347076,1,302.0,2.6363636363636362
chr13p,strong,347241,347241,347241,347260,1,302.0,4.0
chr13p,strong,349431,349431,349431,349450,1,302.0,3.0
chr13p,strong,349615,349615,349615,349634,1,302.0,3.4444444444444446
chr13p,strong,349800,349800,349800,349819,1,302.0,5.666666666666667
chr13p,strong,351932,351932,351932,351951,1,302.0,3.0
chr13p,strong,352098,352098,352098,352117,1,302.0,3.4444444444444446
chr13p,strong,352292,352292,352292,352311,1,302.0,3.4444444444444446
chr13p,strong,354067,354067,354067,354086,1,302.0,3.0
chr13p,strong,354251,354251,354251,354270,1,302.0,3.4444444444444446
chr13p,strong,354436,354436,354436,354455,1,302.0,5.666666666666667
chr13p,strong,356109,356109,356109,356128,1,302.0,2.6363636363636362
chr13p,strong,356312,356348,356312,356367,37,302.0,5.3989703989704
chr13p,strong,356565,356565,356565,356584,1,302.0,3.4444444444444446
chr13p,strong,356754,356754,356754,356773,1,302.0,4.714285714285714
chr13p,strong,356924,356924,356924,356943,1,302.0,2.6363636363636362
chr13p,strong,357628,357628,357628,357647,1,302.0,2.6363636363636362
chr13p,strong,357798,357798,357798,357817,1,302.0,5.666666666666667
chr13p,strong,357968,357968,357968,357987,1,302.0,3.0
chr13p,strong,360579,360579,360579,360598,1,302.0,2.6363636363636362
chr13p,strong,364604,364604,364604,364623,1,302.0,3.0
chr13p,strong,369980,369980,369980,369999,1,302.0,3.0
chr13p,strong,372772,372772,372772,372791,1,302.0,4.0
chr13p,strong,372948,372948,372948,372967,1,302.0,3.0
chr13p,strong,373137,373137,373137,373156,1,302.0,4.0
chr13p,strong,373307,373307,373307,373326,1,302.0,3.4444444444444446
chr13p,strong,383546,383546,383546,383565,1,302.0,3.0
chr13p,strong,384992,384992,384992,385011,1,302.0,2.076923076923077
chr13p,strong,385189,385189,385189,385208,1,302.0,4.0
chr13p,strong,385378,385378,385378,385397,1,302.0,3.0
chr13p,strong,385553,385553,385553,385572,1,302.0,3.0
chr13p,strong,385742,385742,385742,385761,1,302.0,3.4444444444444446
chr13p,strong,385912,385912,385912,385931,1,302.0,3.0
chr13p,strong,386101,386101,386101,386120,1,302.0,4.714285714285714
chr13p,strong,386290,386290,386290,386309,1,302.0,3.0
chr13p,strong,386474,386474,386474,386493,1,302.0,4.0
chr13p,strong,387542,387542,387542,387561,1,302.0,4.714285714285714
chr13p,strong,387764,387764,387764,387783,1,302.0,2.6363636363636362
chr13p,strong,388447,388447,388447,388466,1,302.0,4.0
chr13p,strong,388617,388617,388617,388636,1,302.0,3.4444444444444446
chr13p,strong,388797,388797,388797,388816,1,302.0,3.0
chr13p,strong,389484,389484,389484,389503,1,302.0,4.0
chr13p,strong,389673,389673,389673,389692,1,302.0,2.6363636363636362
chr13p,strong,389893,389893,389893,389912,1,302.0,4.0
chr13p,strong,390082,390082,390082,390101,1,302.0,3.0
chr13p,strong,390266,390266,390266,390285,1,302.0,3.0
chr13p,strong,391325,391325,391325,391344,1,302.0,4.714285714285714
chr13p,strong,391509,391509,391509,391528,1,302.0,2.6363636363636362
chr13p,strong,391679,391679,391679,391698,1,302.0,5.666666666666667
chr13p,strong,391849,391849,391849,391868,1,302.0,2.6363636363636362
chr13p,strong,392019,392019,392019,392038,1,302.0,4.0
chr13p,strong,392170,392170,392170,392189,1,302.0,3.4444444444444446
chr13p,strong,392340,392340,392340,392359,1,302.0,3.0
chr13p,strong,392483,392483,392483,392502,1,302.0,4.0
chr13p,strong,392653,392653,392653,392672,1,302.0,3.4444444444444446
chr13p,strong,392823,392823,392823,392842,1,302.0,3.0
chr13p,strong,393012,393012,393012,393031,1,302.0,4.0
chr13p,strong,394458,394458,394458,394477,1,302.0,3.0
chr13p,strong,394647,394647,394647,394666,1,302.0,5.666666666666667
chr13p,strong,394860,394860,394860,394879,1,302.0,2.6363636363636362
chr13p,strong,395132,395132,395132,395151,1,302.0,4.0
chr13p,strong,395302,395302,395302,395321,1,302.0,3.4444444444444446
chr13p,strong,395510,395510,395510,395529,1,302.0,3.4444444444444446
chr13p,strong,399458,399458,399458,399477,1,302.0,3.4444444444444446
chr13p,strong,399647,399647,399647,399666,1,302.0,3.4444444444444446
chr13p,strong,399821,399821,399821,399840,1,302.0,3.0
chr13p,strong,399996,399996,399996,400015,1,302.0,3.4444444444444446
chr13p,strong,400180,400180,400180,400199,1,302.0,3.4444444444444446
chr13p,strong,400350,400350,400350,400369,1,302.0,4.714285714285714
chr13p,strong,407062,407062,407062,407081,1,302.0,3.4444444444444446
chr13p,strong,409212,409212,409212,409231,1,302.0,2.6363636363636362
chr13p,strong,409410,409410,409410,409429,1,302.0,4.714285714285714
chr13p,strong,411853,411853,411853,411872,1,302.0,7.0
chr13p,strong,413517,413517,413517,413536,1,302.0,2.3333333333333335
chr13p,strong,413725,413748,413725,413767,24,302.0,5.240079365079365
chr13p,strong,414511,414511,414511,414530,1,302.0,3.4444444444444446
chr13p,strong,415383,415383,415383,415402,1,302.0,4.714285714285714
chr13p,strong,415598,415598,415598,415617,1,302.0,4.714285714285714
chr13p,strong,415787,415787,415787,415806,1,302.0,4.0
chr13p,strong,415976,415976,415976,415995,1,302.0,3.0
chr13p,strong,416160,416160,416160,416179,1,302.0,3.0
chr13p,strong,417403,417403,417403,417422,1,302.0,2.6363636363636362
chr13p,strong,417592,417592,417592,417611,1,302.0,5.666666666666667
chr13p,strong,417776,417776,417776,417795,1,302.0,2.6363636363636362
chr13p,strong,417965,417965,417965,417984,1,302.0,4.714285714285714
chr13p,strong,419571,419571,419571,419590,1,302.0,3.4444444444444446
chr13p,strong,419793,419793,419793,419812,1,302.0,4.0
chr13p,strong,419982,419982,419982,420001,1,302.0,4.0
chr13p,strong,420185,420185,420185,420204,1,302.0,3.4444444444444446
chr13p,strong,420383,420383,420383,420402,1,302.0,5.666666666666667
chr13p,strong,420876,420876,420876,420895,1,302.0,4.714285714285714
chr13p,strong,423389,423389,423389,423408,1,302.0,4.0
chr13p,strong,423559,423559,423559,423578,1,302.0,4.714285714285714
chr13p,strong,423717,423717,423717,423736,1,302.0,3.4444444444444446
chr13p,strong,423887,423887,423887,423906,1,302.0,4.714285714285714
chr13p,strong,424515,424515,424515,424534,1,302.0,7.0
chr13p,strong,425192,425192,425192,425211,1,302.0,3.0
chr13p,strong,425381,425381,425381,425400,1,302.0,5.666666666666667
chr13p,strong,429043,429043,429043,429062,1,302.0,3.4444444444444446
chr13p,strong,429218,429218,429218,429237,1,302.0,4.0
chr13p,strong,429435,429435,429435,429454,1,302.0,2.6363636363636362
chr13p,strong,431077,431077,431077,431096,1,302.0,3.0
chr13p,strong,431262,431262,431262,431281,1,302.0,4.0
chr13p,strong,431446,431446,431446,431465,1,302.0,3.4444444444444446
chr13p,strong,432101,432101,432101,432120,1,302.0,4.0
chr13p,strong,432276,432276,432276,432295,1,302.0,5.666666666666667
chr13p,strong,432446,432446,432446,432465,1,302.0,3.4444444444444446
chr13p,strong,432616,432616,432616,432635,1,302.0,4.0
chr13p,strong,436970,436970,436970,436989,1,302.0,2.6363636363636362
chr13p,strong,437159,437159,437159,437178,1,302.0,5.666666666666667
chr13p,strong,437343,437343,437343,437362,1,302.0,3.0
chr13p,strong,437532,437532,437532,437551,1,302.0,5.666666666666667
chr13p,strong,437905,437905,437905,437924,1,302.0,5.666666666666667
chr13p,strong,438948,438948,438948,438967,1,302.0,2.6363636363636362
chr13p,strong,439104,439104,439104,439123,1,302.0,3.0
chr13p,strong,439302,439302,439302,439321,1,302.0,4.0
chr13p,strong,439472,439472,439472,439491,1,302.0,3.0
chr13p,strong,443457,443457,443457,443476,1,302.0,3.4444444444444446
chr13p,strong,443622,443622,443622,443641,1,302.0,3.0
chr13p,strong,443797,443797,443797,443816,1,302.0,3.4444444444444446
chr13p,strong,443981,443981,443981,444000,1,302.0,3.4444444444444446
chr13p,strong,444151,444151,444151,444170,1,302.0,4.714285714285714
chr13p,strong,448424,448424,448424,448443,1,302.0,3.4444444444444446
chr13p,strong,448604,448604,448604,448623,1,302.0,4.0
chr13p,strong,449540,449540,449540,449559,1,302.0,3.0
chr13p,strong,451821,451821,451821,451840,1,302.0,2.6363636363636362
chr13p,strong,452010,452010,452010,452029,1,302.0,4.714285714285714
chr13p,strong,452180,452180,452180,452199,1,302.0,3.0
chr13p,strong,452940,452940,452940,452959,1,302.0,4.714285714285714
chr13p,strong,456698,456698,456698,456717,1,302.0,3.0
chr13p,strong,456896,456896,456896,456915,1,302.0,4.0
chr13p,strong,457085,457085,457085,457104,1,302.0,3.4444444444444446
chr13p,strong,458006,458006,458006,458025,1,302.0,4.0
chr13p,strong,474246,474246,474246,474265,1,302.0,2.6363636363636362
chr13p,strong,477715,477715,477715,477734,1,302.0,4.714285714285714
chr13p,strong,477904,477904,477904,477923,1,302.0,3.0
chr13p,strong,479545,479545,479545,479564,1,302.0,2.6363636363636362
chr13p,strong,483014,483014,483014,483033,1,302.0,4.714285714285714
chr13p,strong,483217,483217,483217,483236,1,302.0,2.3333333333333335
chr13p,strong,483406,483406,483406,483425,1,302.0,3.4444444444444446
chr13p,strong,484558,484558,484558,484577,1,302.0,3.0
chr13p,strong,484766,484766,484766,484785,1,302.0,4.0
chr13p,strong,484950,484950,484950,484969,1,302.0,3.0
chr13p,strong,485144,485144,485144,485163,1,302.0,3.4444444444444446
chr13p,strong,487843,487843,487843,487862,1,302.0,4.0
chr13p,strong,488032,488032,488032,488051,1,302.0,3.0
chr13p,strong,492053,492053,492053,492072,1,302.0,2.6363636363636362
chr13p,strong,492242,492242,492242,492261,1,302.0,5.666666666666667
chr13p,strong,495526,495526,495526,495545,1,302.0,2.6363636363636362
chr13p,strong,495702,495702,495702,495721,1,302.0,4.714285714285714
chr13p,strong,495891,495891,495891,495910,1,302.0,2.6363636363636362
chr13p,strong,496061,496061,496061,496080,1,302.0,9.0
chr13p,strong,496231,496231,496231,496250,1,302.0,2.6363636363636362
chr13p,strong,497050,497050,497050,497069,1,302.0,2.6363636363636362
chr13p,strong,497220,497220,497220,497239,1,302.0,2.6363636363636362
chr13p,strong,497575,497575,497575,497594,1,302.0,3.0
chr13p,strong,497892,497892,497892,497911,1,302.0,4.714285714285714
chr13p,strong,498521,498521,498521,498540,1,302.0,3.0
chr13p,strong,498697,498697,498697,498716,1,302.0,4.0
chr13p,weak,2443,2443,2443,2462,1,302.0,1.0
chr13p,weak,3131,3131,3131,3150,1,302.0,1.5
chr13p,weak,3316,3316,3316,3335,1,302.0,1.3529411764705883
chr13p,weak,3505,3505,3505,3524,1,302.0,1.3529411764705883
chr13p,weak,3672,3672,3672,3691,1,302.0,1.3529411764705883
chr13p,weak,3806,3806,3806,3825,1,302.0,1.3529411764705883
chr13p,weak,4093,4093,4093,4112,1,302.0,1.3529411764705883
chr13p,weak,4281,4281,4281,4300,1,302.0,1.5
chr13p,weak,4462,4462,4462,4481,1,302.0,1.3529411764705883
chr13p,weak,4667,4667,4667,4686,1,302.0,1.5
chr13p,weak,4994,4994,4994,5013,1,302.0,1.105263157894737
chr13p,weak,5152,5152,5152,5171,1,302.0,1.2222222222222223
chr13p,weak,5240,5240,5240,5259,1,302.0,1.2222222222222223
chr13p,weak,5329,5329,5329,5348,1,302.0,1.2222222222222223
chr13p,weak,5405,5405,5405,5424,1,302.0,1.5
chr13p,weak,5490,5490,5490,5509,1,302.0,1.5
chr13p,weak,5639,5639,5639,5658,1,302.0,1.5
chr13p,weak,5790,5790,5790,5809,1,302.0,1.8571428571428572
chr13p,weak,5990,5990,5990,6009,1,302.0,1.105263157894737
chr13p,weak,6174,6174,6174,6193,1,302.0,1.8571428571428572
chr13p,weak,6369,6369,6369,6388,1,302.0,1.5
chr13p,weak,6519,6519,6519,6538,1,302.0,1.3529411764705883
chr13p,weak,6683,6683,6683,6702,1,302.0,1.6666666666666667
chr13p,weak,6881,6881,6881,6900,1,302.0,1.6666666666666667
chr13p,weak,7098,7098,7098,7117,1,302.0,1.5
chr13p,weak,7301,7301,7301,7320,1,302.0,1.3529411764705883
chr13p,weak,7493,7493,7493,7512,1,302.0,1.6666666666666667
chr13p,weak,7659,7659,7659,7678,1,302.0,1.2222222222222223
chr13p,weak,7810,7810,7810,7829,1,302.0,1.3529411764705883
chr13p,weak,7951,7951,7951,7970,1,302.0,1.3529411764705883
chr13p,weak,8088,8088,8088,8107,1,302.0,1.6666666666666667
chr13p,weak,8229,8229,8229,8248,1,302.0,1.105263157894737
chr13p,weak,8411,8411,8411,8430,1,302.0,1.2222222222222223
chr13p,weak,8585,8585,8585,8604,1,302.0,1.0
chr13p,weak,8769,8769,8769,8788,1,302.0,1.5
chr13p,weak,8953,8953,8953,8972,1,302.0,1.5
chr13p,weak,9136,9136,9136,9155,1,302.0,1.2222222222222223
chr13p,weak,9264,9264,9264,9283,1,302.0,1.5
chr13p,weak,9406,9406,9406,9425,1,302.0,1.8571428571428572
chr13p,weak,9617,9617,9617,9636,1,302.0,1.3529411764705883
chr13p,weak,9795,9795,9795,9814,1,302.0,1.105263157894737
chr13p,weak,10000,10000,10000,10019,1,302.0,1.2222222222222223
chr13p,weak,10300,10300,10300,10319,1,302.0,1.5
chr13p,weak,10499,10499,10499,10518,1,302.0,1.3529411764705883
chr13p,weak,10689,10689,10689,10708,1,302.0,1.3529411764705883
chr13p,weak,10879,10879,10879,10898,1,302.0,1.3529411764705883
chr13p,weak,11073,11073,11073,11092,1,302.0,1.6666666666666667
chr13p,weak,11261,11261,11261,11280,1,302.0,1.6666666666666667
chr13p,weak,11485,11485,11485,11504,1,302.0,1.3529411764705883
chr13p,weak,11799,11799,11799,11818,1,302.0,1.5
chr13p,weak,11938,11938,11938,11957,1,302.0,1.6666666666666667
chr13p,weak,12079,12079,12079,12098,1,302.0,1.3529411764705883
chr13p,weak,12265,12265,12265,12284,1,302.0,1.3529411764705883
chr13p,weak,12420,12420,12420,12439,1,302.0,1.3529411764705883
chr13p,weak,12581,12581,12581,12600,1,302.0,1.5
chr13p,weak,12759,12759,12759,12778,1,302.0,1.5
chr13p,weak,12962,12962,12962,12981,1,302.0,1.5
chr13p,weak,13179,13179,13179,13198,1,302.0,1.2222222222222223
chr13p,weak,13369,13412,13369,13431,44,302.0,1.607231004289828
chr13p,weak,13572,13572,13572,13591,1,302.0,1.6666666666666667
chr13p,weak,13755,13755,13755,13774,1,302.0,1.0
chr13p,weak,13943,13943,13943,13962,1,302.0,1.5
chr13p,weak,14127,14127,14127,14146,1,302.0,1.5
chr13p,weak,14311,14311,14311,14330,1,302.0,1.2222222222222223
chr13p,weak,14498,14498,14498,14517,1,302.0,2.076923076923077
chr13p,weak,14619,14619,14619,14638,1,302.0,1.2222222222222223
chr13p,weak,14760,14760,14760,14779,1,302.0,1.6666666666666667
chr13p,weak,14811,14811,14811,14830,1,302.0,1.5
chr13p,weak,15003,15003,15003,15022,1,302.0,1.105263157894737
chr13p,weak,15112,15112,15112,15131,1,302.0,1.3529411764705883
chr13p,weak,15194,15194,15194,15213,1,302.0,1.5
chr13p,weak,15468,15468,15468,15487,1,302.0,1.6666666666666667
chr13p,weak,15666,15666,15666,15685,1,302.0,1.5
chr13p,weak,15831,15831,15831,15850,1,302.0,1.5
chr13p,weak,16022,16022,16022,16041,1,302.0,1.3529411764705883
chr13p,weak,16200,16200,16200,16219,1,302.0,1.5
chr13p,weak,16390,16390,16390,16409,1,302.0,1.0
chr13p,weak,16570,16570,16570,16589,1,302.0,1.6666666666666667
chr13p,weak,16757,16757,16757,16776,1,302.0,1.2222222222222223
chr13p,weak,16945,16954,16945,16973,10,302.0,1.3267973856209152
chr13p,weak,17135,17135,17135,17154,1,302.0,1.105263157894737
chr13p,weak,17319,17319,17319,17338,1,302.0,1.2222222222222223
chr13p,weak,17511,17511,17511,17530,1,302.0,1.5
chr13p,weak,17700,17700,17700,17719,1,302.0,1.8571428571428572
chr13p,weak,17765,17765,17765,17784,1,302.0,2.076923076923077
chr13p,weak,18048,18048,18048,18067,1,302.0,1.8571428571428572
chr13p,weak,18145,18145,18145,18164,1,302.0,1.6666666666666667
chr13p,weak,18283,18283,18283,18302,1,302.0,1.6666666666666667
chr13p,weak,18470,18470,18470,18489,1,302.0,1.2222222222222223
chr13p,weak,18638,18638,18638,18657,1,302.0,1.2222222222222223
chr13p,weak,18831,18831,18831,18850,1,302.0,1.8571428571428572
chr13p,weak,19036,19045,19036,19064,10,302.0,1.5186274509803923
chr13p,weak,19224,19224,19224,19243,1,302.0,1.2222222222222223
chr13p,weak,19424,19424,19424,19443,1,302.0,1.8571428571428572
chr13p,weak,19568,19568,19568,19587,1,302.0,1.3529411764705883
chr13p,weak,19947,19947,19947,19966,1,302.0,1.8571428571428572
chr13p,weak,20158,20158,20158,20177,1,302.0,1.5
chr13p,weak,20358,20358,20358,20377,1,302.0,1.3529411764705883
chr13p,weak,20539,20539,20539,20558,1,302.0,1.5
chr13p,weak,20709,20709,20709,20728,1,302.0,1.3529411764705883
chr13p,weak,20882,20882,20882,20901,1,302.0,1.8571428571428572
chr13p,weak,21064,21075,21064,21094,12,302.0,1.4509803921568627
chr13p,weak,21239,21244,21239,21263,6,302.0,1.4264705882352942
chr13p,weak,21402,21402,21402,21421,1,302.0,1.2222222222222223
chr13p,weak,21581,21581,21581,21600,1,302.0,1.105263157894737
chr13p,weak,21743,21743,21743,21762,1,302.0,1.6666666666666667
chr13p,weak,21972,21972,21972,21991,1,302.0,1.5
chr13p,weak,22165,22165,22165,22184,1,302.0,1.3529411764705883
chr13p,weak,22389,22389,22389,22408,1,302.0,1.3529411764705883
chr13p,weak,22563,22563,22563,22582,1,302.0,1.2222222222222223
chr13p,weak,22763,22763,22763,22782,1,302.0,1.6666666666666667
chr13p,weak,22950,22950,22950,22969,1,302.0,1.5
chr13p,weak,23157,23157,23157,23176,1,302.0,1.3529411764705883
chr13p,weak,23372,23372,23372,23391,1,302.0,1.6666666666666667
chr13p,weak,23541,23541,23541,23560,1,302.0,1.5
chr13p,weak,23833,23833,23833,23852,1,302.0,1.5
chr13p,weak,24015,24015,24015,24034,1,302.0,1.3529411764705883
chr13p,weak,24372,24372,24372,24391,1,302.0,1.5
chr13p,weak,24537,24537,24537,24556,1,302.0,1.3529411764705883
chr13p,weak,24712,24712,24712,24731,1,302.0,1.6666666666666667
chr13p,weak,24885,24885,24885,24904,1,302.0,1.2222222222222223
chr13p,weak,25094,25094,25094,25113,1,302.0,1.3529411764705883
chr13p,weak,25380,25380,25380,25399,1,302.0,1.6666666666666667
chr13p,weak,25552,25552,25552,25571,1,302.0,1.2222222222222223
chr13p,weak,25707,25707,25707,25726,1,302.0,1.3529411764705883
chr13p,weak,25876,25876,25876,25895,1,302.0,1.3529411764705883
chr13p,weak,26050,26050,26050,26069,1,302.0,1.6666666666666667
chr13p,weak,26213,26213,26213,26232,1,302.0,1.105263157894737
chr13p,weak,26407,26407,26407,26426,1,302.0,1.3529411764705883
chr13p,weak,26884,26884,26884,26903,1,302.0,1.2222222222222223
chr13p,weak,27107,27107,27107,27126,1,302.0,1.2222222222222223
chr13p,weak,27564,27564,27564,27583,1,302.0,1.105263157894737
chr13p,weak,27767,27767,27767,27786,1,302.0,1.5
chr13p,weak,27940,27940,27940,27959,1,302.0,1.2222222222222223
chr13p,weak,28126,28126,28126,28145,1,302.0,1.3529411764705883
chr13p,weak,28398,28398,28398,28417,1,302.0,1.105263157894737
chr13p,weak,28491,28491,28491,28510,1,302.0,1.6666666666666667
chr13p,weak,28662,28662,28662,28681,1,302.0,1.3529411764705883
chr13p,weak,28827,28827,28827,28846,1,302.0,1.5
chr13p,weak,29001,29001,29001,29020,1,302.0,1.5
chr13p,weak,29320,29320,29320,29339,1,302.0,1.2222222222222223
chr13p,weak,29559,29559,29559,29578,1,302.0,1.8571428571428572
chr13p,weak,29852,29852,29852,29871,1,302.0,1.8571428571428572
chr13p,weak,30037,30037,30037,30056,1,302.0,1.3529411764705883
chr13p,weak,30212,30218,30212,30237,7,302.0,1.0751879699248124
chr13p,weak,30373,30373,30373,30392,1,302.0,1.6666666666666667
chr13p,weak,30531,30531,30531,30550,1,302.0,1.2222222222222223
chr13p,weak,30710,30710,30710,30729,1,302.0,1.6666666666666667
chr13p,weak,30886,30886,30886,30905,1,302.0,1.5
chr13p,weak,31077,31077,31077,31096,1,302.0,1.5
chr13p,weak,31253,31253,31253,31272,1,302.0,1.5
chr13p,weak,31403,31403,31403,31422,1,302.0,1.2222222222222223
chr13p,weak,31588,31588,31588,31607,1,302.0,1.3529411764705883
chr13p,weak,31761,31761,31761,31780,1,302.0,1.5
chr13p,weak,31967,31967,31967,31986,1,302.0,1.2222222222222223
chr13p,weak,32143,32156,32143,32175,14,302.0,1.6462585034013606
chr13p,weak,32384,32384,32384,32403,1,302.0,1.105263157894737
chr13p,weak,32596,32596,32596,32615,1,302.0,1.2222222222222223
chr13p,weak,32796,32796,32796,32815,1,302.0,1.6666666666666667
chr13p,weak,32982,32982,32982,33001,1,302.0,1.8571428571428572
chr13p,weak,33037,33037,33037,33056,1,302.0,1.5
chr13p,weak,33479,33479,33479,33498,1,302.0,1.3529411764705883
chr13p,weak,33688,33688,33688,33707,1,302.0,1.105263157894737
chr13p,weak,33852,33877,33852,33896,26,302.0,1.2825540472599297
chr13p,weak,34056,34056,34056,34075,1,302.0,1.5
chr13p,weak,34284,34284,34284,34303,1,302.0,1.3529411764705883
chr13p,weak,34451,34451,34451,34470,1,302.0,1.2222222222222223
chr13p,weak,34732,34732,34732,34751,1,302.0,1.105263157894737
chr13p,weak,34909,34909,34909,34928,1,302.0,1.3529411764705883
chr13p,weak,35187,35187,35187,35206,1,302.0,1.2222222222222223
chr13p,weak,35368,35368,35368,35387,1,302.0,1.5
chr13p,weak,35623,35623,35623,35642,1,302.0,1.5
chr13p,weak,35839,35839,35839,35858,1,302.0,1.0
chr13p,weak,36033,36033,36033,36052,1,302.0,1.2222222222222223
chr13p,weak,36221,36221,36221,36240,1,302.0,1.0
chr13p,weak,36392,36392,36392,36411,1,302.0,1.5
chr13p,weak,36575,36575,36575,36594,1,302.0,1.105263157894737
chr13p,weak,36745,36745,36745,36764,1,302.0,1.2222222222222223
chr13p,weak,36892,36892,36892,36911,1,302.0,1.5
chr13p,weak,37049,37049,37049,37068,1,302.0,1.5
chr13p,weak,37223,37223,37223,37242,1,302.0,1.6666666666666667
chr13p,weak,37492,37492,37492,37511,1,302.0,1.5
chr13p,weak,37713,37713,37713,37732,1,302.0,1.3529411764705883
chr13p,weak,37892,37892,37892,37911,1,302.0,1.6666666666666667
chr13p,weak,38075,38083,38075,38102,9,302.0,1.1338531513970111
chr13p,weak,38231,38231,38231,38250,1,302.0,1.6666666666666667
chr13p,weak,38399,38399,38399,38418,1,302.0,1.2222222222222223
chr13p,weak,38578,38578,38578,38597,1,302.0,1.6666666666666667
chr13p,weak,38754,38754,38754,38773,1,302.0,1.5
chr13p,weak,38945,38945,38945,38964,1,302.0,1.5
chr13p,weak,39121,39121,39121,39140,1,302.0,1.5
chr13p,weak,39271,39271,39271,39290,1,302.0,1.2222222222222223
chr13p,weak,39456,39456,39456,39475,1,302.0,1.3529411764705883
chr13p,weak,39629,39629,39629,39648,1,302.0,1.5
chr13p,weak,39835,39835,39835,39854,1,302.0,1.2222222222222223
chr13p,weak,40011,40024,40011,40043,14,302.0,1.6462585034013606
chr13p,weak,40252,40252,40252,40271,1,302.0,1.105263157894737
chr13p,weak,40464,40464,40464,40483,1,302.0,1.2222222222222223
chr13p,weak,40664,40664,40664,40683,1,302.0,1.6666666666666667
chr13p,weak,40850,40850,40850,40869,1,302.0,1.8571428571428572
chr13p,weak,40905,40905,40905,40924,1,302.0,1.5
chr13p,weak,41347,41347,41347,41366,1,302.0,1.3529411764705883
chr13p,weak,41556,41556,41556,41575,1,302.0,1.105263157894737
chr13p,weak,41720,41745,41720,41764,26,302.0,1.2825540472599297
chr13p,weak,41924,41924,41924,41943,1,302.0,1.5
chr13p,weak,42152,42152,42152,42171,1,302.0,1.3529411764705883
chr13p,weak,42319,42319,42319,42338,1,302.0,1.2222222222222223
chr13p,weak,42600,42600,42600,42619,1,302.0,1.105263157894737
chr13p,weak,42777,42777,42777,42796,1,302.0,1.3529411764705883
chr13p,weak,43055,43055,43055,43074,1,302.0,1.2222222222222223
chr13p,weak,43236,43236,43236,43255,1,302.0,1.5
chr13p,weak,43427,43427,43427,43446,1,302.0,1.6666666666666667
chr13p,weak,43707,43707,43707,43726,1,302.0,1.0
chr13p,weak,43904,43904,43904,43923,1,302.0,1.2222222222222223
chr13p,weak,44091,44091,44091,44110,1,302.0,1.0
chr13p,weak,44226,44226,44226,44245,1,302.0,1.3529411764705883
chr13p,weak,44368,44368,44368,44387,1,302.0,1.2222222222222223
chr13p,weak,44540,44540,44540,44559,1,302.0,1.3529411764705883
chr13p,weak,44729,44729,44729,44748,1,302.0,1.3529411764705883
chr13p,weak,44903,44903,44903,44922,1,302.0,1.6666666666666667
chr13p,weak,45033,45033,45033,45052,1,302.0,1.2222222222222223
chr13p,weak,45234,45234,45234,45253,1,302.0,1.5
chr13p,weak,45395,45395,45395,45414,1,302.0,1.0
chr13p,weak,45612,45612,45612,45631,1,302.0,1.6666666666666667
chr13p,weak,45838,45838,45838,45857,1,302.0,1.3529411764705883
chr13p,weak,46042,46042,46042,46061,1,302.0,1.6666666666666667
chr13p,weak,46163,46163,46163,46182,1,302.0,1.5
chr13p,weak,46433,46433,46433,46452,1,302.0,1.3529411764705883
chr13p,weak,46599,46599,46599,46618,1,302.0,1.2222222222222223
chr13p,weak,46734,46771,46734,46790,38,302.0,1.0495200850423274
chr13p,weak,46973,46973,46973,46992,1,302.0,1.105263157894737
chr13p,weak,47152,47152,47152,47171,1,302.0,1.6666666666666667
chr13p,weak,47314,47314,47314,47333,1,302.0,1.6666666666666667
chr13p,weak,47403,47403,47403,47422,1,302.0,2.076923076923077
chr13p,weak,47575,47575,47575,47594,1,302.0,1.6666666666666667
chr13p,weak,47767,47767,47767,47786,1,302.0,1.5
chr13p,weak,47929,47929,47929,47948,1,302.0,1.5
chr13p,weak,48119,48119,48119,48138,1,302.0,1.5
chr13p,weak,48283,48283,48283,48302,1,302.0,1.2222222222222223
chr13p,weak,48561,48592,48561,48611,32,302.0,1.3289688682490541
chr13p,weak,48715,48715,48715,48734,1,302.0,1.3529411764705883
chr13p,weak,48903,48903,48903,48922,1,302.0,1.5
chr13p,weak,49122,49122,49122,49141,1,302.0,1.5
chr13p,weak,49196,49230,49196,49249,35,302.0,1.4006535947712417
chr13p,weak,49409,49409,49409,49428,1,302.0,1.5
chr13p,weak,49603,49603,49603,49622,1,302.0,1.8571428571428572
chr13p,weak,49802,49802,49802,49821,1,302.0,1.2222222222222223
chr13p,weak,49995,49995,49995,50014,1,302.0,1.105263157894737
chr13p,weak,50195,50195,50195,50214,1,302.0,1.5
chr13p,weak,50367,50367,50367,50386,1,302.0,1.3529411764705883
chr13p,weak,50507,50507,50507,50526,1,302.0,1.6666666666666667
chr13p,weak,50803,50803,50803,50822,1,302.0,1.5
chr13p,weak,50988,50988,50988,51007,1,302.0,1.5
chr13p,weak,51291,51291,51291,51310,1,302.0,1.2222222222222223
chr13p,weak,51504,51504,51504,51523,1,302.0,1.3529411764705883
chr13p,weak,51638,51638,51638,51657,1,302.0,1.3529411764705883
chr13p,weak,51953,51953,51953,51972,1,302.0,1.3529411764705883
chr13p,weak,52140,52140,52140,52159,1,302.0,1.5
chr13p,weak,52365,52365,52365,52384,1,302.0,1.3529411764705883
chr13p,weak,52641,52641,52641,52660,1,302.0,1.6666666666666667
chr13p,weak,52834,52846,52834,52865,13,302.0,1.5
chr13p,weak,53017,53030,53017,53049,14,302.0,1.586734693877551
chr13p,weak,53197,53197,53197,53216,1,302.0,1.5
chr13p,weak,53369,53369,53369,53388,1,302.0,1.6666666666666667
chr13p,weak,53536,53536,53536,53555,1,302.0,1.6666666666666667
chr13p,weak,53731,53731,53731,53750,1,302.0,1.3529411764705883
chr13p,weak,53934,53934,53934,53953,1,302.0,1.6666666666666667
chr13p,weak,54133,54133,54133,54152,1,302.0,1.3529411764705883
chr13p,weak,54317,54317,54317,54336,1,302.0,1.5
chr13p,weak,54482,54482,54482,54501,1,302.0,1.2222222222222223
chr13p,weak,54618,54618,54618,54637,1,302.0,1.2222222222222223
chr13p,weak,54982,54982,54982,55001,1,302.0,1.6666666666666667
chr13p,weak,55139,55139,55139,55158,1,302.0,1.3529411764705883
chr13p,weak,55301,55301,55301,55320,1,302.0,1.0
chr13p,weak,55485,55485,55485,55504,1,302.0,1.3529411764705883
chr13p,weak,55687,55687,55687,55706,1,302.0,1.5
chr13p,weak,55875,55875,55875,55894,1,302.0,1.2222222222222223
chr13p,weak,56036,56036,56036,56055,1,302.0,1.105263157894737
chr13p,weak,56202,56202,56202,56221,1,302.0,1.5
chr13p,weak,56386,56386,56386,56405,1,302.0,1.2222222222222223
chr13p,weak,56606,56606,56606,56625,1,302.0,1.5
chr13p,weak,56812,56812,56812,56831,1,302.0,1.2222222222222223
chr13p,weak,57008,57008,57008,57027,1,302.0,1.2222222222222223
chr13p,weak,57204,57204,57204,57223,1,302.0,1.105263157894737
chr13p,weak,57393,57393,57393,57412,1,302.0,1.6666666666666667
chr13p,weak,57588,57588,57588,57607,1,302.0,1.3529411764705883
chr13p,weak,57761,57761,57761,57780,1,302.0,1.8571428571428572
chr13p,weak,57948,57948,57948,57967,1,302.0,1.2222222222222223
chr13p,weak,58080,58089,58080,58108,10,302.0,1.4558823529411764
chr13p,weak,58268,58268,58268,58287,1,302.0,1.6666666666666667
chr13p,weak,58465,58465,58465,58484,1,302.0,1.6666666666666667
chr13p,weak,58659,58659,58659,58678,1,302.0,1.5
chr13p,weak,58849,58849,58849,58868,1,302.0,1.0
chr13p,weak,59003,59003,59003,59022,1,302.0,1.3529411764705883
chr13p,weak,59180,59180,59180,59199,1,302.0,1.8571428571428572
chr13p,weak,60200,60200,60200,60219,1,302.0,1.6666666666666667
chr13p,weak,60380,60380,60380,60399,1,302.0,1.3529411764705883
chr13p,weak,60550,60550,60550,60569,1,302.0,1.2222222222222223
chr13p,weak,60695,60695,60695,60714,1,302.0,1.105263157894737
chr13p,weak,60864,60864,60864,60883,1,302.0,1.5
chr13p,weak,61012,61021,61012,61040,10,302.0,1.3529411764705883
chr13p,weak,61192,61192,61192,61211,1,302.0,1.105263157894737
chr13p,weak,61393,61393,61393,61412,1,302.0,1.5
chr13p,weak,61598,61598,61598,61617,1,302.0,1.2222222222222223
chr13p,weak,61788,61788,61788,61807,1,302.0,1.3529411764705883
chr13p,weak,61973,61973,61973,61992,1,302.0,1.105263157894737
chr13p,weak,62143,62143,62143,62162,1,302.0,1.0
chr13p,weak,62325,62325,62325,62344,1,302.0,1.3529411764705883
chr13p,weak,62458,62458,62458,62477,1,302.0,1.3529411764705883
chr13p,weak,62665,62665,62665,62684,1,302.0,1.6666666666666667
chr13p,weak,62842,62842,62842,62861,1,302.0,1.3529411764705883
chr13p,weak,63055,63055,63055,63074,1,302.0,1.5
chr13p,weak,63246,63246,63246,63265,1,302.0,1.2222222222222223
chr13p,weak,63431,63431,63431,63450,1,302.0,1.5
chr13p,weak,63602,63602,63602,63621,1,302.0,1.8571428571428572
chr13p,weak,63801,63801,63801,63820,1,302.0,1.2222222222222223
chr13p,weak,63948,63948,63948,63967,1,302.0,1.2222222222222223
chr13p,weak,64126,64126,64126,64145,1,302.0,1.5
chr13p,weak,64326,64326,64326,64345,1,302.0,1.2222222222222223
chr13p,weak,64522,64522,64522,64541,1,302.0,1.5
chr13p,weak,64728,64728,64728,64747,1,302.0,1.6666666666666667
chr13p,weak,64955,64955,64955,64974,1,302.0,2.076923076923077
chr13p,weak,65247,65247,65247,65266,1,302.0,1.5
chr13p,weak,65434,65434,65434,65453,1,302.0,3.0
chr13p,weak,65663,65663,65663,65682,1,302.0,3.0
chr13p,weak,65868,65868,65868,65887,1,302.0,2.6363636363636362
chr13p,weak,66058,66058,66058,66077,1,302.0,3.4444444444444446
chr13p,weak,66253,66253,66253,66272,1,302.0,3.0
chr13p,weak,66455,66455,66455,66474,1,302.0,4.714285714285714
chr13p,weak,66604,66604,66604,66623,1,302.0,3.4444444444444446
chr13p,weak,66667,66667,66667,66686,1,302.0,4.714285714285714
chr13p,weak,66866,66866,66866,66885,1,302.0,4.714285714285714
chr13p,weak,67063,67063,67063,67082,1,302.0,5.666666666666667
chr13p,weak,67256,67256,67256,67275,1,302.0,5.666666666666667
chr13p,weak,67494,67494,67494,67513,1,302.0,2.6363636363636362
chr13p,weak,67735,67735,67735,67754,1,302.0,4.0
chr13p,weak,67921,67921,67921,67940,1,302.0,4.0
chr13p,weak,68110,68110,68110,68129,1,302.0,3.4444444444444446
chr13p,weak,68238,68238,68238,68257,1,302.0,4.0
chr13p,weak,68300,68300,68300,68319,1,302.0,4.0
chr13p,weak,68441,68441,68441,68460,1,302.0,3.4444444444444446
chr13p,weak,68635,68635,68635,68654,1,302.0,3.4444444444444446
chr13p,weak,68848,68848,68848,68867,1,302.0,4.0
chr13p,weak,69050,69077,69050,69096,28,302.0,2.9119769119769123
chr13p,weak,69289,69289,69289,69308,1,302.0,3.0
chr13p,weak,69493,69493,69493,69512,1,302.0,4.0
chr13p,weak,69647,69647,69647,69666,1,302.0,4.0
chr13p,weak,69847,69847,69847,69866,1,302.0,3.4444444444444446
chr13p,weak,70153,70211,70153,70230,59,302.0,2.931518575586372
chr13p,weak,70378,70378,70378,70397,1,302.0,7.0
chr13p,weak,70772,70772,70772,70791,1,302.0,5.666666666666667
chr13p,weak,71024,71024,71024,71043,1,302.0,5.666666666666667
chr13p,weak,71237,71237,71237,71256,1,302.0,4.0
chr13p,weak,71668,71668,71668,71687,1,302.0,2.6363636363636362
chr13p,weak,71891,71891,71891,71910,1,302.0,4.0
chr13p,weak,72008,72008,72008,72027,1,302.0,3.4444444444444446
chr13p,weak,72273,72273,72273,72292,1,302.0,3.0
chr13p,weak,72485,72485,72485,72504,1,302.0,5.666666666666667
chr13p,weak,72646,72646,72646,72665,1,302.0,3.0
chr13p,weak,72920,72920,72920,72939,1,302.0,3.4444444444444446
chr13p,weak,73086,73086,73086,73105,1,302.0,4.714285714285714
chr13p,weak,73418,73418,73418,73437,1,302.0,2.6363636363636362
chr13p,weak,73612,73612,73612,73631,1,302.0,5.666666666666667
chr13p,weak,74006,74006,74006,74025,1,302.0,4.0
chr13p,weak,74178,74178,74178,74197,1,302.0,2.3333333333333335
chr13p,weak,74375,74375,74375,74394,1,302.0,4.714285714285714
chr13p,weak,74525,74525,74525,74544,1,302.0,3.0
chr13p,weak,74743,74743,74743,74762,1,302.0,5.666666666666667
chr13p,weak,74903,74903,74903,74922,1,302.0,2.3333333333333335
chr13p,weak,75096,75096,75096,75115,1,302.0,5.666666666666667
chr13p,weak,75307,75307,75307,75326,1,302.0,2.6363636363636362
chr13p,weak,75493,75493,75493,75512,1,302.0,5.666666666666667
chr13p,weak,75692,75692,75692,75711,1,302.0,2.6363636363636362
chr13p,weak,75913,75913,75913,75932,1,302.0,4.0
chr13p,weak,76088,76088,76088,76107,1,302.0,5.666666666666667
chr13p,weak,76671,76671,76671,76690,1,302.0,5.666666666666667
chr13p,weak,76862,76866,76862,76885,5,302.0,3.0
chr13p,weak,77066,77066,77066,77085,1,302.0,4.0
chr13p,weak,77219,77219,77219,77238,1,302.0,2.3333333333333335
chr13p,weak,77397,77406,77397,77425,10,302.0,5.095238095238096
chr13p,weak,77572,77572,77572,77591,1,302.0,2.6363636363636362
chr13p,weak,77799,77799,77799,77818,1,302.0,4.714285714285714
chr13p,weak,77958,77958,77958,77977,1,302.0,2.6363636363636362
chr13p,weak,78356,78366,78356,78385,11,302.0,3.606060606060606
chr13p,weak,78542,78542,78542,78561,1,302.0,3.4444444444444446
chr13p,weak,78734,78734,78734,78753,1,302.0,2.6363636363636362
chr13p,weak,78907,78924,78907,78943,18,302.0,4.542328042328042
chr13p,weak,79083,79104,79083,79123,22,302.0,3.0055096418732776
chr13p,weak,79262,79262,79262,79281,1,302.0,7.0
chr13p,weak,79485,79485,79485,79504,1,302.0,2.6363636363636362
chr13p,weak,79679,79679,79679,79698,1,302.0,4.714285714285714
chr13p,weak,79842,79842,79842,79861,1,302.0,2.6363636363636362
chr13p,weak,80046,80046,80046,80065,1,302.0,4.714285714285714
chr13p,weak,80207,80230,80207,80249,24,302.0,2.5504403004403007
chr13p,weak,80381,80381,80381,80400,1,302.0,5.666666666666667
chr13p,weak,80578,80578,80578,80597,1,302.0,3.0
chr13p,weak,80727,80727,80727,80746,1,302.0,4.714285714285714
chr13p,weak,80892,80892,80892,80911,1,302.0,3.0
chr13p,weak,81076,81076,81076,81095,1,302.0,3.4444444444444446
chr13p,weak,81297,81297,81297,81316,1,302.0,2.3333333333333335
chr13p,weak,81525,81525,81525,81544,1,302.0,4.714285714285714
chr13p,weak,81693,81693,81693,81712,1,302.0,2.6363636363636362
chr13p,weak,81899,81899,81899,81918,1,302.0,4.714285714285714
chr13p,weak,82088,82088,82088,82107,1,302.0,3.0
chr13p,weak,82273,82286,82273,82305,14,302.0,4.306122448979592
chr13p,weak,82668,82668,82668,82687,1,302.0,4.714285714285714
chr13p,weak,82852,82852,82852,82871,1,302.0,3.0
chr13p,weak,83002,83002,83002,83021,1,302.0,9.0
chr13p,weak,83225,83225,83225,83244,1,302.0,3.4444444444444446
chr13p,weak,83406,83406,83406,83425,1,302.0,5.666666666666667
chr13p,weak,83612,83612,83612,83631,1,302.0,3.4444444444444446
chr13p,weak,83813,83813,83813,83832,1,302.0,3.4444444444444446
chr13p,weak,84277,84277,84277,84296,1,302.0,5.666666666666667
chr13p,weak,84912,84912,84912,84931,1,302.0,4.0
chr13p,weak,85062,85062,85062,85081,1,302.0,5.666666666666667
chr13p,weak,85255,85255,85255,85274,1,302.0,2.6363636363636362
chr13p,weak,85478,85478,85478,85497,1,302.0,4.0
chr13p,weak,85702,85752,85702,85771,51,302.0,4.273887332710863
chr13p,weak,85974,85974,85974,85993,1,302.0,4.0
chr13p,weak,86147,86147,86147,86166,1,302.0,4.0
chr13p,weak,87423,87423,87423,87442,1,302.0,3.0
chr13p,weak,87598,87598,87598,87617,1,302.0,3.0
chr13p,weak,87785,87785,87785,87804,1,302.0,3.4444444444444446
chr13p,weak,87893,87893,87893,87912,1,302.0,5.666666666666667
chr13p,weak,88104,88104,88104,88123,1,302.0,3.0
chr13p,weak,88476,88476,88476,88495,1,302.0,2.3333333333333335
chr13p,weak,89002,89002,89002,89021,1,302.0,7.0
chr13p,weak,89227,89227,89227,89246,1,302.0,2.6363636363636362
chr13p,weak,89413,89413,89413,89432,1,302.0,7.0
chr13p,weak,89627,89627,89627,89646,1,302.0,4.714285714285714
chr13p,weak,89820,89841,89820,89860,22,302.0,3.4747474747474745
chr13p,weak,90000,90000,90000,90019,1,302.0,4.714285714285714
chr13p,weak,90175,90175,90175,90194,1,302.0,4.714285714285714
chr13p,weak,90353,90353,90353,90372,1,302.0,3.4444444444444446
chr13p,weak,90560,90560,90560,90579,1,302.0,3.4444444444444446
chr13p,weak,90790,90790,90790,90809,1,302.0,2.6363636363636362
chr13p,weak,91445,91445,91445,91464,1,302.0,4.0
chr13p,weak,91643,91643,91643,91662,1,302.0,2.6363636363636362
chr13p,weak,92122,92122,92122,92141,1,302.0,2.3333333333333335
chr13p,weak,92293,92293,92293,92312,1,302.0,5.666666666666667
chr13p,weak,92635,92635,92635,92654,1,302.0,4.0
chr13p,weak,92819,92819,92819,92838,1,302.0,3.4444444444444446
chr13p,weak,93005,93005,93005,93024,1,302.0,2.6363636363636362
chr13p,weak,93254,93264,93254,93283,11,302.0,2.7024793388429753
chr13p,weak,93474,93474,93474,93493,1,302.0,4.714285714285714
chr13p,weak,93690,93690,93690,93709,1,302.0,2.6363636363636362
chr13p,weak,93845,93845,93845,93864,1,302.0,3.4444444444444446
chr13p,weak,94008,94008,94008,94027,1,302.0,3.0
chr13p,weak,94146,94146,94146,94165,1,302.0,4.714285714285714
chr13p,weak,94308,94308,94308,94327,1,302.0,4.714285714285714
chr13p,weak,94770,94770,94770,94789,1,302.0,4.714285714285714
chr13p,weak,94895,94895,94895,94914,1,302.0,4.714285714285714
chr13p,weak,95097,95097,95097,95116,1,302.0,3.4444444444444446
chr13p,weak,95276,95276,95276,95295,1,302.0,4.0
chr13p,weak,95485,95485,95485,95504,1,302.0,3.0
chr13p,weak,95675,95675,95675,95694,1,302.0,4.714285714285714
chr13p,weak,95859,95859,95859,95878,1,302.0,3.4444444444444446
chr13p,weak,96366,96366,96366,96385,1,302.0,4.714285714285714
chr13p,weak,96579,96579,96579,96598,1,302.0,4.0
chr13p,weak,96959,96986,96959,97005,28,302.0,2.461704961704961
chr13p,weak,97183,97183,97183,97202,1,302.0,4.0
chr13p,weak,97356,97356,97356,97375,1,302.0,3.0
chr13p,weak,97507,97507,97507,97526,1,302.0,4.714285714285714
chr13p,weak,97698,97698,97698,97717,1,302.0,3.0
chr13p,weak,97864,97864,97864,97883,1,302.0,5.666666666666667
chr13p,weak,98065,98112,98065,98131,48,302.0,2.8472222222222228
chr13p,weak,98254,98254,98254,98273,1,302.0,5.666666666666667
chr13p,weak,98305,98305,98305,98324,1,302.0,4.714285714285714
chr13p,weak,98418,98418,98418,98437,1,302.0,3.0
chr13p,weak,98608,98608,98608,98627,1,302.0,4.0
chr13p,weak,98992,98992,98992,99011,1,302.0,4.714285714285714
chr13p,weak,99209,99209,99209,99228,1,302.0,2.3333333333333335
chr13p,weak,99439,99439,99439,99458,1,302.0,3.4444444444444446
chr13p,weak,99650,99684,99650,99703,35,302.0,4.169160997732428
chr13p,weak,99877,99877,99877,99896,1,302.0,3.0
chr13p,weak,100038,100038,100038,100057,1,302.0,4.714285714285714
chr13p,weak,100230,100230,100230,100249,1,302.0,3.4444444444444446
chr13p,weak,100452,100452,100452,100471,1,302.0,3.4444444444444446
chr13p,weak,100643,100643,100643,100662,1,302.0,4.0
chr13p,weak,100862,100862,100862,100881,1,302.0,3.0
chr13p,weak,101494,101494,101494,101513,1,302.0,4.714285714285714
chr13p,weak,101685,101698,101685,101717,14,302.0,3.074314574314574
chr13p,weak,101846,101846,101846,101865,1,302.0,3.0
chr13p,weak,102307,102307,102307,102326,1,302.0,3.4444444444444446
chr13p,weak,102473,102473,102473,102492,1,302.0,4.0
chr13p,weak,102771,102771,102771,102790,1,302.0,4.0
chr13p,weak,102981,102981,102981,103000,1,302.0,5.666666666666667
chr13p,weak,103449,103449,103449,103468,1,302.0,4.714285714285714
chr13p,weak,103668,103668,103668,103687,1,302.0,3.4444444444444446
chr13p,weak,104052,104079,104052,104098,28,302.0,2.461704961704961
chr13p,weak,104276,104276,104276,104295,1,302.0,4.0
chr13p,weak,104449,104449,104449,104468,1,302.0,3.0
chr13p,weak,104620,104620,104620,104639,1,302.0,4.714285714285714
chr13p,weak,104782,104782,104782,104801,1,302.0,4.0
chr13p,weak,105007,105007,105007,105026,1,302.0,3.4444444444444446
chr13p,weak,105177,105210,105177,105229,34,302.0,2.923648247177659
chr13p,weak,105353,105353,105353,105372,1,302.0,5.666666666666667
chr13p,weak,105675,105675,105675,105694,1,302.0,3.4444444444444446
chr13p,weak,105882,105882,105882,105901,1,302.0,3.0
chr13p,weak,106288,106300,106288,106319,13,302.0,2.9968919968919963
chr13p,weak,106464,106491,106464,106510,28,302.0,5.887755102040815
chr13p,weak,106676,106676,106676,106695,1,302.0,2.6363636363636362
chr13p,weak,106868,106868,106868,106887,1,302.0,4.714285714285714
chr13p,weak,107061,107061,107061,107080,1,302.0,3.0
chr13p,weak,107237,107245,107237,107264,9,302.0,5.031746031746032
chr13p,weak,107426,107426,107426,107445,1,302.0,2.3333333333333335
chr13p,weak,107629,107629,107629,107648,1,302.0,4.714285714285714
chr13p,weak,107866,107866,107866,107885,1,302.0,4.714285714285714
chr13p,weak,108028,108028,108028,108047,1,302.0,4.0
chr13p,weak,108180,108180,108180,108199,1,302.0,2.6363636363636362
chr13p,weak,108308,108308,108308,108327,1,302.0,4.714285714285714
chr13p,weak,108928,108938,108928,108957,11,302.0,2.5537190082644625
chr13p,weak,109083,109083,109083,109102,1,302.0,4.714285714285714
chr13p,weak,109326,109326,109326,109345,1,302.0,3.4444444444444446
chr13p,weak,109496,109523,109496,109542,28,302.0,3.8072562358276647
chr13p,weak,109897,109897,109897,109916,1,302.0,4.0
chr13p,weak,110272,110272,110272,110291,1,302.0,4.0
chr13p,weak,110438,110438,110438,110457,1,302.0,2.6363636363636362
chr13p,weak,110633,110633,110633,110652,1,302.0,4.714285714285714
chr13p,weak,110774,110774,110774,110793,1,302.0,2.6363636363636362
chr13p,weak,110958,110958,110958,110977,1,302.0,3.4444444444444446
chr13p,weak,111168,111168,111168,111187,1,302.0,2.6363636363636362
chr13p,weak,111380,111380,111380,111399,1,302.0,7.0
chr13p,weak,111584,111584,111584,111603,1,302.0,2.6363636363636362
chr13p,weak,111775,111775,111775,111794,1,302.0,4.714285714285714
chr13p,weak,111971,111971,111971,111990,1,302.0,4.0
chr13p,weak,112155,112155,112155,112174,1,302.0,3.4444444444444446
chr13p,weak,112502,112502,112502,112521,1,302.0,5.666666666666667
chr13p,weak,112695,112695,112695,112714,1,302.0,2.6363636363636362
chr13p,weak,112898,112911,112898,112930,14,302.0,4.255102040816327
chr13p,weak,113116,113121,113116,113140,6,302.0,6.5555555555555545
chr13p,weak,113312,113312,113312,113331,1,302.0,3.4444444444444446
chr13p,weak,113526,113526,113526,113545,1,302.0,3.4444444444444446
chr13p,weak,113714,113714,113714,113733,1,302.0,3.4444444444444446
chr13p,weak,113864,113864,113864,113883,1,302.0,9.0
chr13p,weak,113936,113936,113936,113955,1,302.0,3.4444444444444446
chr13p,weak,114049,114049,114049,114068,1,302.0,4.0
chr13p,weak,114188,114238,114188,114257,51,302.0,2.891433185550833
chr13p,weak,114656,114656,114656,114675,1,302.0,3.4444444444444446
chr13p,weak,114709,114709,114709,114728,1,302.0,3.4444444444444446
chr13p,weak,114815,114815,114815,114834,1,302.0,3.4444444444444446
chr13p,weak,115034,115034,115034,115053,1,302.0,3.4444444444444446
chr13p,weak,115414,115414,115414,115433,1,302.0,3.4444444444444446
chr13p,weak,115650,115650,115650,115669,1,302.0,3.0
chr13p,weak,116098,116098,116098,116117,1,302.0,7.0
chr13p,weak,116286,116286,116286,116305,1,302.0,2.6363636363636362
chr13p,weak,116751,116751,116751,116770,1,302.0,4.714285714285714
chr13p,weak,117671,117671,117671,117690,1,302.0,5.666666666666667
chr13p,weak,117878,117878,117878,117897,1,302.0,4.714285714285714
chr13p,weak,118074,118074,118074,118093,1,302.0,3.4444444444444446
chr13p,weak,118411,118428,118411,118447,18,302.0,3.8738977072310408
chr13p,weak,118598,118615,118598,118634,18,302.0,7.222222222222222
chr13p,weak,118772,118772,118772,118791,1,302.0,3.0
chr13p,weak,119456,119500,119456,119519,45,302.0,4.128747795414463
chr13p,weak,119994,119994,119994,120013,1,302.0,3.0
chr13p,weak,120205,120205,120205,120224,1,302.0,4.714285714285714
chr13p,weak,120400,120400,120400,120419,1,302.0,3.0
chr13p,weak,120598,120598,120598,120617,1,302.0,3.4444444444444446
chr13p,weak,120813,120813,120813,120832,1,302.0,5.666666666666667
chr13p,weak,120992,121003,120992,121022,12,302.0,3.572751322751323
chr13p,weak,121193,121204,121193,121223,12,302.0,5.19047619047619
chr13p,weak,121396,121396,121396,121415,1,302.0,4.0
chr13p,weak,121614,121614,121614,121633,1,302.0,3.4444444444444446
chr13p,weak,121902,121902,121902,121921,1,302.0,2.6363636363636362
chr13p,weak,122089,122089,122089,122108,1,302.0,4.714285714285714
chr13p,weak,122339,122355,122339,122374,17,302.0,3.3660130718954253
chr13p,weak,122566,122566,122566,122585,1,302.0,4.0
chr13p,weak,122767,122767,122767,122786,1,302.0,3.4444444444444446
chr13p,weak,122986,122986,122986,123005,1,302.0,3.0
chr13p,weak,123173,123173,123173,123192,1,302.0,4.714285714285714
chr13p,weak,123361,123361,123361,123380,1,302.0,3.0
chr13p,weak,123546,123546,123546,123565,1,302.0,4.714285714285714
chr13p,weak,123721,123721,123721,123740,1,302.0,3.4444444444444446
chr13p,weak,123900,123900,123900,123919,1,302.0,3.0
chr13p,weak,124044,124044,124044,124063,1,302.0,3.4444444444444446
chr13p,weak,124153,124153,124153,124172,1,302.0,3.0
chr13p,weak,124315,124315,124315,124334,1,302.0,4.0
chr13p,weak,124579,124595,124579,124614,17,302.0,4.667600373482727
chr13p,weak,124674,124674,124674,124693,1,302.0,4.714285714285714
chr13p,weak,124954,124954,124954,124973,1,302.0,4.714285714285714
chr13p,weak,125129,125129,125129,125148,1,302.0,3.0
chr13p,weak,125359,125359,125359,125378,1,302.0,3.0
chr13p,weak,125595,125595,125595,125614,1,302.0,3.0
chr13p,weak,125793,125793,125793,125812,1,302.0,4.714285714285714
chr13p,weak,125985,125985,125985,126004,1,302.0,2.6363636363636362
chr13p,weak,126139,126139,126139,126158,1,302.0,4.714285714285714
chr13p,weak,126347,126347,126347,126366,1,302.0,3.0
chr13p,weak,126514,126514,126514,126533,1,302.0,3.4444444444444446
chr13p,weak,126719,126719,126719,126738,1,302.0,3.0
chr13p,weak,126889,126889,126889,126908,1,302.0,4.714285714285714
chr13p,weak,127060,127060,127060,127079,1,302.0,4.0
chr13p,weak,127240,127240,127240,127259,1,302.0,3.4444444444444446
chr13p,weak,127435,127435,127435,127454,1,302.0,4.0
chr13p,weak,127608,127608,127608,127627,1,302.0,3.0
chr13p,weak,128115,128115,128115,128134,1,302.0,4.714285714285714
chr13p,weak,128569,128569,128569,128588,1,302.0,4.0
chr13p,weak,128738,128738,128738,128757,1,302.0,3.4444444444444446
chr13p,weak,128958,128958,128958,128977,1,302.0,3.0
chr13p,weak,129155,129155,129155,129174,1,302.0,3.0
chr13p,weak,129355,129355,129355,129374,1,302.0,3.0
chr13p,weak,129542,129542,129542,129561,1,302.0,5.666666666666667
chr13p,weak,129769,129769,129769,129788,1,302.0,2.6363636363636362
chr13p,weak,129938,129938,129938,129957,1,302.0,5.666666666666667
chr13p,weak,130134,130134,130134,130153,1,302.0,4.0
chr13p,weak,130305,130305,130305,130324,1,302.0,5.666666666666667
chr13p,weak,130498,130498,130498,130517,1,302.0,2.6363636363636362
chr13p,weak,130666,130666,130666,130685,1,302.0,7.0
chr13p,weak,131069,131069,131069,131088,1,302.0,5.666666666666667
chr13p,weak,131254,131254,131254,131273,1,302.0,2.6363636363636362
chr13p,weak,131465,131465,131465,131484,1,302.0,4.714285714285714
chr13p,weak,131628,131628,131628,131647,1,302.0,2.6363636363636362
chr13p,weak,131832,131832,131832,131851,1,302.0,4.714285714285714
chr13p,weak,131993,132016,131993,132035,24,302.0,2.5504403004403007
chr13p,weak,132167,132167,132167,132186,1,302.0,5.666666666666667
chr13p,weak,132364,132364,132364,132383,1,302.0,3.0
chr13p,weak,132513,132513,132513,132532,1,302.0,4.714285714285714
chr13p,weak,132678,132678,132678,132697,1,302.0,3.0
chr13p,weak,132886,132886,132886,132905,1,302.0,4.0
chr13p,weak,133305,133305,133305,133324,1,302.0,5.666666666666667
chr13p,weak,133511,133519,133511,133538,9,302.0,3.1481481481481484
chr13p,weak,133698,133698,133698,133717,1,302.0,4.0
chr13p,weak,133897,133897,133897,133916,1,302.0,3.4444444444444446
chr13p,weak,134064,134064,134064,134083,1,302.0,4.0
chr13p,weak,134261,134261,134261,134280,1,302.0,3.0
chr13p,weak,134415,134415,134415,134434,1,302.0,9.0
chr13p,weak,134626,134626,134626,134645,1,302.0,4.0
chr13p,weak,134819,134819,134819,134838,1,302.0,5.666666666666667
chr13p,weak,135011,135011,135011,135030,1,302.0,2.3333333333333335
chr13p,weak,135192,135192,135192,135211,1,302.0,4.714285714285714
chr13p,weak,135540,135540,135540,135559,1,302.0,7.0
chr13p,weak,135962,135962,135962,135981,1,302.0,5.666666666666667
chr13p,weak,136174,136174,136174,136193,1,302.0,4.714285714285714
chr13p,weak,136350,136350,136350,136369,1,302.0,4.0
chr13p,weak,136503,136503,136503,136522,1,302.0,2.6363636363636362
chr13p,weak,136694,136694,136694,136713,1,302.0,4.0
chr13p,weak,136877,136877,136877,136896,1,302.0,2.6363636363636362
chr13p,weak,137308,137308,137308,137327,1,302.0,4.0
chr13p,weak,138136,138174,138136,138193,39,302.0,2.7643097643097647
chr13p,weak,138921,138921,138921,138940,1,302.0,2.6363636363636362
chr13p,weak,139144,139144,139144,139163,1,302.0,4.0
chr13p,weak,139368,139418,139368,139437,51,302.0,4.273887332710863
chr13p,weak,139640,139640,139640,139659,1,302.0,4.0
chr13p,weak,139813,139813,139813,139832,1,302.0,4.0
chr13p,weak,139920,139920,139920,139939,1,302.0,3.0
chr13p,weak,140099,140099,140099,140118,1,302.0,4.0
chr13p,weak,140260,140260,140260,140279,1,302.0,4.0
chr13p,weak,140434,140434,140434,140453,1,302.0,2.6363636363636362
chr13p,weak,140587,140587,140587,140606,1,302.0,2.6363636363636362
chr13p,weak,140762,140762,140762,140781,1,302.0,2.6363636363636362
chr13p,weak,140961,140978,140961,140997,18,302.0,2.4511784511784516
chr13p,weak,141158,141158,141158,141177,1,302.0,5.666666666666667
chr13p,weak,141416,141416,141416,141435,1,302.0,4.0
chr13p,weak,141652,141652,141652,141671,1,302.0,3.0
chr13p,weak,142258,142296,142258,142315,39,302.0,2.7643097643097647
chr13p,weak,143043,143043,143043,143062,1,302.0,2.6363636363636362
chr13p,weak,143266,143266,143266,143285,1,302.0,4.0
chr13p,weak,143490,143540,143490,143559,51,302.0,4.273887332710863
chr13p,weak,143762,143762,143762,143781,1,302.0,4.0
chr13p,weak,143935,143935,143935,143954,1,302.0,4.0
chr13p,weak,144042,144042,144042,144061,1,302.0,3.0
chr13p,weak,144221,144221,144221,144240,1,302.0,4.0
chr13p,weak,144382,144382,144382,144401,1,302.0,4.0
chr13p,weak,144556,144556,144556,144575,1,302.0,2.6363636363636362
chr13p,weak,144709,144709,144709,144728,1,302.0,2.6363636363636362
chr13p,weak,144899,144914,144899,144933,16,302.0,4.783730158730159
chr13p,weak,145059,145059,145059,145078,1,302.0,4.0
chr13p,weak,145582,145582,145582,145601,1,302.0,4.0
chr13p,weak,145776,145798,145776,145817,23,302.0,2.568663220837134
chr13p,weak,146019,146019,146019,146038,1,302.0,3.4444444444444446
chr13p,weak,147033,147033,147033,147052,1,302.0,2.6363636363636362
chr13p,weak,147454,147454,147454,147473,1,302.0,2.6363636363636362
chr13p,weak,147677,147677,147677,147696,1,302.0,4.0
chr13p,weak,147901,147931,147901,147950,31,302.0,4.535074244751664
chr13p,weak,148164,148164,148164,148183,1,302.0,5.666666666666667
chr13p,weak,148307,148330,148307,148349,24,302.0,4.267857142857143
chr13p,weak,148798,148798,148798,148817,1,302.0,4.0
chr13p,weak,149394,149394,149394,149413,1,302.0,3.4444444444444446
chr13p,weak,149613,149613,149613,149632,1,302.0,2.6363636363636362
chr13p,weak,149792,149792,149792,149811,1,302.0,3.0
chr13p,weak,150109,150109,150109,150128,1,302.0,4.0
chr13p,weak,150639,150639,150639,150658,1,302.0,2.6363636363636362
chr13p,weak,151200,151200,151200,151219,1,302.0,7.0
chr13p,weak,151425,151425,151425,151444,1,302.0,2.6363636363636362
chr13p,weak,151611,151611,151611,151630,1,302.0,7.0
chr13p,weak,151825,151825,151825,151844,1,302.0,4.714285714285714
chr13p,weak,152018,152039,152018,152058,22,302.0,3.4747474747474745
chr13p,weak,152198,152198,152198,152217,1,302.0,4.714285714285714
chr13p,weak,152373,152373,152373,152392,1,302.0,4.714285714285714
chr13p,weak,152551,152551,152551,152570,1,302.0,3.4444444444444446
chr13p,weak,152758,152758,152758,152777,1,302.0,3.4444444444444446
chr13p,weak,152988,152988,152988,153007,1,302.0,2.6363636363636362
chr13p,weak,154044,154044,154044,154063,1,302.0,2.6363636363636362
chr13p,weak,154491,154491,154491,154510,1,302.0,5.666666666666667
chr13p,weak,154833,154833,154833,154852,1,302.0,4.0
chr13p,weak,155017,155017,155017,155036,1,302.0,3.4444444444444446
chr13p,weak,155203,155203,155203,155222,1,302.0,2.6363636363636362
chr13p,weak,155452,155462,155452,155481,11,302.0,2.7024793388429753
chr13p,weak,155672,155672,155672,155691,1,302.0,4.714285714285714
chr13p,weak,155888,155888,155888,155907,1,302.0,2.6363636363636362
chr13p,weak,156043,156043,156043,156062,1,302.0,3.4444444444444446
chr13p,weak,156206,156206,156206,156225,1,302.0,3.0
chr13p,weak,156344,156344,156344,156363,1,302.0,4.714285714285714
chr13p,weak,156817,156817,156817,156836,1,302.0,3.0
chr13p,weak,156928,156945,156928,156964,18,302.0,2.717171717171717
chr13p,weak,157088,157088,157088,157107,1,302.0,4.0
chr13p,weak,157273,157273,157273,157292,1,302.0,3.0
chr13p,weak,157487,157487,157487,157506,1,302.0,5.666666666666667
chr13p,weak,157655,157655,157655,157674,1,302.0,2.3333333333333335
chr13p,weak,157838,157838,157838,157857,1,302.0,4.714285714285714
chr13p,weak,158049,158049,158049,158068,1,302.0,3.4444444444444446
chr13p,weak,158178,158178,158178,158197,1,302.0,4.0
chr13p,weak,158768,158768,158768,158787,1,302.0,3.4444444444444446
chr13p,weak,159184,159197,159184,159216,14,302.0,3.152236652236652
chr13p,weak,159384,159384,159384,159403,1,302.0,4.0
chr13p,weak,159567,159567,159567,159586,1,302.0,4.0
chr13p,weak,159726,159726,159726,159745,1,302.0,4.714285714285714
chr13p,weak,159896,159896,159896,159915,1,302.0,3.0
chr13p,weak,160071,160071,160071,160090,1,302.0,7.0
chr13p,weak,160435,160435,160435,160454,1,302.0,4.714285714285714
chr13p,weak,160605,160605,160605,160624,1,302.0,3.4444444444444446
chr13p,weak,160806,160806,160806,160825,1,302.0,4.0
chr13p,weak,161190,161190,161190,161209,1,302.0,4.714285714285714
chr13p,weak,161409,161409,161409,161428,1,302.0,2.6363636363636362
chr13p,weak,161600,161600,161600,161619,1,302.0,5.666666666666667
chr13p,weak,161784,161784,161784,161803,1,302.0,2.3333333333333335
chr13p,weak,161958,161958,161958,161977,1,302.0,4.0
chr13p,weak,162093,162093,162093,162112,1,302.0,3.4444444444444446
chr13p,weak,162263,162263,162263,162282,1,302.0,4.714285714285714
chr13p,weak,162463,162463,162463,162482,1,302.0,3.4444444444444446
chr13p,weak,162635,162635,162635,162654,1,302.0,3.4444444444444446
chr13p,weak,162818,162841,162818,162860,24,302.0,3.1439393939393945
chr13p,weak,163060,163060,163060,163079,1,302.0,3.0
chr13p,weak,163692,163692,163692,163711,1,302.0,4.714285714285714
chr13p,weak,163883,163896,163883,163915,14,302.0,3.074314574314574
chr13p,weak,164044,164044,164044,164063,1,302.0,3.0
chr13p,weak,164505,164505,164505,164524,1,302.0,3.4444444444444446
chr13p,weak,164671,164671,164671,164690,1,302.0,4.0
chr13p,weak,164969,164969,164969,164988,1,302.0,4.0
chr13p,weak,165179,165179,165179,165198,1,302.0,5.666666666666667
chr13p,weak,165447,165447,165447,165466,1,302.0,4.714285714285714
chr13p,weak,165647,165647,165647,165666,1,302.0,4.714285714285714
chr13p,weak,165830,165830,165830,165849,1,302.0,3.0
chr13p,weak,166277,166277,166277,166296,1,302.0,3.0
chr13p,weak,166468,166468,166468,166487,1,302.0,4.714285714285714
chr13p,weak,166647,166647,166647,166666,1,302.0,3.0
chr13p,weak,166818,166818,166818,166837,1,302.0,4.714285714285714
chr13p,weak,166980,166980,166980,166999,1,302.0,4.0
chr13p,weak,167168,167205,167168,167224,38,302.0,4.518379281537176
chr13p,weak,167375,167408,167375,167427,34,302.0,2.923648247177659
chr13p,weak,167559,167559,167559,167578,1,302.0,5.666666666666667
chr13p,weak,167873,167873,167873,167892,1,302.0,3.4444444444444446
chr13p,weak,168296,168296,168296,168315,1,302.0,5.666666666666667
chr13p,weak,168486,168486,168486,168505,1,302.0,2.6363636363636362
chr13p,weak,168662,168689,168662,168708,28,302.0,5.887755102040815
chr13p,weak,168874,168874,168874,168893,1,302.0,2.6363636363636362
chr13p,weak,169078,169078,169078,169097,1,302.0,4.714285714285714
chr13p,weak,169259,169259,169259,169278,1,302.0,3.0
chr13p,weak,169447,169447,169447,169466,1,302.0,4.0
chr13p,weak,169645,169645,169645,169664,1,302.0,3.0
chr13p,weak,169808,169808,169808,169827,1,302.0,5.666666666666667
chr13p,weak,170064,170064,170064,170083,1,302.0,4.714285714285714
chr13p,weak,170226,170226,170226,170245,1,302.0,4.0
chr13p,weak,170378,170378,170378,170397,1,302.0,2.6363636363636362
chr13p,weak,170506,170506,170506,170525,1,302.0,4.714285714285714
chr13p,weak,171126,171126,171126,171145,1,302.0,2.6363636363636362
chr13p,weak,171310,171310,171310,171329,1,302.0,5.666666666666667
chr13p,weak,171527,171536,171527,171555,10,302.0,3.8888888888888884
chr13p,weak,171896,171896,171896,171915,1,302.0,3.0
chr13p,weak,172284,172284,172284,172303,1,302.0,4.714285714285714
chr13p,weak,172666,172666,172666,172685,1,302.0,5.666666666666667
chr13p,weak,172836,172836,172836,172855,1,302.0,4.0
chr13p,weak,173358,173358,173358,173377,1,302.0,3.4444444444444446
chr13p,weak,173591,173591,173591,173610,1,302.0,4.0
chr13p,weak,173745,173745,173745,173764,1,302.0,3.0
chr13p,weak,173919,173919,173919,173938,1,302.0,5.666666666666667
chr13p,weak,174103,174103,174103,174122,1,302.0,3.0
chr13p,weak,174313,174313,174313,174332,1,302.0,9.0
chr13p,weak,174520,174520,174520,174539,1,302.0,2.3333333333333335
chr13p,weak,174733,174747,174733,174766,15,302.0,3.5470899470899466
chr13p,weak,174919,174919,174919,174938,1,302.0,4.714285714285714
chr13p,weak,175103,175103,175103,175122,1,302.0,4.0
chr13p,weak,175280,175280,175280,175299,1,302.0,3.4444444444444446
chr13p,weak,175471,175475,175471,175494,5,302.0,3.444444444444444
chr13p,weak,175643,175643,175643,175662,1,302.0,2.6363636363636362
chr13p,weak,175839,175839,175839,175858,1,302.0,3.4444444444444446
chr13p,weak,176019,176019,176019,176038,1,302.0,2.6363636363636362
chr13p,weak,176182,176182,176182,176201,1,302.0,5.666666666666667
chr13p,weak,176418,176418,176418,176437,1,302.0,5.666666666666667
chr13p,weak,176621,176621,176621,176640,1,302.0,3.0
chr13p,weak,176812,176812,176812,176831,1,302.0,4.714285714285714
chr13p,weak,177028,177042,177028,177061,15,302.0,3.7513227513227507
chr13p,weak,177558,177558,177558,177577,1,302.0,4.0
chr13p,weak,178181,178181,178181,178200,1,302.0,3.4444444444444446
chr13p,weak,178335,178335,178335,178354,1,302.0,4.0
chr13p,weak,178694,178694,178694,178713,1,302.0,3.0
chr13p,weak,178939,178939,178939,178958,1,302.0,4.714285714285714
chr13p,weak,179201,179201,179201,179220,1,302.0,5.666666666666667
chr13p,weak,180008,180008,180008,180027,1,302.0,4.714285714285714
chr13p,weak,180246,180246,180246,180265,1,302.0,3.4444444444444446
chr13p,weak,180426,180426,180426,180445,1,302.0,3.4444444444444446
chr13p,weak,180787,180787,180787,180806,1,302.0,4.0
chr13p,weak,180960,180960,180960,180979,1,302.0,5.666666666666667
chr13p,weak,181176,181176,181176,181195,1,302.0,3.4444444444444446
chr13p,weak,181355,181355,181355,181374,1,302.0,5.666666666666667
chr13p,weak,181557,181557,181557,181576,1,302.0,3.0
chr13p,weak,181709,181709,181709,181728,1,302.0,9.0
chr13p,weak,181869,181869,181869,181888,1,302.0,3.0
chr13p,weak,182018,182018,182018,182037,1,302.0,3.0
chr13p,weak,182368,182368,182368,182387,1,302.0,2.6363636363636362
chr13p,weak,182571,182571,182571,182590,1,302.0,4.714285714285714
chr13p,weak,182763,182763,182763,182782,1,302.0,2.6363636363636362
chr13p,weak,182874,182874,182874,182893,1,302.0,4.714285714285714
chr13p,weak,183067,183067,183067,183086,1,302.0,3.0
chr13p,weak,183283,183283,183283,183302,1,302.0,5.666666666666667
chr13p,weak,183490,183490,183490,183509,1,302.0,2.3333333333333335
chr13p,weak,183999,183999,183999,184018,1,302.0,3.4444444444444446
chr13p,weak,184200,184200,184200,184219,1,302.0,3.4444444444444446
chr13p,weak,184419,184419,184419,184438,1,302.0,4.0
chr13p,weak,184619,184619,184619,184638,1,302.0,4.0
chr13p,weak,184813,184813,184813,184832,1,302.0,3.4444444444444446
chr13p,weak,185016,185016,185016,185035,1,302.0,4.714285714285714
chr13p,weak,185233,185233,185233,185252,1,302.0,2.3333333333333335
chr13p,weak,185458,185462,185458,185481,5,302.0,4.0
chr13p,weak,185636,185636,185636,185655,1,302.0,2.6363636363636362
chr13p,weak,185838,185838,185838,185857,1,302.0,4.714285714285714
chr13p,weak,186050,186050,186050,186069,1,302.0,4.714285714285714
chr13p,weak,186237,186237,186237,186256,1,302.0,3.4444444444444446
chr13p,weak,186456,186480,186456,186499,25,302.0,3.266666666666667
chr13p,weak,186649,186649,186649,186668,1,302.0,3.4444444444444446
chr13p,weak,186895,186895,186895,186914,1,302.0,4.0
chr13p,weak,187136,187136,187136,187155,1,302.0,3.0
chr13p,weak,187367,187367,187367,187386,1,302.0,4.0
chr13p,weak,187557,187557,187557,187576,1,302.0,5.666666666666667
chr13p,weak,187765,187765,187765,187784,1,302.0,4.0
chr13p,weak,187996,188019,187996,188038,24,302.0,3.398148148148149
chr13p,weak,188257,188257,188257,188276,1,302.0,2.6363636363636362
chr13p,weak,188453,188461,188453,188480,9,302.0,4.396825396825397
chr13p,weak,188646,188646,188646,188665,1,302.0,3.4444444444444446
chr13p,weak,188819,188819,188819,188838,1,302.0,3.4444444444444446
chr13p,weak,188976,188976,188976,188995,1,302.0,3.4444444444444446
chr13p,weak,189107,189121,189107,189140,15,302.0,3.883597883597884
chr13p,weak,189316,189316,189316,189335,1,302.0,3.0
chr13p,weak,189533,189533,189533,189552,1,302.0,7.0
chr13p,weak,190246,190246,190246,190265,1,302.0,3.4444444444444446
chr13p,weak,190447,190447,190447,190466,1,302.0,3.4444444444444446
chr13p,weak,190666,190666,190666,190685,1,302.0,4.0
chr13p,weak,190866,190866,190866,190885,1,302.0,4.0
chr13p,weak,191060,191060,191060,191079,1,302.0,3.4444444444444446
chr13p,weak,191263,191263,191263,191282,1,302.0,4.714285714285714
chr13p,weak,191480,191480,191480,191499,1,302.0,2.3333333333333335
chr13p,weak,191705,191709,191705,191728,5,302.0,4.0
chr13p,weak,191883,191883,191883,191902,1,302.0,2.6363636363636362
chr13p,weak,192085,192085,192085,192104,1,302.0,4.714285714285714
chr13p,weak,192297,192297,192297,192316,1,302.0,4.714285714285714
chr13p,weak,192484,192484,192484,192503,1,302.0,3.4444444444444446
chr13p,weak,192703,192727,192703,192746,25,302.0,3.266666666666667
chr13p,weak,192896,192896,192896,192915,1,302.0,3.4444444444444446
chr13p,weak,193142,193142,193142,193161,1,302.0,4.0
chr13p,weak,193383,193383,193383,193402,1,302.0,3.0
chr13p,weak,193614,193614,193614,193633,1,302.0,4.0
chr13p,weak,193804,193804,193804,193823,1,302.0,5.666666666666667
chr13p,weak,194012,194012,194012,194031,1,302.0,4.0
chr13p,weak,194243,194266,194243,194285,24,302.0,3.398148148148149
chr13p,weak,194504,194504,194504,194523,1,302.0,2.6363636363636362
chr13p,weak,194704,194704,194704,194723,1,302.0,4.0
chr13p,weak,194894,194894,194894,194913,1,302.0,3.4444444444444446
chr13p,weak,195109,195109,195109,195128,1,302.0,3.4444444444444446
chr13p,weak,195300,195300,195300,195319,1,302.0,4.714285714285714
chr13p,weak,195487,195487,195487,195506,1,302.0,3.4444444444444446
chr13p,weak,195706,195730,195706,195749,25,302.0,3.266666666666667
chr13p,weak,195899,195899,195899,195918,1,302.0,3.4444444444444446
chr13p,weak,196145,196145,196145,196164,1,302.0,4.0
chr13p,weak,196386,196386,196386,196405,1,302.0,3.0
chr13p,weak,196572,196572,196572,196591,1,302.0,4.0
chr13p,weak,196823,196823,196823,196842,1,302.0,3.0
chr13p,weak,197015,197015,197015,197034,1,302.0,4.0
chr13p,weak,197254,197254,197254,197273,1,302.0,3.0
chr13p,weak,197453,197453,197453,197472,1,302.0,3.0
chr13p,weak,197644,197644,197644,197663,1,302.0,4.0
chr13p,weak,197835,197835,197835,197854,1,302.0,3.0
chr13p,weak,198020,198020,198020,198039,1,302.0,4.714285714285714
chr13p,weak,198195,198195,198195,198214,1,302.0,3.4444444444444446
chr13p,weak,198532,198532,198532,198551,1,302.0,3.4444444444444446
chr13p,weak,198659,198675,198659,198694,17,302.0,7.470588235294118
chr13p,weak,198754,198754,198754,198773,1,302.0,3.4444444444444446
chr13p,weak,198829,198829,198829,198848,1,302.0,4.714285714285714
chr13p,weak,199190,199190,199190,199209,1,302.0,4.714285714285714
chr13p,weak,199429,199429,199429,199448,1,302.0,5.666666666666667
chr13p,weak,199601,199601,199601,199620,1,302.0,3.4444444444444446
chr13p,weak,199944,199944,199944,199963,1,302.0,4.0
chr13p,weak,200276,200276,200276,200295,1,302.0,4.714285714285714
chr13p,weak,200451,200451,200451,200470,1,302.0,3.0
chr13p,weak,200623,200623,200623,200642,1,302.0,4.714285714285714
chr13p,weak,200811,200811,200811,200830,1,302.0,3.0
chr13p,weak,201029,201029,201029,201048,1,302.0,4.0
chr13p,weak,201227,201227,201227,201246,1,302.0,2.6363636363636362
chr13p,weak,201490,201490,201490,201509,1,302.0,3.4444444444444446
chr13p,weak,201674,201674,201674,201693,1,302.0,5.666666666666667
chr13p,weak,201853,201853,201853,201872,1,302.0,3.4444444444444446
chr13p,weak,202040,202040,202040,202059,1,302.0,5.666666666666667
chr13p,weak,202180,202180,202180,202199,1,302.0,3.4444444444444446
chr13p,weak,202705,202705,202705,202724,1,302.0,4.0
chr13p,weak,202792,202792,202792,202811,1,302.0,3.4444444444444446
chr13p,weak,202920,202920,202920,202939,1,302.0,3.0
chr13p,weak,203051,203051,203051,203070,1,302.0,3.0
chr13p,weak,203595,203595,203595,203614,1,302.0,5.666666666666667
chr13p,weak,203800,203800,203800,203819,1,302.0,2.6363636363636362
chr13p,weak,204012,204037,204012,204056,26,302.0,2.5641025641025643
chr13p,weak,204233,204233,204233,204252,1,302.0,5.666666666666667
chr13p,weak,204495,204495,204495,204514,1,302.0,5.666666666666667
chr13p,weak,204734,204734,204734,204753,1,302.0,4.714285714285714
chr13p,weak,204911,204911,204911,204930,1,302.0,3.4444444444444446
chr13p,weak,205139,205139,205139,205158,1,302.0,3.4444444444444446
chr13p,weak,205330,205330,205330,205349,1,302.0,4.714285714285714
chr13p,weak,205547,205547,205547,205566,1,302.0,2.3333333333333335
chr13p,weak,205772,205776,205772,205795,5,302.0,4.0
chr13p,weak,205950,205950,205950,205969,1,302.0,2.6363636363636362
chr13p,weak,206152,206152,206152,206171,1,302.0,4.714285714285714
chr13p,weak,206364,206364,206364,206383,1,302.0,4.714285714285714
chr13p,weak,206551,206551,206551,206570,1,302.0,3.4444444444444446
chr13p,weak,206770,206794,206770,206813,25,302.0,3.266666666666667
chr13p,weak,206963,206963,206963,206982,1,302.0,3.4444444444444446
chr13p,weak,207401,207401,207401,207420,1,302.0,3.0
chr13p,weak,207652,207652,207652,207671,1,302.0,4.0
chr13p,weak,207849,207849,207849,207868,1,302.0,5.666666666666667
chr13p,weak,208270,208270,208270,208289,1,302.0,3.0
chr13p,weak,208463,208463,208463,208482,1,302.0,3.0
chr13p,weak,208739,208739,208739,208758,1,302.0,5.666666666666667
chr13p,weak,208917,208917,208917,208936,1,302.0,2.6363636363636362
chr13p,weak,209129,209154,209129,209173,26,302.0,2.5641025641025643
chr13p,weak,209350,209350,209350,209369,1,302.0,5.666666666666667
chr13p,weak,209612,209612,209612,209631,1,302.0,5.666666666666667
chr13p,weak,209851,209851,209851,209870,1,302.0,4.714285714285714
chr13p,weak,210028,210028,210028,210047,1,302.0,3.4444444444444446
chr13p,weak,210256,210256,210256,210275,1,302.0,3.4444444444444446
chr13p,weak,210447,210447,210447,210466,1,302.0,4.714285714285714
chr13p,weak,210664,210664,210664,210683,1,302.0,2.3333333333333335
chr13p,weak,210889,210893,210889,210912,5,302.0,4.0
chr13p,weak,211067,211067,211067,211086,1,302.0,2.6363636363636362
chr13p,weak,211269,211269,211269,211288,1,302.0,4.714285714285714
chr13p,weak,211481,211481,211481,211500,1,302.0,4.714285714285714
chr13p,weak,211668,211668,211668,211687,1,302.0,3.4444444444444446
chr13p,weak,211887,211911,211887,211930,25,302.0,3.266666666666667
chr13p,weak,212080,212080,212080,212099,1,302.0,3.4444444444444446
chr13p,weak,212326,212326,212326,212345,1,302.0,4.0
chr13p,weak,212567,212567,212567,212586,1,302.0,3.0
chr13p,weak,212753,212753,212753,212772,1,302.0,4.0
chr13p,weak,213004,213004,213004,213023,1,302.0,3.0
chr13p,weak,213223,213223,213223,213242,1,302.0,4.0
chr13p,weak,213423,213423,213423,213442,1,302.0,3.4444444444444446
chr13p,weak,213654,213654,213654,213673,1,302.0,3.4444444444444446
chr13p,weak,213892,213892,213892,213911,1,302.0,4.0
chr13p,weak,214084,214084,214084,214103,1,302.0,4.714285714285714
chr13p,weak,214276,214301,214276,214320,26,302.0,3.665445665445665
chr13p,weak,214484,214484,214484,214503,1,302.0,4.714285714285714
chr13p,weak,214671,214671,214671,214690,1,302.0,3.4444444444444446
chr13p,weak,214878,214924,214878,214943,47,302.0,3.297872340425534
chr13p,weak,215083,215083,215083,215102,1,302.0,3.4444444444444446
chr13p,weak,215329,215329,215329,215348,1,302.0,4.0
chr13p,weak,215570,215570,215570,215589,1,302.0,3.0
chr13p,weak,215801,215801,215801,215820,1,302.0,4.0
chr13p,weak,215991,215991,215991,216010,1,302.0,5.666666666666667
chr13p,weak,216199,216199,216199,216218,1,302.0,4.0
chr13p,weak,216430,216453,216430,216472,24,302.0,3.398148148148149
chr13p,weak,216691,216691,216691,216710,1,302.0,2.6363636363636362
chr13p,weak,216891,216891,216891,216910,1,302.0,4.0
chr13p,weak,217081,217081,217081,217100,1,302.0,3.4444444444444446
chr13p,weak,217296,217296,217296,217315,1,302.0,3.4444444444444446
chr13p,weak,217487,217487,217487,217506,1,302.0,4.714285714285714
chr13p,weak,217674,217674,217674,217693,1,302.0,3.4444444444444446
chr13p,weak,217893,217917,217893,217936,25,302.0,3.266666666666667
chr13p,weak,218086,218086,218086,218105,1,302.0,3.4444444444444446
chr13p,weak,218332,218332,218332,218351,1,302.0,4.0
chr13p,weak,218573,218573,218573,218592,1,302.0,3.0
chr13p,weak,218759,218759,218759,218778,1,302.0,4.0
chr13p,weak,219010,219010,219010,219029,1,302.0,3.0
chr13p,weak,219212,219212,219212,219231,1,302.0,3.4444444444444446
chr13p,weak,219428,219428,219428,219447,1,302.0,3.4444444444444446
chr13p,weak,219640,219640,219640,219659,1,302.0,3.0
chr13p,weak,219834,219834,219834,219853,1,302.0,4.714285714285714
chr13p,weak,220022,220025,220022,220044,4,302.0,2.909090909090909
chr13p,weak,220209,220209,220209,220228,1,302.0,4.714285714285714
chr13p,weak,220382,220382,220382,220401,1,302.0,3.4444444444444446
chr13p,weak,220539,220539,220539,220558,1,302.0,3.0
chr13p,weak,220897,220897,220897,220916,1,302.0,2.6363636363636362
chr13p,weak,221357,221357,221357,221376,1,302.0,5.666666666666667
chr13p,weak,221457,221457,221457,221476,1,302.0,4.0
chr13p,weak,221631,221631,221631,221650,1,302.0,3.4444444444444446
chr13p,weak,221788,221788,221788,221807,1,302.0,3.4444444444444446
chr13p,weak,222019,222019,222019,222038,1,302.0,3.4444444444444446
chr13p,weak,222636,222636,222636,222655,1,302.0,3.0
chr13p,weak,222808,222808,222808,222827,1,302.0,5.666666666666667
chr13p,weak,222979,222979,222979,222998,1,302.0,3.0
chr13p,weak,223160,223177,223160,223196,18,302.0,3.1077441077441077
chr13p,weak,223332,223332,223332,223351,1,302.0,3.4444444444444446
chr13p,weak,223521,223521,223521,223540,1,302.0,3.4444444444444446
chr13p,weak,223712,223716,223712,223735,5,302.0,3.8888888888888884
chr13p,weak,223905,223905,223905,223924,1,302.0,3.4444444444444446
chr13p,weak,224085,224103,224085,224122,19,302.0,3.891395154553049
chr13p,weak,224449,224449,224449,224468,1,302.0,4.714285714285714
chr13p,weak,224791,224791,224791,224810,1,302.0,3.4444444444444446
chr13p,weak,224910,224910,224910,224929,1,302.0,3.4444444444444446
chr13p,weak,225178,225178,225178,225197,1,302.0,3.4444444444444446
chr13p,weak,225376,225376,225376,225395,1,302.0,3.4444444444444446
chr13p,weak,225584,225584,225584,225603,1,302.0,3.0
chr13p,weak,225804,225804,225804,225823,1,302.0,4.0
chr13p,weak,226477,226477,226477,226496,1,302.0,9.0
chr13p,weak,226946,226946,226946,226965,1,302.0,3.0
chr13p,weak,227638,227638,227638,227657,1,302.0,3.4444444444444446
chr13p,weak,227818,227818,227818,227837,1,302.0,3.0
chr13p,weak,228014,228032,228014,228051,19,302.0,3.078681552365763
chr13p,weak,228236,228236,228236,228255,1,302.0,3.0
chr13p,weak,228485,228485,228485,228504,1,302.0,5.666666666666667
chr13p,weak,228888,228888,228888,228907,1,302.0,4.714285714285714
chr13p,weak,229103,229103,229103,229122,1,302.0,5.666666666666667
chr13p,weak,229282,229282,229282,229301,1,302.0,4.714285714285714
chr13p,weak,229441,229441,229441,229460,1,302.0,3.0
chr13p,weak,229636,229636,229636,229655,1,302.0,4.0
chr13p,weak,229807,229807,229807,229826,1,302.0,3.4444444444444446
chr13p,weak,230277,230277,230277,230296,1,302.0,3.0
chr13p,weak,230367,230408,230367,230427,42,302.0,4.272108843537415
chr13p,weak,230504,230528,230504,230547,25,302.0,2.8286868686868685
chr13p,weak,230708,230714,230708,230733,7,302.0,3.2698412698412698
chr13p,weak,230872,230872,230872,230891,1,302.0,3.0
chr13p,weak,231073,231073,231073,231092,1,302.0,4.714285714285714
chr13p,weak,231257,231257,231257,231276,1,302.0,4.714285714285714
chr13p,weak,231450,231450,231450,231469,1,302.0,4.714285714285714
chr13p,weak,231601,231601,231601,231620,1,302.0,2.6363636363636362
chr13p,weak,232087,232087,232087,232106,1,302.0,4.0
chr13p,weak,232151,232151,232151,232170,1,302.0,3.4444444444444446
chr13p,weak,232629,232629,232629,232648,1,302.0,3.4444444444444446
chr13p,weak,232793,232793,232793,232812,1,302.0,3.4444444444444446
chr13p,weak,232985,232989,232985,233008,5,302.0,2.3333333333333335
chr13p,weak,233152,233168,233152,233187,17,302.0,5.184873949579831
chr13p,weak,233469,233484,233469,233503,16,302.0,3.075757575757576
chr13p,weak,233614,233614,233614,233633,1,302.0,4.0
chr13p,weak,233792,233792,233792,233811,1,302.0,4.0
chr13p,weak,233960,233999,233960,234018,40,302.0,4.071428571428571
chr13p,weak,235088,235088,235088,235107,1,302.0,3.4444444444444446
chr13p,weak,235306,235306,235306,235325,1,302.0,4.714285714285714
chr13p,weak,235512,235512,235512,235531,1,302.0,3.0
chr13p,weak,235717,235717,235717,235736,1,302.0,3.4444444444444446
chr13p,weak,236029,236029,236029,236048,1,302.0,3.0
chr13p,weak,236283,236283,236283,236302,1,302.0,3.4444444444444446
chr13p,weak,236471,236471,236471,236490,1,302.0,3.0
chr13p,weak,236646,236646,236646,236665,1,302.0,3.4444444444444446
chr13p,weak,236801,236801,236801,236820,1,302.0,4.714285714285714
chr13p,weak,236932,236947,236932,236966,16,302.0,6.291666666666667
chr13p,weak,237354,237354,237354,237373,1,302.0,5.666666666666667
chr13p,weak,237522,237522,237522,237541,1,302.0,3.0
chr13p,weak,237687,237687,237687,237706,1,302.0,9.0
chr13p,weak,237877,237877,237877,237896,1,302.0,3.4444444444444446
chr13p,weak,238046,238046,238046,238065,1,302.0,5.666666666666667
chr13p,weak,238161,238161,238161,238180,1,302.0,3.0
chr13p,weak,238236,238236,238236,238255,1,302.0,3.0
chr13p,weak,238400,238400,238400,238419,1,302.0,4.0
chr13p,weak,238603,238603,238603,238622,1,302.0,3.4444444444444446
chr13p,weak,238810,238810,238810,238829,1,302.0,5.666666666666667
chr13p,weak,238871,238871,238871,238890,1,302.0,4.0
chr13p,weak,239100,239108,239100,239127,9,302.0,4.0
chr13p,weak,239289,239289,239289,239308,1,302.0,3.0
chr13p,weak,239477,239486,239477,239505,10,302.0,3.311111111111111
chr13p,weak,239615,239627,239615,239646,13,302.0,4.21978021978022
chr13p,weak,240520,240520,240520,240539,1,302.0,2.3333333333333335
chr13p,weak,240728,240728,240728,240747,1,302.0,4.0
chr13p,weak,240906,240906,240906,240925,1,302.0,2.6363636363636362
chr13p,weak,241103,241103,241103,241122,1,302.0,4.0
chr13p,weak,241279,241279,241279,241298,1,302.0,3.4444444444444446
chr13p,weak,241489,241489,241489,241508,1,302.0,4.714285714285714
chr13p,weak,241587,241587,241587,241606,1,302.0,4.714285714285714
chr13p,weak,241681,241681,241681,241700,1,302.0,2.6363636363636362
chr13p,weak,241835,241898,241835,241917,64,302.0,4.079861111111111
chr13p,weak,243336,243336,243336,243355,1,302.0,4.714285714285714
chr13p,weak,243503,243503,243503,243522,1,302.0,2.6363636363636362
chr13p,weak,243880,243880,243880,243899,1,302.0,3.0
chr13p,weak,244239,244239,244239,244258,1,302.0,3.4444444444444446
chr13p,weak,245273,245273,245273,245292,1,302.0,3.4444444444444446
chr13p,weak,245427,245454,245427,245473,28,302.0,4.553854875283447
chr13p,weak,245635,245652,245635,245671,18,302.0,3.039281705948373
chr13p,weak,245829,245829,245829,245848,1,302.0,5.666666666666667
chr13p,weak,246015,246020,246015,246039,6,302.0,3.1481481481481484
chr13p,weak,246209,246214,246209,246233,6,302.0,4.476190476190477
chr13p,weak,246383,246383,246383,246402,1,302.0,4.0
chr13p,weak,246568,246568,246568,246587,1,302.0,4.714285714285714
chr13p,weak,246742,246742,246742,246761,1,302.0,4.0
chr13p,weak,246909,246909,246909,246928,1,302.0,2.6363636363636362
chr13p,weak,247079,247079,247079,247098,1,302.0,5.666666666666667
chr13p,weak,247293,247293,247293,247312,1,302.0,3.4444444444444446
chr13p,weak,247492,247492,247492,247511,1,302.0,4.714285714285714
chr13p,weak,247775,247775,247775,247794,1,302.0,3.0
chr13p,weak,247904,247904,247904,247923,1,302.0,4.0
chr13p,weak,248050,248050,248050,248069,1,302.0,4.714285714285714
chr13p,weak,248244,248244,248244,248263,1,302.0,5.666666666666667
chr13p,weak,248424,248424,248424,248443,1,302.0,4.0
chr13p,weak,248614,248614,248614,248633,1,302.0,4.714285714285714
chr13p,weak,248796,248796,248796,248815,1,302.0,4.0
chr13p,weak,248994,249006,248994,249025,13,302.0,4.622710622710623
chr13p,weak,249183,249199,249183,249218,17,302.0,3.6844070961718023
chr13p,weak,249407,249407,249407,249426,1,302.0,3.4444444444444446
chr13p,weak,249561,249561,249561,249580,1,302.0,3.4444444444444446
chr13p,weak,249690,249690,249690,249709,1,302.0,4.714285714285714
chr13p,weak,250177,250177,250177,250196,1,302.0,4.0
chr13p,weak,250344,250344,250344,250363,1,302.0,3.0
chr13p,weak,250533,250533,250533,250552,1,302.0,3.4444444444444446
chr13p,weak,250903,250903,250903,250922,1,302.0,3.4444444444444446
chr13p,weak,251301,251301,251301,251320,1,302.0,4.0
chr13p,weak,251487,251487,251487,251506,1,302.0,3.4444444444444446
chr13p,weak,251707,251707,251707,251726,1,302.0,3.4444444444444446
chr13p,weak,251893,251893,251893,251912,1,302.0,2.6363636363636362
chr13p,weak,252105,252105,252105,252124,1,302.0,3.4444444444444446
chr13p,weak,252277,252277,252277,252296,1,302.0,3.4444444444444446
chr13p,weak,252481,252481,252481,252500,1,302.0,3.0
chr13p,weak,252662,252662,252662,252681,1,302.0,3.0
chr13p,weak,252847,252878,252847,252897,32,302.0,3.1351010101010104
chr13p,weak,253050,253050,253050,253069,1,302.0,5.666666666666667
chr13p,weak,253277,253277,253277,253296,1,302.0,3.0
chr13p,weak,253449,253462,253449,253481,14,302.0,3.682539682539683
chr13p,weak,253620,253620,253620,253639,1,302.0,3.4444444444444446
chr13p,weak,253787,253787,253787,253806,1,302.0,4.714285714285714
chr13p,weak,253957,253957,253957,253976,1,302.0,3.4444444444444446
chr13p,weak,254477,254477,254477,254496,1,302.0,2.6363636363636362
chr13p,weak,255299,255303,255299,255322,5,302.0,3.7777777777777777
chr13p,weak,255488,255488,255488,255507,1,302.0,4.0
chr13p,weak,255669,255669,255669,255688,1,302.0,2.6363636363636362
chr13p,weak,255840,255840,255840,255859,1,302.0,4.714285714285714
chr13p,weak,256054,256054,256054,256073,1,302.0,4.714285714285714
chr13p,weak,256207,256207,256207,256226,1,302.0,4.0
chr13p,weak,256364,256364,256364,256383,1,302.0,3.4444444444444446
chr13p,weak,256560,256560,256560,256579,1,302.0,7.0
chr13p,weak,256764,256764,256764,256783,1,302.0,3.0
chr13p,weak,257179,257224,257179,257243,46,302.0,4.120772946859906
chr13p,weak,257371,257371,257371,257390,1,302.0,4.714285714285714
chr13p,weak,257538,257538,257538,257557,1,302.0,4.714285714285714
chr13p,weak,257735,257735,257735,257754,1,302.0,9.0
chr13p,weak,257898,257898,257898,257917,1,302.0,4.714285714285714
chr13p,weak,258083,258083,258083,258102,1,302.0,2.6363636363636362
chr13p,weak,258284,258284,258284,258303,1,302.0,4.0
chr13p,weak,258494,258494,258494,258513,1,302.0,4.714285714285714
chr13p,weak,258673,258688,258673,258707,16,302.0,3.620039682539683
chr13p,weak,258888,258888,258888,258907,1,302.0,4.714285714285714
chr13p,weak,259114,259114,259114,259133,1,302.0,3.4444444444444446
chr13p,weak,259308,259308,259308,259327,1,302.0,2.6363636363636362
chr13p,weak,259492,259492,259492,259511,1,302.0,3.4444444444444446
chr13p,weak,259685,259685,259685,259704,1,302.0,4.0
chr13p,weak,259878,259878,259878,259897,1,302.0,3.4444444444444446
chr13p,weak,260032,260032,260032,260051,1,302.0,3.0
chr13p,weak,260568,260568,260568,260587,1,302.0,3.4444444444444446
chr13p,weak,260643,260643,260643,260662,1,302.0,4.714285714285714
chr13p,weak,260742,260742,260742,260761,1,302.0,3.4444444444444446
chr13p,weak,260983,260983,260983,261002,1,302.0,3.4444444444444446
chr13p,weak,261187,261187,261187,261206,1,302.0,4.0
chr13p,weak,261368,261368,261368,261387,1,302.0,3.4444444444444446
chr13p,weak,261592,261592,261592,261611,1,302.0,3.0
chr13p,weak,261782,261782,261782,261801,1,302.0,5.666666666666667
chr13p,weak,261960,261960,261960,261979,1,302.0,3.0
chr13p,weak,262151,262151,262151,262170,1,302.0,3.0
chr13p,weak,262336,262367,262336,262386,32,302.0,3.1351010101010104
chr13p,weak,262541,262560,262541,262579,20,302.0,6.300000000000001
chr13p,weak,262749,262749,262749,262768,1,302.0,2.3333333333333335
chr13p,weak,262936,262936,262936,262955,1,302.0,4.0
chr13p,weak,263108,263108,263108,263127,1,302.0,4.0
chr13p,weak,263283,263283,263283,263302,1,302.0,4.714285714285714
chr13p,weak,263454,263454,263454,263473,1,302.0,3.0
chr13p,weak,263950,263950,263950,263969,1,302.0,4.0
chr13p,weak,264224,264224,264224,264243,1,302.0,4.0
chr13p,weak,264408,264408,264408,264427,1,302.0,3.4444444444444446
chr13p,weak,264631,264636,264631,264655,6,302.0,3.8148148148148144
chr13p,weak,264811,264811,264811,264830,1,302.0,5.666666666666667
chr13p,weak,264968,264968,264968,264987,1,302.0,4.0
chr13p,weak,265154,265154,265154,265173,1,302.0,2.3333333333333335
chr13p,weak,265357,265357,265357,265376,1,302.0,4.0
chr13p,weak,265830,265830,265830,265849,1,302.0,3.4444444444444446
chr13p,weak,266293,266293,266293,266312,1,302.0,4.714285714285714
chr13p,weak,266484,266484,266484,266503,1,302.0,4.714285714285714
chr13p,weak,266696,266696,266696,266715,1,302.0,4.714285714285714
chr13p,weak,266913,266913,266913,266932,1,302.0,4.714285714285714
chr13p,weak,267107,267107,267107,267126,1,302.0,2.6363636363636362
chr13p,weak,267318,267318,267318,267337,1,302.0,4.714285714285714
chr13p,weak,267495,267502,267495,267521,8,302.0,3.361111111111111
chr13p,weak,267687,267687,267687,267706,1,302.0,4.714285714285714
chr13p,weak,267891,267891,267891,267910,1,302.0,3.4444444444444446
chr13p,weak,268082,268082,268082,268101,1,302.0,4.714285714285714
chr13p,weak,268289,268289,268289,268308,1,302.0,3.4444444444444446
chr13p,weak,268469,268469,268469,268488,1,302.0,4.0
chr13p,weak,268631,268643,268631,268662,13,302.0,3.0466200466200464
chr13p,weak,268788,268788,268788,268807,1,302.0,4.714285714285714
chr13p,weak,268853,268853,268853,268872,1,302.0,5.666666666666667
chr13p,weak,268973,268973,268973,268992,1,302.0,3.0
chr13p,weak,269152,269152,269152,269171,1,302.0,3.0
chr13p,weak,269234,269234,269234,269253,1,302.0,4.0
chr13p,weak,269367,269367,269367,269386,1,302.0,3.0
chr13p,weak,269585,269593,269585,269612,9,302.0,5.031746031746032
chr13p,weak,269791,269791,269791,269810,1,302.0,3.0
chr13p,weak,269976,269976,269976,269995,1,302.0,4.714285714285714
chr13p,weak,270146,270155,270146,270174,10,302.0,2.5272727272727273
chr13p,weak,270350,270350,270350,270369,1,302.0,4.714285714285714
chr13p,weak,270510,270531,270510,270550,22,302.0,2.513244331426149
chr13p,weak,270716,270716,270716,270735,1,302.0,4.714285714285714
chr13p,weak,270909,270909,270909,270928,1,302.0,3.0
chr13p,weak,271259,271259,271259,271278,1,302.0,2.6363636363636362
chr13p,weak,271470,271470,271470,271489,1,302.0,4.714285714285714
chr13p,weak,271646,271646,271646,271665,1,302.0,2.6363636363636362
chr13p,weak,271835,271835,271835,271854,1,302.0,4.0
chr13p,weak,272351,272351,272351,272370,1,302.0,2.3333333333333335
chr13p,weak,272558,272558,272558,272577,1,302.0,4.714285714285714
chr13p,weak,272765,272765,272765,272784,1,302.0,2.6363636363636362
chr13p,weak,272962,272962,272962,272981,1,302.0,5.666666666666667
chr13p,weak,273169,273169,273169,273188,1,302.0,3.0
chr13p,weak,273354,273354,273354,273373,1,302.0,4.0
chr13p,weak,273531,273531,273531,273550,1,302.0,2.3333333333333335
chr13p,weak,273705,273705,273705,273724,1,302.0,7.0
chr13p,weak,273888,273888,273888,273907,1,302.0,3.4444444444444446
chr13p,weak,274187,274187,274187,274206,1,302.0,4.0
chr13p,weak,274376,274376,274376,274395,1,302.0,3.0
chr13p,weak,274615,274615,274615,274634,1,302.0,3.0
chr13p,weak,274801,274801,274801,274820,1,302.0,4.0
chr13p,weak,275025,275025,275025,275044,1,302.0,2.6363636363636362
chr13p,weak,275212,275212,275212,275231,1,302.0,5.666666666666667
chr13p,weak,275417,275417,275417,275436,1,302.0,2.076923076923077
chr13p,weak,275622,275622,275622,275641,1,302.0,4.0
chr13p,weak,276050,276050,276050,276069,1,302.0,3.0
chr13p,weak,276565,276565,276565,276584,1,302.0,4.714285714285714
chr13p,weak,276756,276756,276756,276775,1,302.0,4.714285714285714
chr13p,weak,276968,276968,276968,276987,1,302.0,4.714285714285714
chr13p,weak,277185,277185,277185,277204,1,302.0,4.714285714285714
chr13p,weak,277379,277379,277379,277398,1,302.0,2.6363636363636362
chr13p,weak,277590,277590,277590,277609,1,302.0,4.714285714285714
chr13p,weak,277767,277774,277767,277793,8,302.0,3.361111111111111
chr13p,weak,277959,277959,277959,277978,1,302.0,4.714285714285714
chr13p,weak,278163,278163,278163,278182,1,302.0,3.4444444444444446
chr13p,weak,278354,278354,278354,278373,1,302.0,4.714285714285714
chr13p,weak,278561,278561,278561,278580,1,302.0,3.4444444444444446
chr13p,weak,278741,278741,278741,278760,1,302.0,4.0
chr13p,weak,278903,278915,278903,278934,13,302.0,3.0466200466200464
chr13p,weak,279060,279060,279060,279079,1,302.0,4.714285714285714
chr13p,weak,279125,279125,279125,279144,1,302.0,5.666666666666667
chr13p,weak,279245,279245,279245,279264,1,302.0,3.0
chr13p,weak,279424,279424,279424,279443,1,302.0,3.0
chr13p,weak,279506,279506,279506,279525,1,302.0,4.0
chr13p,weak,279639,279639,279639,279658,1,302.0,3.0
chr13p,weak,279857,279865,279857,279884,9,302.0,5.031746031746032
chr13p,weak,280063,280063,280063,280082,1,302.0,3.0
chr13p,weak,280248,280248,280248,280267,1,302.0,4.714285714285714
chr13p,weak,280418,280427,280418,280446,10,302.0,2.5272727272727273
chr13p,weak,280622,280622,280622,280641,1,302.0,4.714285714285714
chr13p,weak,280782,280803,280782,280822,22,302.0,2.513244331426149
chr13p,weak,280988,280988,280988,281007,1,302.0,4.714285714285714
chr13p,weak,281172,281172,281172,281191,1,302.0,2.6363636363636362
chr13p,weak,281365,281365,281365,281384,1,302.0,4.714285714285714
chr13p,weak,281549,281549,281549,281568,1,302.0,2.6363636363636362
chr13p,weak,281729,281729,281729,281748,1,302.0,5.666666666666667
chr13p,weak,282407,282407,282407,282426,1,302.0,3.4444444444444446
chr13p,weak,282649,282649,282649,282668,1,302.0,3.0
chr13p,weak,282830,282830,282830,282849,1,302.0,4.714285714285714
chr13p,weak,283037,283037,283037,283056,1,302.0,2.6363636363636362
chr13p,weak,283234,283234,283234,283253,1,302.0,5.666666666666667
chr13p,weak,283441,283441,283441,283460,1,302.0,3.0
chr13p,weak,283626,283626,283626,283645,1,302.0,4.0
chr13p,weak,283803,283803,283803,283822,1,302.0,2.3333333333333335
chr13p,weak,283977,283977,283977,283996,1,302.0,7.0
chr13p,weak,284160,284160,284160,284179,1,302.0,3.4444444444444446
chr13p,weak,284459,284459,284459,284478,1,302.0,4.0
chr13p,weak,284671,284671,284671,284690,1,302.0,4.0
chr13p,weak,284891,284891,284891,284910,1,302.0,2.6363636363636362
chr13p,weak,285068,285081,285068,285100,14,302.0,3.706349206349206
chr13p,weak,285267,285267,285267,285286,1,302.0,2.6363636363636362
chr13p,weak,285462,285472,285462,285491,11,302.0,6.212121212121213
chr13p,weak,285673,285673,285673,285692,1,302.0,2.3333333333333335
chr13p,weak,285867,285867,285867,285886,1,302.0,4.0
chr13p,weak,286052,286052,286052,286071,1,302.0,3.0
chr13p,weak,286233,286233,286233,286252,1,302.0,7.0
chr13p,weak,286445,286445,286445,286464,1,302.0,2.6363636363636362
chr13p,weak,286638,286638,286638,286657,1,302.0,4.0
chr13p,weak,286826,286826,286826,286845,1,302.0,3.0
chr13p,weak,287000,287000,287000,287019,1,302.0,5.666666666666667
chr13p,weak,287162,287162,287162,287181,1,302.0,3.0
chr13p,weak,287892,287892,287892,287911,1,302.0,3.0
chr13p,weak,288082,288082,288082,288101,1,302.0,4.0
chr13p,weak,288289,288289,288289,288308,1,302.0,3.0
chr13p,weak,288495,288495,288495,288514,1,302.0,7.0
chr13p,weak,288701,288701,288701,288720,1,302.0,3.4444444444444446
chr13p,weak,288882,288882,288882,288901,1,302.0,4.714285714285714
chr13p,weak,289070,289070,289070,289089,1,302.0,2.3333333333333335
chr13p,weak,289248,289248,289248,289267,1,302.0,5.666666666666667
chr13p,weak,289428,289428,289428,289447,1,302.0,2.6363636363636362
chr13p,weak,289640,289640,289640,289659,1,302.0,4.714285714285714
chr13p,weak,289838,289838,289838,289857,1,302.0,3.4444444444444446
chr13p,weak,290027,290035,290027,290054,9,302.0,4.158730158730159
chr13p,weak,290204,290204,290204,290223,1,302.0,2.3333333333333335
chr13p,weak,290395,290395,290395,290414,1,302.0,4.714285714285714
chr13p,weak,290625,290625,290625,290644,1,302.0,4.714285714285714
chr13p,weak,290996,291024,290996,291043,29,302.0,3.842911877394636
chr13p,weak,291456,291456,291456,291475,1,302.0,3.0
chr13p,weak,291677,291677,291677,291696,1,302.0,3.0
chr13p,weak,291881,291893,291881,291912,13,302.0,5.153846153846154
chr13p,weak,292081,292081,292081,292100,1,302.0,2.6363636363636362
chr13p,weak,292270,292270,292270,292289,1,302.0,4.0
chr13p,weak,292456,292456,292456,292475,1,302.0,2.3333333333333335
chr13p,weak,292631,292631,292631,292650,1,302.0,5.666666666666667
chr13p,weak,292810,292810,292810,292829,1,302.0,2.6363636363636362
chr13p,weak,293034,293034,293034,293053,1,302.0,4.0
chr13p,weak,293220,293220,293220,293239,1,302.0,3.4444444444444446
chr13p,weak,293405,293405,293405,293424,1,302.0,4.0
chr13p,weak,293581,293581,293581,293600,1,302.0,2.3333333333333335
chr13p,weak,293752,293752,293752,293771,1,302.0,7.0
chr13p,weak,293942,293974,293942,293993,33,302.0,2.9840832568105293
chr13p,weak,294166,294214,294166,294233,49,302.0,3.178667137850812
chr13p,weak,294379,294379,294379,294398,1,302.0,4.0
chr13p,weak,294566,294566,294566,294585,1,302.0,3.4444444444444446
chr13p,weak,294860,294860,294860,294879,1,302.0,4.714285714285714
chr13p,weak,295048,295048,295048,295067,1,302.0,2.6363636363636362
chr13p,weak,295264,295264,295264,295283,1,302.0,5.666666666666667
chr13p,weak,295474,295474,295474,295493,1,302.0,3.0
chr13p,weak,295653,295653,295653,295672,1,302.0,4.0
chr13p,weak,295815,295839,295815,295858,25,302.0,2.776161616161616
chr13p,weak,296014,296014,296014,296033,1,302.0,5.666666666666667
chr13p,weak,296193,296193,296193,296212,1,302.0,2.6363636363636362
chr13p,weak,296417,296417,296417,296436,1,302.0,4.0
chr13p,weak,296603,296603,296603,296622,1,302.0,3.4444444444444446
chr13p,weak,296788,296788,296788,296807,1,302.0,4.0
chr13p,weak,296964,296964,296964,296983,1,302.0,2.3333333333333335
chr13p,weak,297135,297135,297135,297154,1,302.0,7.0
chr13p,weak,297325,297357,297325,297376,33,302.0,2.9840832568105293
chr13p,weak,297549,297549,297549,297568,1,302.0,4.0
chr13p,weak,297762,297762,297762,297781,1,302.0,4.0
chr13p,weak,297819,297819,297819,297838,1,302.0,4.0
chr13p,weak,298242,298242,298242,298261,1,302.0,5.666666666666667
chr13p,weak,298295,298295,298295,298314,1,302.0,4.0
chr13p,weak,298447,298447,298447,298466,1,302.0,3.4444444444444446
chr13p,weak,298652,298652,298652,298671,1,302.0,4.714285714285714
chr13p,weak,298873,298873,298873,298892,1,302.0,4.714285714285714
chr13p,weak,299049,299056,299049,299075,8,302.0,4.178571428571429
chr13p,weak,299217,299217,299217,299236,1,302.0,2.3333333333333335
chr13p,weak,299382,299411,299382,299430,30,302.0,6.123809523809523
chr13p,weak,299597,299610,299597,299629,14,302.0,2.8499278499278495
chr13p,weak,299791,299799,299791,299818,9,302.0,4.238095238095238
chr13p,weak,299989,299989,299989,300008,1,302.0,3.4444444444444446
chr13p,weak,300161,300161,300161,300180,1,302.0,4.714285714285714
chr13p,weak,300331,300331,300331,300350,1,302.0,2.3333333333333335
chr13p,weak,300459,300459,300459,300478,1,302.0,3.0
chr13p,weak,300750,300750,300750,300769,1,302.0,4.0
chr13p,weak,300937,300937,300937,300956,1,302.0,3.4444444444444446
chr13p,weak,301156,301156,301156,301175,1,302.0,5.666666666666667
chr13p,weak,301348,301348,301348,301367,1,302.0,3.0
chr13p,weak,301580,301580,301580,301599,1,302.0,2.6363636363636362
chr13p,weak,301800,301800,301800,301819,1,302.0,7.0
chr13p,weak,302008,302008,302008,302027,1,302.0,3.0
chr13p,weak,302203,302203,302203,302222,1,302.0,4.0
chr13p,weak,302376,302389,302376,302408,14,302.0,2.5064935064935066
chr13p,weak,302567,302567,302567,302586,1,302.0,4.714285714285714
chr13p,weak,302771,302771,302771,302790,1,302.0,2.6363636363636362
chr13p,weak,302958,302958,302958,302977,1,302.0,4.714285714285714
chr13p,weak,303165,303165,303165,303184,1,302.0,4.714285714285714
chr13p,weak,303344,303344,303344,303363,1,302.0,4.0
chr13p,weak,303534,303550,303534,303569,17,302.0,3.738562091503268
chr13p,weak,303740,303763,303740,303782,24,302.0,3.0202020202020208
chr13p,weak,303908,303971,303908,303990,64,302.0,4.5933441558441555
chr13p,weak,304408,304408,304408,304427,1,302.0,4.0
chr13p,weak,304627,304627,304627,304646,1,302.0,4.0
chr13p,weak,304813,304813,304813,304832,1,302.0,2.6363636363636362
chr13p,weak,304993,305006,304993,305025,14,302.0,4.646258503401361
chr13p,weak,305206,305206,305206,305225,1,302.0,3.0
chr13p,weak,305394,305394,305394,305413,1,302.0,4.714285714285714
chr13p,weak,305561,305561,305561,305580,1,302.0,3.0
chr13p,weak,305741,305741,305741,305760,1,302.0,7.0
chr13p,weak,305909,305909,305909,305928,1,302.0,3.4444444444444446
chr13p,weak,306123,306123,306123,306142,1,302.0,5.666666666666667
chr13p,weak,306314,306314,306314,306333,1,302.0,2.3333333333333335
chr13p,weak,306545,306545,306545,306564,1,302.0,3.4444444444444446
chr13p,weak,306812,306812,306812,306831,1,302.0,5.666666666666667
chr13p,weak,307013,307013,307013,307032,1,302.0,4.0
chr13p,weak,307231,307231,307231,307250,1,302.0,5.666666666666667
chr13p,weak,307434,307434,307434,307453,1,302.0,4.714285714285714
chr13p,weak,307603,307603,307603,307622,1,302.0,3.0
chr13p,weak,307810,307810,307810,307829,1,302.0,4.714285714285714
chr13p,weak,308000,308000,308000,308019,1,302.0,3.0
chr13p,weak,308237,308237,308237,308256,1,302.0,3.0
chr13p,weak,308426,308426,308426,308445,1,302.0,3.4444444444444446
chr13p,weak,308602,308602,308602,308621,1,302.0,4.0
chr13p,weak,309064,309080,309064,309099,17,302.0,5.924369747899159
chr13p,weak,309280,309280,309280,309299,1,302.0,2.6363636363636362
chr13p,weak,309478,309478,309478,309497,1,302.0,4.0
chr13p,weak,309658,309658,309658,309677,1,302.0,3.0
chr13p,weak,309865,309865,309865,309884,1,302.0,4.0
chr13p,weak,310039,310039,310039,310058,1,302.0,2.3333333333333335
chr13p,weak,310187,310187,310187,310206,1,302.0,4.714285714285714
chr13p,weak,310459,310480,310459,310499,22,302.0,4.548340548340549
chr13p,weak,310612,310612,310612,310631,1,302.0,3.4444444444444446
chr13p,weak,310906,310906,310906,310925,1,302.0,3.4444444444444446
chr13p,weak,311050,311050,311050,311069,1,302.0,4.0
chr13p,weak,311352,311352,311352,311371,1,302.0,4.0
chr13p,weak,311707,311707,311707,311726,1,302.0,5.666666666666667
chr13p,weak,311869,311869,311869,311888,1,302.0,3.0
chr13p,weak,312205,312205,312205,312224,1,302.0,4.714285714285714
chr13p,weak,312339,312339,312339,312358,1,302.0,4.714285714285714
chr13p,weak,312516,312516,312516,312535,1,302.0,3.4444444444444446
chr13p,weak,312709,312709,312709,312728,1,302.0,4.714285714285714
chr13p,weak,312796,312796,312796,312815,1,302.0,3.4444444444444446
chr13p,weak,312959,312959,312959,312978,1,302.0,4.714285714285714
chr13p,weak,313752,313752,313752,313771,1,302.0,4.714285714285714
chr13p,weak,313957,313957,313957,313976,1,302.0,3.0
chr13p,weak,314383,314383,314383,314402,1,302.0,5.666666666666667
chr13p,weak,314489,314489,314489,314508,1,302.0,4.0
chr13p,weak,315032,315032,315032,315051,1,302.0,3.4444444444444446
chr13p,weak,315214,315230,315214,315249,17,302.0,4.835667600373483
chr13p,weak,315443,315443,315443,315462,1,302.0,4.0
chr13p,weak,315637,315637,315637,315656,1,302.0,2.6363636363636362
chr13p,weak,315818,315818,315818,315837,1,302.0,4.0
chr13p,weak,315999,315999,315999,316018,1,302.0,3.0
chr13p,weak,316186,316186,316186,316205,1,302.0,4.714285714285714
chr13p,weak,316840,316840,316840,316859,1,302.0,3.0
chr13p,weak,317213,317213,317213,317232,1,302.0,3.0
chr13p,weak,317387,317387,317387,317406,1,302.0,3.4444444444444446
chr13p,weak,317537,317537,317537,317556,1,302.0,3.4444444444444446
chr13p,weak,317690,317690,317690,317709,1,302.0,3.0
chr13p,weak,317822,317822,317822,317841,1,302.0,4.714285714285714
chr13p,weak,317990,317990,317990,318009,1,302.0,4.714285714285714
chr13p,weak,318172,318172,318172,318191,1,302.0,9.0
chr13p,weak,318336,318336,318336,318355,1,302.0,2.6363636363636362
chr13p,weak,318804,318804,318804,318823,1,302.0,3.0
chr13p,weak,319286,319286,319286,319305,1,302.0,4.714285714285714
chr13p,weak,319435,319435,319435,319454,1,302.0,3.4444444444444446
chr13p,weak,319623,319623,319623,319642,1,302.0,4.714285714285714
chr13p,weak,319821,319821,319821,319840,1,302.0,2.6363636363636362
chr13p,weak,320058,320058,320058,320077,1,302.0,3.0
chr13p,weak,320299,320299,320299,320318,1,302.0,4.0
chr13p,weak,320489,320489,320489,320508,1,302.0,2.6363636363636362
chr13p,weak,320696,320696,320696,320715,1,302.0,3.4444444444444446
chr13p,weak,320893,320893,320893,320912,1,302.0,4.714285714285714
chr13p,weak,321057,321057,321057,321076,1,302.0,4.714285714285714
chr13p,weak,321822,321822,321822,321841,1,302.0,5.666666666666667
chr13p,weak,322361,322361,322361,322380,1,302.0,4.0
chr13p,weak,322544,322544,322544,322563,1,302.0,3.0
chr13p,weak,322751,322772,322751,322791,22,302.0,3.3030303030303028
chr13p,weak,322955,322955,322955,322974,1,302.0,3.4444444444444446
chr13p,weak,323189,323189,323189,323208,1,302.0,2.6363636363636362
chr13p,weak,323382,323382,323382,323401,1,302.0,4.0
chr13p,weak,323581,323581,323581,323600,1,302.0,3.0
chr13p,weak,324092,324092,324092,324111,1,302.0,3.4444444444444446
chr13p,weak,324269,324269,324269,324288,1,302.0,2.6363636363636362
chr13p,weak,324417,324417,324417,324436,1,302.0,3.4444444444444446
chr13p,weak,324595,324595,324595,324614,1,302.0,4.714285714285714
chr13p,weak,324765,324765,324765,324784,1,302.0,3.4444444444444446
chr13p,weak,324954,324954,324954,324973,1,302.0,7.0
chr13p,weak,325142,325142,325142,325161,1,302.0,2.6363636363636362
chr13p,weak,325337,325337,325337,325356,1,302.0,5.666666666666667
chr13p,weak,325501,325501,325501,325520,1,302.0,5.666666666666667
chr13p,weak,325674,325674,325674,325693,1,302.0,4.0
chr13p,weak,325833,325833,325833,325852,1,302.0,3.0
chr13p,weak,326008,326008,326008,326027,1,302.0,4.0
chr13p,weak,326211,326211,326211,326230,1,302.0,2.3333333333333335
chr13p,weak,326415,326415,326415,326434,1,302.0,5.666666666666667
chr13p,weak,326623,326633,326623,326652,11,302.0,3.112947658402204
chr13p,weak,326827,326827,326827,326846,1,302.0,2.6363636363636362
chr13p,weak,327019,327019,327019,327038,1,302.0,2.6363636363636362
chr13p,weak,327679,327679,327679,327698,1,302.0,4.714285714285714
chr13p,weak,327858,327858,327858,327877,1,302.0,4.0
chr13p,weak,328040,328040,328040,328059,1,302.0,3.0
chr13p,weak,328406,328406,328406,328425,1,302.0,3.0
chr13p,weak,328579,328579,328579,328598,1,302.0,7.0
chr13p,weak,328970,328970,328970,328989,1,302.0,5.666666666666667
chr13p,weak,329181,329181,329181,329200,1,302.0,3.4444444444444446
chr13p,weak,329379,329379,329379,329398,1,302.0,5.666666666666667
chr13p,weak,329551,329562,329551,329581,12,302.0,3.5833333333333335
chr13p,weak,329742,329742,329742,329761,1,302.0,5.666666666666667
chr13p,weak,330269,330295,330269,330314,27,302.0,4.980599647266314
chr13p,weak,330657,330657,330657,330676,1,302.0,5.666666666666667
chr13p,weak,330846,330846,330846,330865,1,302.0,4.0
chr13p,weak,331037,331042,331037,331061,6,302.0,3.8597883597883595
chr13p,weak,331224,331224,331224,331243,1,302.0,4.0
chr13p,weak,331401,331401,331401,331420,1,302.0,2.6363636363636362
chr13p,weak,331947,331947,331947,331966,1,302.0,5.666666666666667
chr13p,weak,332158,332158,332158,332177,1,302.0,3.4444444444444446
chr13p,weak,332356,332356,332356,332375,1,302.0,5.666666666666667
chr13p,weak,332528,332539,332528,332558,12,302.0,3.5833333333333335
chr13p,weak,332719,332719,332719,332738,1,302.0,5.666666666666667
chr13p,weak,333064,333064,333064,333083,1,302.0,3.4444444444444446
chr13p,weak,333257,333267,333257,333286,11,302.0,4.670995670995672
chr13p,weak,333604,333633,333604,333652,30,302.0,6.603174603174603
chr13p,weak,333815,333815,333815,333834,1,302.0,4.0
chr13p,weak,334013,334030,334013,334049,18,302.0,4.037197370530704
chr13p,weak,334234,334234,334234,334253,1,302.0,4.0
chr13p,weak,334429,334437,334429,334456,9,302.0,3.5679012345679015
chr13p,weak,334618,334618,334618,334637,1,302.0,3.0
chr13p,weak,335070,335090,335070,335109,21,302.0,6.160997732426305
chr13p,weak,335299,335299,335299,335318,1,302.0,3.0
chr13p,weak,335487,335487,335487,335506,1,302.0,4.0
chr13p,weak,335665,335665,335665,335684,1,302.0,3.0
chr13p,weak,335880,335880,335880,335899,1,302.0,4.0
chr13p,weak,336041,336041,336041,336060,1,302.0,2.6363636363636362
chr13p,weak,336198,336198,336198,336217,1,302.0,4.714285714285714
chr13p,weak,336299,336299,336299,336318,1,302.0,3.0
chr13p,weak,336469,336522,336469,336541,54,302.0,3.78101116990006
chr13p,weak,336622,336622,336622,336641,1,302.0,3.4444444444444446
chr13p,weak,337060,337060,337060,337079,1,302.0,4.0
chr13p,weak,337362,337362,337362,337381,1,302.0,4.0
chr13p,weak,337516,337516,337516,337535,1,302.0,2.6363636363636362
chr13p,weak,337695,337695,337695,337714,1,302.0,5.666666666666667
chr13p,weak,337870,337870,337870,337889,1,302.0,3.4444444444444446
chr13p,weak,338349,338349,338349,338368,1,302.0,4.714285714285714
chr13p,weak,338526,338526,338526,338545,1,302.0,3.4444444444444446
chr13p,weak,338719,338719,338719,338738,1,302.0,4.714285714285714
chr13p,weak,338806,338806,338806,338825,1,302.0,3.4444444444444446
chr13p,weak,338973,338973,338973,338992,1,302.0,4.714285714285714
chr13p,weak,339957,339957,339957,339976,1,302.0,2.6363636363636362
chr13p,weak,340160,340197,340160,340216,38,302.0,3.292929292929293
chr13p,weak,340329,340329,340329,340348,1,302.0,2.076923076923077
chr13p,weak,340386,340386,340386,340405,1,302.0,4.714285714285714
chr13p,weak,341042,341042,341042,341061,1,302.0,3.4444444444444446
chr13p,weak,341225,341242,341225,341261,18,302.0,5.005291005291006
chr13p,weak,341454,341454,341454,341473,1,302.0,4.0
chr13p,weak,341648,341648,341648,341667,1,302.0,2.6363636363636362
chr13p,weak,341829,341829,341829,341848,1,302.0,4.0
chr13p,weak,342021,342021,342021,342040,1,302.0,3.4444444444444446
chr13p,weak,342192,342192,342192,342211,1,302.0,5.666666666666667
chr13p,weak,342864,342864,342864,342883,1,302.0,3.4444444444444446
chr13p,weak,343076,343076,343076,343095,1,302.0,2.6363636363636362
chr13p,weak,343537,343537,343537,343556,1,302.0,4.714285714285714
chr13p,weak,343874,343874,343874,343893,1,302.0,2.6363636363636362
chr13p,weak,344062,344075,344062,344094,14,302.0,4.306122448979592
chr13p,weak,344242,344242,344242,344261,1,302.0,2.3333333333333335
chr13p,weak,344432,344432,344432,344451,1,302.0,7.0
chr13p,weak,344660,344660,344660,344679,1,302.0,4.714285714285714
chr13p,weak,344889,344889,344889,344908,1,302.0,3.4444444444444446
chr13p,weak,345128,345128,345128,345147,1,302.0,4.714285714285714
chr13p,weak,345346,345346,345346,345365,1,302.0,3.4444444444444446
chr13p,weak,345544,345559,345544,345578,16,302.0,6.083333333333334
chr13p,weak,345748,345748,345748,345767,1,302.0,4.0
chr13p,weak,345931,345931,345931,345950,1,302.0,2.3333333333333335
chr13p,weak,346117,346117,346117,346136,1,302.0,4.714285714285714
chr13p,weak,346316,346316,346316,346335,1,302.0,3.4444444444444446
chr13p,weak,346474,346478,346474,346497,5,302.0,5.666666666666667
chr13p,weak,346589,346589,346589,346608,1,302.0,3.4444444444444446
chr13p,weak,346982,346982,346982,347001,1,302.0,4.0
chr13p,weak,347160,347160,347160,347179,1,302.0,3.4444444444444446
chr13p,weak,347533,347533,347533,347552,1,302.0,3.4444444444444446
chr13p,weak,347713,347713,347713,347732,1,302.0,3.4444444444444446
chr13p,weak,347937,347937,347937,347956,1,302.0,3.4444444444444446
chr13p,weak,348100,348100,348100,348119,1,302.0,4.0
chr13p,weak,348456,348456,348456,348475,1,302.0,3.4444444444444446
chr13p,weak,348602,348627,348602,348646,26,302.0,5.536019536019537
chr13p,weak,348874,348874,348874,348893,1,302.0,2.6363636363636362
chr13p,weak,349122,349132,349122,349151,11,302.0,4.194805194805195
chr13p,weak,349322,349322,349322,349341,1,302.0,3.0
chr13p,weak,349516,349516,349516,349535,1,302.0,3.4444444444444446
chr13p,weak,349710,349710,349710,349729,1,302.0,4.714285714285714
chr13p,weak,349886,349907,349886,349926,22,302.0,3.987734487734488
chr13p,weak,350271,350271,350271,350290,1,302.0,4.0
chr13p,weak,350441,350441,350441,350460,1,302.0,4.0
chr13p,weak,350666,350666,350666,350685,1,302.0,3.4444444444444446
chr13p,weak,351052,351052,351052,351071,1,302.0,3.0
chr13p,weak,351205,351217,351205,351236,13,302.0,3.3247863247863245
chr13p,weak,351325,351357,351325,351376,33,302.0,4.584415584415586
chr13p,weak,351661,351661,351661,351680,1,302.0,4.714285714285714
chr13p,weak,351829,351829,351829,351848,1,302.0,4.714285714285714
chr13p,weak,352011,352011,352011,352030,1,302.0,9.0
chr13p,weak,352175,352175,352175,352194,1,302.0,2.6363636363636362
chr13p,weak,352400,352400,352400,352419,1,302.0,3.0
chr13p,weak,352813,352813,352813,352832,1,302.0,7.0
chr13p,weak,353280,353280,353280,353299,1,302.0,2.6363636363636362
chr13p,weak,353501,353501,353501,353520,1,302.0,2.6363636363636362
chr13p,weak,353738,353738,353738,353757,1,302.0,7.0
chr13p,weak,353950,353950,353950,353969,1,302.0,2.6363636363636362
chr13p,weak,354157,354157,354157,354176,1,302.0,3.4444444444444446
chr13p,weak,354354,354354,354354,354373,1,302.0,4.714285714285714
chr13p,weak,354544,354544,354544,354563,1,302.0,3.0
chr13p,weak,354742,354742,354742,354761,1,302.0,5.666666666666667
chr13p,weak,354850,354850,354850,354869,1,302.0,4.0
chr13p,weak,354907,354907,354907,354926,1,302.0,4.0
chr13p,weak,355384,355384,355384,355403,1,302.0,5.666666666666667
chr13p,weak,355651,355685,355651,355704,35,302.0,3.8870748299319735
chr13p,weak,355831,355831,355831,355850,1,302.0,3.0
chr13p,weak,356016,356016,356016,356035,1,302.0,4.0
chr13p,weak,356212,356233,356212,356252,22,302.0,3.3030303030303028
chr13p,weak,356421,356421,356421,356440,1,302.0,3.4444444444444446
chr13p,weak,356650,356650,356650,356669,1,302.0,2.6363636363636362
chr13p,weak,356847,356847,356847,356866,1,302.0,4.714285714285714
chr13p,weak,357060,357060,357060,357079,1,302.0,3.0
chr13p,weak,357376,357376,357376,357395,1,302.0,3.0
chr13p,weak,357733,357733,357733,357752,1,302.0,3.0
chr13p,weak,357883,357883,357883,357902,1,302.0,3.0
chr13p,weak,358060,358065,358060,358084,6,302.0,3.2962962962962963
chr13p,weak,358254,358254,358254,358273,1,302.0,3.4444444444444446
chr13p,weak,358443,358443,358443,358462,1,302.0,3.4444444444444446
chr13p,weak,358643,358643,358643,358662,1,302.0,3.4444444444444446
chr13p,weak,358803,358803,358803,358822,1,302.0,4.714285714285714
chr13p,weak,358968,358968,358968,358987,1,302.0,4.714285714285714
chr13p,weak,359136,359136,359136,359155,1,302.0,3.4444444444444446
chr13p,weak,359276,359276,359276,359295,1,302.0,2.6363636363636362
chr13p,weak,359469,359469,359469,359488,1,302.0,4.0
chr13p,weak,359672,359672,359672,359691,1,302.0,2.3333333333333335
chr13p,weak,359876,359876,359876,359895,1,302.0,5.666666666666667
chr13p,weak,360084,360084,360084,360103,1,302.0,2.6363636363636362
chr13p,weak,360257,360257,360257,360276,1,302.0,7.0
chr13p,weak,360504,360504,360504,360523,1,302.0,3.0
chr13p,weak,360710,360710,360710,360729,1,302.0,3.0
chr13p,weak,361019,361019,361019,361038,1,302.0,4.0
chr13p,weak,361319,361319,361319,361338,1,302.0,4.0
chr13p,weak,361518,361518,361518,361537,1,302.0,3.4444444444444446
chr13p,weak,361708,361708,361708,361727,1,302.0,4.0
chr13p,weak,361870,361886,361870,361905,17,302.0,3.0071301247771838
chr13p,weak,362072,362072,362072,362091,1,302.0,4.714285714285714
chr13p,weak,362242,362242,362242,362261,1,302.0,2.6363636363636362
chr13p,weak,362538,362538,362538,362557,1,302.0,3.4444444444444446
chr13p,weak,362867,362867,362867,362886,1,302.0,3.0
chr13p,weak,363037,363058,363037,363077,22,302.0,3.2865013774104685
chr13p,weak,363230,363252,363230,363271,23,302.0,5.345065562456866
chr13p,weak,363730,363756,363730,363775,27,302.0,4.980599647266314
chr13p,weak,364118,364118,364118,364137,1,302.0,5.666666666666667
chr13p,weak,364307,364307,364307,364326,1,302.0,4.0
chr13p,weak,364498,364503,364498,364522,6,302.0,3.8597883597883595
chr13p,weak,364685,364685,364685,364704,1,302.0,4.0
chr13p,weak,364862,364862,364862,364881,1,302.0,2.6363636363636362
chr13p,weak,365408,365408,365408,365427,1,302.0,5.666666666666667
chr13p,weak,365619,365619,365619,365638,1,302.0,3.4444444444444446
chr13p,weak,365817,365817,365817,365836,1,302.0,5.666666666666667
chr13p,weak,365989,366000,365989,366019,12,302.0,3.5833333333333335
chr13p,weak,366180,366180,366180,366199,1,302.0,5.666666666666667
chr13p,weak,366515,366515,366515,366534,1,302.0,3.0
chr13p,weak,366718,366718,366718,366737,1,302.0,5.666666666666667
chr13p,weak,366891,366913,366891,366932,23,302.0,2.5256916996047436
chr13p,weak,367091,367102,367091,367121,12,302.0,5.0317460317460325
chr13p,weak,367281,367281,367281,367300,1,302.0,3.4444444444444446
chr13p,weak,367620,367620,367620,367639,1,302.0,2.6363636363636362
chr13p,weak,367809,367839,367809,367858,31,302.0,5.72043010752688
chr13p,weak,368050,368050,368050,368069,1,302.0,3.4444444444444446
chr13p,weak,368248,368248,368248,368267,1,302.0,5.666666666666667
chr13p,weak,368420,368431,368420,368450,12,302.0,3.5833333333333335
chr13p,weak,368611,368611,368611,368630,1,302.0,5.666666666666667
chr13p,weak,369164,369164,369164,369183,1,302.0,4.0
chr13p,weak,369364,369364,369364,369383,1,302.0,3.0
chr13p,weak,369679,369689,369679,369708,11,302.0,7.363636363636363
chr13p,weak,369886,369886,369886,369905,1,302.0,3.0
chr13p,weak,370087,370087,370087,370106,1,302.0,4.0
chr13p,weak,370263,370263,370263,370282,1,302.0,3.4444444444444446
chr13p,weak,370421,370421,370421,370440,1,302.0,5.666666666666667
chr13p,weak,370820,370820,370820,370839,1,302.0,5.666666666666667
chr13p,weak,370969,371008,370969,371027,40,302.0,2.9398989898989902
chr13p,weak,371201,371220,371201,371239,20,302.0,4.952380952380951
chr13p,weak,371412,371412,371412,371431,1,302.0,3.4444444444444446
chr13p,weak,371592,371622,371592,371641,31,302.0,7.344086021505376
chr13p,weak,371796,371796,371796,371815,1,302.0,3.0
chr13p,weak,372003,372003,372003,372022,1,302.0,3.4444444444444446
chr13p,weak,372080,372080,372080,372099,1,302.0,4.0
chr13p,weak,372195,372195,372195,372214,1,302.0,2.6363636363636362
chr13p,weak,372321,372336,372321,372355,16,302.0,3.8015873015873014
chr13p,weak,372502,372502,372502,372521,1,302.0,4.714285714285714
chr13p,weak,372686,372686,372686,372705,1,302.0,4.0
chr13p,weak,372867,372867,372867,372886,1,302.0,2.6363636363636362
chr13p,weak,373045,373045,373045,373064,1,302.0,4.0
chr13p,weak,373231,373231,373231,373250,1,302.0,3.0
chr13p,weak,373419,373419,373419,373438,1,302.0,5.666666666666667
chr13p,weak,373603,373603,373603,373622,1,302.0,3.0
chr13p,weak,373763,373797,373763,373816,35,302.0,5.79047619047619
chr13p,weak,374004,374004,374004,374023,1,302.0,3.4444444444444446
chr13p,weak,374202,374202,374202,374221,1,302.0,5.666666666666667
chr13p,weak,374374,374374,374374,374393,1,302.0,4.0
chr13p,weak,374593,374608,374593,374627,16,302.0,6.037698412698413
chr13p,weak,374800,374800,374800,374819,1,302.0,3.0
chr13p,weak,374881,374881,374881,374900,1,302.0,2.6363636363636362
chr13p,weak,375268,375275,375268,375294,8,302.0,3.4722222222222223
chr13p,weak,375457,375468,375457,375487,12,302.0,6.277777777777779
chr13p,weak,375648,375648,375648,375667,1,302.0,3.0
chr13p,weak,375836,375836,375836,375855,1,302.0,7.0
chr13p,weak,376003,376003,376003,376022,1,302.0,3.0
chr13p,weak,376570,376606,376570,376625,37,302.0,5.732303732303731
chr13p,weak,376813,376813,376813,376832,1,302.0,3.4444444444444446
chr13p,weak,376986,376986,376986,377005,1,302.0,5.666666666666667
chr13p,weak,377215,377215,377215,377234,1,302.0,3.4444444444444446
chr13p,weak,377423,377436,377423,377455,14,302.0,2.87012987012987
chr13p,weak,377594,377594,377594,377613,1,302.0,4.0
chr13p,weak,378057,378077,378057,378096,21,302.0,2.813371813371813
chr13p,weak,378609,378609,378609,378628,1,302.0,3.4444444444444446
chr13p,weak,378798,378811,378798,378830,14,302.0,2.922077922077922
chr13p,weak,379240,379240,379240,379259,1,302.0,3.4444444444444446
chr13p,weak,379428,379428,379428,379447,1,302.0,4.714285714285714
chr13p,weak,379607,379607,379607,379626,1,302.0,3.4444444444444446
chr13p,weak,379791,379791,379791,379810,1,302.0,3.0
chr13p,weak,380020,380057,380020,380076,38,302.0,3.5129490392648286
chr13p,weak,380108,380108,380108,380127,1,302.0,3.0
chr13p,weak,380473,380473,380473,380492,1,302.0,3.0
chr13p,weak,380662,380662,380662,380681,1,302.0,3.4444444444444446
chr13p,weak,380860,380860,380860,380879,1,302.0,3.0
chr13p,weak,381256,381256,381256,381275,1,302.0,3.0
chr13p,weak,381427,381427,381427,381446,1,302.0,4.714285714285714
chr13p,weak,381599,381599,381599,381618,1,302.0,3.4444444444444446
chr13p,weak,382049,382049,382049,382068,1,302.0,4.0
chr13p,weak,382222,382222,382222,382241,1,302.0,5.666666666666667
chr13p,weak,382420,382420,382420,382439,1,302.0,3.4444444444444446
chr13p,weak,382488,382488,382488,382507,1,302.0,3.0
chr13p,weak,382590,382590,382590,382609,1,302.0,2.6363636363636362
chr13p,weak,382784,382784,382784,382803,1,302.0,4.0
chr13p,weak,382958,382958,382958,382977,1,302.0,4.0
chr13p,weak,383143,383143,383143,383162,1,302.0,7.0
chr13p,weak,383298,383298,383298,383317,1,302.0,3.0
chr13p,weak,383466,383466,383466,383485,1,302.0,3.4444444444444446
chr13p,weak,383650,383672,383650,383691,23,302.0,3.623188405797101
chr13p,weak,383825,383825,383825,383844,1,302.0,3.4444444444444446
chr13p,weak,384326,384326,384326,384345,1,302.0,5.666666666666667
chr13p,weak,384875,384897,384875,384916,23,302.0,4.14975845410628
chr13p,weak,385084,385090,385084,385109,7,302.0,4.204081632653062
chr13p,weak,385270,385270,385270,385289,1,302.0,4.714285714285714
chr13p,weak,385455,385455,385455,385474,1,302.0,5.666666666666667
chr13p,weak,385643,385643,385643,385662,1,302.0,4.714285714285714
chr13p,weak,385831,385831,385831,385850,1,302.0,5.666666666666667
chr13p,weak,386015,386015,386015,386034,1,302.0,3.4444444444444446
chr13p,weak,386184,386184,386184,386203,1,302.0,2.6363636363636362
chr13p,weak,386384,386384,386384,386403,1,302.0,4.0
chr13p,weak,386556,386556,386556,386575,1,302.0,2.6363636363636362
chr13p,weak,386743,386758,386743,386777,16,302.0,4.3125
chr13p,weak,387073,387116,387073,387135,44,302.0,5.076839826839827
chr13p,weak,387245,387245,387245,387264,1,302.0,3.0
chr13p,weak,387421,387421,387421,387440,1,302.0,5.666666666666667
chr13p,weak,387642,387642,387642,387661,1,302.0,2.3333333333333335
chr13p,weak,387881,387881,387881,387900,1,302.0,4.0
chr13p,weak,388121,388121,388121,388140,1,302.0,3.4444444444444446
chr13p,weak,388329,388329,388329,388348,1,302.0,3.0
chr13p,weak,388525,388525,388525,388544,1,302.0,2.6363636363636362
chr13p,weak,388720,388720,388720,388739,1,302.0,5.666666666666667
chr13p,weak,388892,388892,388892,388911,1,302.0,2.6363636363636362
chr13p,weak,389412,389412,389412,389431,1,302.0,3.0
chr13p,weak,389613,389613,389613,389632,1,302.0,3.4444444444444446
chr13p,weak,389790,389790,389790,389809,1,302.0,3.0
chr13p,weak,389961,389961,389961,389980,1,302.0,2.6363636363636362
chr13p,weak,390185,390185,390185,390204,1,302.0,5.666666666666667
chr13p,weak,390508,390508,390508,390527,1,302.0,3.0
chr13p,weak,390857,390857,390857,390876,1,302.0,3.0
chr13p,weak,391410,391410,391410,391429,1,302.0,3.4444444444444446
chr13p,weak,391595,391595,391595,391614,1,302.0,4.0
chr13p,weak,391790,391790,391790,391809,1,302.0,3.0
chr13p,weak,391939,391939,391939,391958,1,302.0,5.666666666666667
chr13p,weak,392086,392086,392086,392105,1,302.0,3.4444444444444446
chr13p,weak,392242,392242,392242,392261,1,302.0,3.4444444444444446
chr13p,weak,392404,392404,392404,392423,1,302.0,4.714285714285714
chr13p,weak,392573,392573,392573,392592,1,302.0,3.4444444444444446
chr13p,weak,392738,392738,392738,392757,1,302.0,5.666666666666667
chr13p,weak,392887,392887,392887,392906,1,302.0,3.0
chr13p,weak,393638,393638,393638,393657,1,302.0,3.0
chr13p,weak,393696,393696,393696,393715,1,302.0,3.4444444444444446
chr13p,weak,393853,393853,393853,393872,1,302.0,2.6363636363636362
chr13p,weak,394113,394113,394113,394132,1,302.0,3.4444444444444446
chr13p,weak,394356,394356,394356,394375,1,302.0,2.6363636363636362
chr13p,weak,394558,394558,394558,394577,1,302.0,3.4444444444444446
chr13p,weak,394777,394777,394777,394796,1,302.0,4.0
chr13p,weak,395007,395007,395007,395026,1,302.0,4.714285714285714
chr13p,weak,395226,395226,395226,395245,1,302.0,3.0
chr13p,weak,395404,395404,395404,395423,1,302.0,5.666666666666667
chr13p,weak,395599,395604,395599,395623,6,302.0,3.5370370370370368
chr13p,weak,395770,395770,395770,395789,1,302.0,5.666666666666667
chr13p,weak,395913,395949,395913,395968,37,302.0,3.426699426699427
chr13p,weak,396107,396107,396107,396126,1,302.0,3.0
chr13p,weak,396248,396248,396248,396267,1,302.0,3.4444444444444446
chr13p,weak,396453,396453,396453,396472,1,302.0,3.0
chr13p,weak,396594,396594,396594,396613,1,302.0,2.6363636363636362
chr13p,weak,396689,396689,396689,396708,1,302.0,3.0
chr13p,weak,396748,396748,396748,396767,1,302.0,3.0
chr13p,weak,396922,396922,396922,396941,1,302.0,4.714285714285714
chr13p,weak,397120,397120,397120,397139,1,302.0,2.6363636363636362
chr13p,weak,397324,397324,397324,397343,1,302.0,4.714285714285714
chr13p,weak,397516,397545,397516,397564,30,302.0,5.212698412698414
chr13p,weak,397735,397735,397735,397754,1,302.0,3.4444444444444446
chr13p,weak,398020,398020,398020,398039,1,302.0,4.714285714285714
chr13p,weak,398243,398243,398243,398262,1,302.0,3.0
chr13p,weak,398423,398423,398423,398442,1,302.0,4.714285714285714
chr13p,weak,398599,398599,398599,398618,1,302.0,2.076923076923077
chr13p,weak,398944,398944,398944,398963,1,302.0,3.4444444444444446
chr13p,weak,399534,399547,399534,399566,14,302.0,4.476190476190476
chr13p,weak,399739,399739,399739,399758,1,302.0,2.3333333333333335
chr13p,weak,399924,399924,399924,399943,1,302.0,5.666666666666667
chr13p,weak,400086,400086,400086,400105,1,302.0,2.6363636363636362
chr13p,weak,400265,400265,400265,400284,1,302.0,5.666666666666667
chr13p,weak,400461,400461,400461,400480,1,302.0,3.4444444444444446
chr13p,weak,400653,400688,400653,400707,36,302.0,5.026455026455027
chr13p,weak,401126,401126,401126,401145,1,302.0,2.6363636363636362
chr13p,weak,401656,401656,401656,401675,1,302.0,4.0
chr13p,weak,401750,401750,401750,401769,1,302.0,4.0
chr13p,weak,402157,402192,402157,402211,36,302.0,4.880952380952381
chr13p,weak,402352,402360,402352,402379,9,302.0,2.6902356902356903
chr13p,weak,402537,402537,402537,402556,1,302.0,4.714285714285714
chr13p,weak,402704,402704,402704,402723,1,302.0,3.0
chr13p,weak,402925,402936,402925,402955,12,302.0,4.238095238095238
chr13p,weak,403150,403150,403150,403169,1,302.0,4.714285714285714
chr13p,weak,403326,403366,403326,403385,41,302.0,3.129131031570056
chr13p,weak,403538,403538,403538,403557,1,302.0,7.0
chr13p,weak,404409,404409,404409,404428,1,302.0,3.4444444444444446
chr13p,weak,404842,404842,404842,404861,1,302.0,2.6363636363636362
chr13p,weak,405436,405436,405436,405455,1,302.0,3.4444444444444446
chr13p,weak,405598,405626,405598,405645,29,302.0,2.6955764541971434
chr13p,weak,405799,405815,405799,405834,17,302.0,4.210084033613446
chr13p,weak,406037,406037,406037,406056,1,302.0,4.714285714285714
chr13p,weak,406636,406636,406636,406655,1,302.0,3.0
chr13p,weak,406980,406980,406980,406999,1,302.0,4.714285714285714
chr13p,weak,407152,407152,407152,407171,1,302.0,3.0
chr13p,weak,407336,407336,407336,407355,1,302.0,2.6363636363636362
chr13p,weak,407499,407499,407499,407518,1,302.0,3.4444444444444446
chr13p,weak,407709,407709,407709,407728,1,302.0,5.666666666666667
chr13p,weak,407880,407880,407880,407899,1,302.0,4.0
chr13p,weak,408113,408113,408113,408132,1,302.0,3.0
chr13p,weak,408262,408262,408262,408281,1,302.0,4.0
chr13p,weak,408713,408713,408713,408732,1,302.0,3.4444444444444446
chr13p,weak,409122,409122,409122,409141,1,302.0,4.0
chr13p,weak,409691,409691,409691,409710,1,302.0,2.6363636363636362
chr13p,weak,410178,410197,410178,410216,20,302.0,3.3555555555555556
chr13p,weak,410368,410368,410368,410387,1,302.0,3.0
chr13p,weak,410566,410566,410566,410585,1,302.0,3.4444444444444446
chr13p,weak,410706,410741,410706,410760,36,302.0,3.5180776014109347
chr13p,weak,410942,410942,410942,410961,1,302.0,4.714285714285714
chr13p,weak,411140,411140,411140,411159,1,302.0,3.0
chr13p,weak,411337,411337,411337,411356,1,302.0,5.666666666666667
chr13p,weak,411538,411538,411538,411557,1,302.0,2.6363636363636362
chr13p,weak,411744,411766,411744,411785,23,302.0,2.6750109793588055
chr13p,weak,411963,411963,411963,411982,1,302.0,4.714285714285714
chr13p,weak,412154,412154,412154,412173,1,302.0,3.0
chr13p,weak,412330,412330,412330,412349,1,302.0,2.6363636363636362
chr13p,weak,412490,412531,412490,412550,42,302.0,4.338624338624339
chr13p,weak,412684,412684,412684,412703,1,302.0,3.4444444444444446
chr13p,weak,413405,413414,413405,413433,10,302.0,4.142857142857143
chr13p,weak,413613,413613,413613,413632,1,302.0,4.714285714285714
chr13p,weak,413818,413818,413818,413837,1,302.0,4.0
chr13p,weak,414037,414037,414037,414056,1,302.0,3.0
chr13p,weak,414219,414219,414219,414238,1,302.0,3.0
chr13p,weak,414439,414439,414439,414458,1,302.0,3.0
chr13p,weak,414584,414584,414584,414603,1,302.0,3.0
chr13p,weak,414777,414790,414777,414809,14,302.0,2.7662337662337664
chr13p,weak,415468,415490,415468,415509,23,302.0,2.702239789196311
chr13p,weak,415691,415691,415691,415710,1,302.0,3.4444444444444446
chr13p,weak,415864,415864,415864,415883,1,302.0,2.6363636363636362
chr13p,weak,416066,416066,416066,416085,1,302.0,5.666666666666667
chr13p,weak,416730,416730,416730,416749,1,302.0,3.0
chr13p,weak,416885,416885,416885,416904,1,302.0,3.4444444444444446
chr13p,weak,417331,417331,417331,417350,1,302.0,4.714285714285714
chr13p,weak,417506,417506,417506,417525,1,302.0,4.0
chr13p,weak,417697,417697,417697,417716,1,302.0,3.4444444444444446
chr13p,weak,417875,417875,417875,417894,1,302.0,3.4444444444444446
chr13p,weak,418407,418407,418407,418426,1,302.0,4.0
chr13p,weak,418625,418625,418625,418644,1,302.0,3.4444444444444446
chr13p,weak,419083,419083,419083,419102,1,302.0,4.714285714285714
chr13p,weak,419251,419281,419251,419300,31,302.0,2.4172064494645142
chr13p,weak,419445,419445,419445,419464,1,302.0,7.0
chr13p,weak,419648,419675,419648,419694,28,302.0,2.7337662337662345
chr13p,weak,419909,419909,419909,419928,1,302.0,3.0
chr13p,weak,420427,420427,420427,420446,1,302.0,3.4444444444444446
chr13p,weak,420602,420602,420602,420621,1,302.0,3.4444444444444446
chr13p,weak,420790,420803,420790,420822,14,302.0,3.1269841269841265
chr13p,weak,420979,420979,420979,420998,1,302.0,3.4444444444444446
chr13p,weak,421437,421446,421437,421465,10,302.0,2.475990675990676
chr13p,weak,421671,421671,421671,421690,1,302.0,4.714285714285714
chr13p,weak,421858,421858,421858,421877,1,302.0,4.714285714285714
chr13p,weak,422027,422027,422027,422046,1,302.0,4.714285714285714
chr13p,weak,422198,422198,422198,422217,1,302.0,3.0
chr13p,weak,422407,422407,422407,422426,1,302.0,3.4444444444444446
chr13p,weak,422593,422593,422593,422612,1,302.0,3.0
chr13p,weak,422785,422785,422785,422804,1,302.0,4.0
chr13p,weak,422891,422891,422891,422910,1,302.0,2.6363636363636362
chr13p,weak,422969,422969,422969,422988,1,302.0,3.0
chr13p,weak,423465,423465,423465,423484,1,302.0,4.0
chr13p,weak,423631,423643,423631,423662,13,302.0,3.7008547008547006
chr13p,weak,423828,423828,423828,423847,1,302.0,3.4444444444444446
chr13p,weak,423981,423981,423981,424000,1,302.0,3.4444444444444446
chr13p,weak,424150,424150,424150,424169,1,302.0,3.0
chr13p,weak,424400,424415,424400,424434,16,302.0,2.8863636363636367
chr13p,weak,424592,424592,424592,424611,1,302.0,4.714285714285714
chr13p,weak,424873,424873,424873,424892,1,302.0,4.714285714285714
chr13p,weak,425084,425084,425084,425103,1,302.0,2.3333333333333335
chr13p,weak,425308,425308,425308,425327,1,302.0,2.6363636363636362
chr13p,weak,425762,425762,425762,425781,1,302.0,5.666666666666667
chr13p,weak,425963,425963,425963,425982,1,302.0,3.4444444444444446
chr13p,weak,426114,426114,426114,426133,1,302.0,3.0
chr13p,weak,426287,426313,426287,426332,27,302.0,3.0291806958473626
chr13p,weak,426452,426471,426452,426490,20,302.0,3.082828282828283
chr13p,weak,426612,426612,426612,426631,1,302.0,3.4444444444444446
chr13p,weak,426953,426953,426953,426972,1,302.0,2.6363636363636362
chr13p,weak,427120,427120,427120,427139,1,302.0,4.714285714285714
chr13p,weak,427305,427305,427305,427324,1,302.0,4.0
chr13p,weak,427504,427504,427504,427523,1,302.0,4.714285714285714
chr13p,weak,427715,427715,427715,427734,1,302.0,3.4444444444444446
chr13p,weak,427902,427902,427902,427921,1,302.0,5.666666666666667
chr13p,weak,428096,428096,428096,428115,1,302.0,3.4444444444444446
chr13p,weak,428354,428354,428354,428373,1,302.0,3.0
chr13p,weak,429097,429097,429097,429116,1,302.0,4.714285714285714
chr13p,weak,429305,429305,429305,429324,1,302.0,2.6363636363636362
chr13p,weak,429530,429530,429530,429549,1,302.0,5.666666666666667
chr13p,weak,429751,429751,429751,429770,1,302.0,3.4444444444444446
chr13p,weak,430227,430227,430227,430246,1,302.0,3.0
chr13p,weak,430776,430794,430776,430813,19,302.0,5.897243107769424
chr13p,weak,430975,430975,430975,430994,1,302.0,2.6363636363636362
chr13p,weak,431168,431168,431168,431187,1,302.0,5.666666666666667
chr13p,weak,431348,431352,431348,431371,5,302.0,3.266666666666667
chr13p,weak,431541,431548,431541,431567,8,302.0,6.666666666666667
chr13p,weak,431771,431771,431771,431790,1,302.0,4.0
chr13p,weak,431933,431933,431933,431952,1,302.0,4.714285714285714
chr13p,weak,431999,431999,431999,432018,1,302.0,2.6363636363636362
chr13p,weak,432195,432195,432195,432214,1,302.0,3.0
chr13p,weak,432373,432373,432373,432392,1,302.0,3.4444444444444446
chr13p,weak,432539,432539,432539,432558,1,302.0,5.666666666666667
chr13p,weak,432708,432708,432708,432727,1,302.0,3.4444444444444446
chr13p,weak,432893,432893,432893,432912,1,302.0,3.0
chr13p,weak,433108,433108,433108,433127,1,302.0,3.4444444444444446
chr13p,weak,433261,433261,433261,433280,1,302.0,3.4444444444444446
chr13p,weak,434195,434195,434195,434214,1,302.0,4.0
chr13p,weak,434425,434425,434425,434444,1,302.0,4.0
chr13p,weak,434602,434602,434602,434621,1,302.0,3.0
chr13p,weak,434858,434858,434858,434877,1,302.0,2.6363636363636362
chr13p,weak,435226,435226,435226,435245,1,302.0,3.4444444444444446
chr13p,weak,435335,435335,435335,435354,1,302.0,4.714285714285714
chr13p,weak,435520,435520,435520,435539,1,302.0,4.714285714285714
chr13p,weak,435695,435695,435695,435714,1,302.0,4.714285714285714
chr13p,weak,435881,435881,435881,435900,1,302.0,2.6363636363636362
chr13p,weak,436067,436067,436067,436086,1,302.0,4.714285714285714
chr13p,weak,436282,436282,436282,436301,1,302.0,4.714285714285714
chr13p,weak,436539,436539,436539,436558,1,302.0,4.0
chr13p,weak,436897,436897,436897,436916,1,302.0,4.714285714285714
chr13p,weak,437060,437071,437060,437090,12,302.0,3.259259259259259
chr13p,weak,437259,437259,437259,437278,1,302.0,3.4444444444444446
chr13p,weak,437437,437437,437437,437456,1,302.0,4.0
chr13p,weak,437628,437643,437628,437662,16,302.0,3.732142857142857
chr13p,weak,437814,437814,437814,437833,1,302.0,3.0
chr13p,weak,437999,438012,437999,438031,14,302.0,3.741496598639455
chr13p,weak,438222,438222,438222,438241,1,302.0,2.6363636363636362
chr13p,weak,438473,438473,438473,438492,1,302.0,2.6363636363636362
chr13p,weak,438591,438668,438591,438687,78,302.0,3.770488770488771
chr13p,weak,438847,438847,438847,438866,1,302.0,2.3333333333333335
chr13p,weak,439029,439029,439029,439048,1,302.0,5.666666666666667
chr13p,weak,439220,439220,439220,439239,1,302.0,4.714285714285714
chr13p,weak,439405,439405,439405,439424,1,302.0,3.0
chr13p,weak,439589,439589,439589,439608,1,302.0,5.666666666666667
chr13p,weak,439990,439990,439990,440009,1,302.0,4.0
chr13p,weak,440168,440168,440168,440187,1,302.0,3.0
chr13p,weak,440366,440366,440366,440385,1,302.0,4.0
chr13p,weak,440554,440554,440554,440573,1,302.0,4.0
chr13p,weak,440776,440776,440776,440795,1,302.0,4.0
chr13p,weak,440931,440931,440931,440950,1,302.0,4.0
chr13p,weak,441102,441102,441102,441121,1,302.0,4.0
chr13p,weak,441638,441638,441638,441657,1,302.0,3.4444444444444446
chr13p,weak,441832,441832,441832,441851,1,302.0,4.714285714285714
chr13p,weak,442017,442017,442017,442036,1,302.0,2.3333333333333335
chr13p,weak,442205,442214,442205,442233,10,302.0,4.523809523809524
chr13p,weak,442389,442389,442389,442408,1,302.0,2.3333333333333335
chr13p,weak,442565,442565,442565,442584,1,302.0,7.0
chr13p,weak,443355,443355,443355,443374,1,302.0,4.0
chr13p,weak,443546,443546,443546,443565,1,302.0,2.6363636363636362
chr13p,weak,443705,443705,443705,443724,1,302.0,7.0
chr13p,weak,443895,443895,443895,443914,1,302.0,2.3333333333333335
chr13p,weak,444066,444066,444066,444085,1,302.0,5.666666666666667
chr13p,weak,444255,444255,444255,444274,1,302.0,2.6363636363636362
chr13p,weak,444478,444478,444478,444497,1,302.0,4.714285714285714
chr13p,weak,444693,444693,444693,444712,1,302.0,5.666666666666667
chr13p,weak,444896,444896,444896,444915,1,302.0,3.0
chr13p,weak,445158,445158,445158,445177,1,302.0,3.4444444444444446
chr13p,weak,445349,445349,445349,445368,1,302.0,3.4444444444444446
chr13p,weak,445557,445557,445557,445576,1,302.0,4.0
chr13p,weak,446034,446034,446034,446053,1,302.0,4.0
chr13p,weak,446228,446228,446228,446247,1,302.0,4.0
chr13p,weak,446740,446740,446740,446759,1,302.0,2.6363636363636362
chr13p,weak,446988,446988,446988,447007,1,302.0,3.4444444444444446
chr13p,weak,447178,447178,447178,447197,1,302.0,4.0
chr13p,weak,447331,447331,447331,447350,1,302.0,7.0
chr13p,weak,447585,447614,447585,447633,30,302.0,4.067724867724867
chr13p,weak,448010,448010,448010,448029,1,302.0,3.4444444444444446
chr13p,weak,448169,448169,448169,448188,1,302.0,3.0
chr13p,weak,448339,448339,448339,448358,1,302.0,4.714285714285714
chr13p,weak,448519,448519,448519,448538,1,302.0,4.714285714285714
chr13p,weak,448691,448691,448691,448710,1,302.0,3.4444444444444446
chr13p,weak,448895,448895,448895,448914,1,302.0,2.6363636363636362
chr13p,weak,449070,449093,449070,449112,24,302.0,4.962301587301588
chr13p,weak,449264,449264,449264,449283,1,302.0,3.4444444444444446
chr13p,weak,449458,449458,449458,449477,1,302.0,4.0
chr13p,weak,449637,449647,449637,449666,11,302.0,4.324675324675325
chr13p,weak,449825,449825,449825,449844,1,302.0,3.0
chr13p,weak,449982,449982,449982,450001,1,302.0,4.0
chr13p,weak,450044,450044,450044,450063,1,302.0,2.3333333333333335
chr13p,weak,450254,450254,450254,450273,1,302.0,3.0
chr13p,weak,450462,450462,450462,450481,1,302.0,3.0
chr13p,weak,450673,450673,450673,450692,1,302.0,3.0
chr13p,weak,450839,450848,450839,450867,10,302.0,2.9878787878787874
chr13p,weak,450977,450977,450977,450996,1,302.0,2.6363636363636362
chr13p,weak,451138,451138,451138,451157,1,302.0,5.666666666666667
chr13p,weak,451293,451293,451293,451312,1,302.0,2.6363636363636362
chr13p,weak,451414,451414,451414,451433,1,302.0,3.4444444444444446
chr13p,weak,451565,451565,451565,451584,1,302.0,3.0
chr13p,weak,451733,451733,451733,451752,1,302.0,4.0
chr13p,weak,451914,451914,451914,451933,1,302.0,4.714285714285714
chr13p,weak,452087,452087,452087,452106,1,302.0,3.0
chr13p,weak,452257,452270,452257,452289,14,302.0,4.62358276643991
chr13p,weak,452449,452449,452449,452468,1,302.0,2.6363636363636362
chr13p,weak,452643,452643,452643,452662,1,302.0,9.0
chr13p,weak,452838,452842,452838,452861,5,302.0,2.282051282051282
chr13p,weak,453047,453052,453047,453071,6,302.0,5.666666666666667
chr13p,weak,453230,453252,453230,453271,23,302.0,2.691699604743082
chr13p,weak,453347,453392,453347,453411,46,302.0,3.6111111111111116
chr13p,weak,453483,453519,453483,453538,37,302.0,3.5478335478335477
chr13p,weak,453619,453619,453619,453638,1,302.0,3.0
chr13p,weak,454208,454208,454208,454227,1,302.0,3.4444444444444446
chr13p,weak,454530,454530,454530,454549,1,302.0,4.0
chr13p,weak,454696,454696,454696,454715,1,302.0,2.6363636363636362
chr13p,weak,454943,454943,454943,454962,1,302.0,3.0
chr13p,weak,455134,455134,455134,455153,1,302.0,4.714285714285714
chr13p,weak,455346,455346,455346,455365,1,302.0,3.0
chr13p,weak,455543,455543,455543,455562,1,302.0,4.0
chr13p,weak,456198,456198,456198,456217,1,302.0,2.6363636363636362
chr13p,weak,456378,456396,456378,456415,19,302.0,4.9523809523809526
chr13p,weak,456585,456585,456585,456604,1,302.0,2.6363636363636362
chr13p,weak,456788,456788,456788,456807,1,302.0,4.0
chr13p,weak,456995,456995,456995,457014,1,302.0,4.0
chr13p,weak,457180,457200,457180,457219,21,302.0,3.6386999244142104
chr13p,weak,457372,457372,457372,457391,1,302.0,7.0
chr13p,weak,457512,457524,457512,457543,13,302.0,3.7985347985347984
chr13p,weak,457695,457695,457695,457714,1,302.0,1.8571428571428572
chr13p,weak,457876,457876,457876,457895,1,302.0,7.0
chr13p,weak,458112,458112,458112,458131,1,302.0,4.0
chr13p,weak,458307,458307,458307,458326,1,302.0,4.714285714285714
chr13p,weak,459290,459290,459290,459309,1,302.0,2.3333333333333335
chr13p,weak,459469,459469,459469,459488,1,302.0,3.4444444444444446
chr13p,weak,459688,459688,459688,459707,1,302.0,3.4444444444444446
chr13p,weak,459892,459892,459892,459911,1,302.0,3.4444444444444446
chr13p,weak,460073,460073,460073,460092,1,302.0,4.0
chr13p,weak,460488,460488,460488,460507,1,302.0,4.0
chr13p,weak,460566,460566,460566,460585,1,302.0,3.0
chr13p,weak,460785,460785,460785,460804,1,302.0,3.4444444444444446
chr13p,weak,461033,461033,461033,461052,1,302.0,2.6363636363636362
chr13p,weak,461281,461281,461281,461300,1,302.0,4.714285714285714
chr13p,weak,461479,461479,461479,461498,1,302.0,4.714285714285714
chr13p,weak,461662,461662,461662,461681,1,302.0,4.714285714285714
chr13p,weak,461873,461873,461873,461892,1,302.0,4.714285714285714
chr13p,weak,462105,462105,462105,462124,1,302.0,3.0
chr13p,weak,462290,462290,462290,462309,1,302.0,3.4444444444444446
chr13p,weak,462436,462449,462436,462468,14,302.0,3.642857142857143
chr13p,weak,462903,462903,462903,462922,1,302.0,3.4444444444444446
chr13p,weak,463047,463047,463047,463066,1,302.0,5.666666666666667
chr13p,weak,463209,463209,463209,463228,1,302.0,4.0
chr13p,weak,463404,463404,463404,463423,1,302.0,5.666666666666667
chr13p,weak,463558,463572,463558,463591,15,302.0,4.2857142857142865
chr13p,weak,463701,463728,463701,463747,28,302.0,2.8448773448773452
chr13p,weak,463922,463922,463922,463941,1,302.0,5.666666666666667
chr13p,weak,464116,464116,464116,464135,1,302.0,4.0
chr13p,weak,464323,464323,464323,464342,1,302.0,4.0
chr13p,weak,464855,464878,464855,464897,24,302.0,2.6893939393939394
chr13p,weak,465092,465104,465092,465123,13,302.0,4.341880341880342
chr13p,weak,465428,465428,465428,465447,1,302.0,4.714285714285714
chr13p,weak,465767,465785,465767,465804,19,302.0,5.61654135338346
chr13p,weak,465987,465987,465987,466006,1,302.0,2.076923076923077
chr13p,weak,466775,466775,466775,466794,1,302.0,4.714285714285714
chr13p,weak,466963,466963,466963,466982,1,302.0,4.0
chr13p,weak,467382,467382,467382,467401,1,302.0,3.4444444444444446
chr13p,weak,467644,467644,467644,467663,1,302.0,4.714285714285714
chr13p,weak,467807,467807,467807,467826,1,302.0,3.0
chr13p,weak,468168,468168,468168,468187,1,302.0,4.0
chr13p,weak,468338,468368,468338,468387,31,302.0,2.859237536656892
chr13p,weak,468434,468482,468434,468501,49,302.0,4.131843213475867
chr13p,weak,468579,468579,468579,468598,1,302.0,2.6363636363636362
chr13p,weak,468750,468750,468750,468769,1,302.0,4.0
chr13p,weak,468949,468949,468949,468968,1,302.0,3.0
chr13p,weak,469149,469149,469149,469168,1,302.0,5.666666666666667
chr13p,weak,469306,469306,469306,469325,1,302.0,3.4444444444444446
chr13p,weak,469605,469605,469605,469624,1,302.0,3.0
chr13p,weak,469821,469821,469821,469840,1,302.0,3.4444444444444446
chr13p,weak,470110,470110,470110,470129,1,302.0,2.6363636363636362
chr13p,weak,470941,470941,470941,470960,1,302.0,3.0
chr13p,weak,471151,471151,471151,471170,1,302.0,3.4444444444444446
chr13p,weak,471765,471765,471765,471784,1,302.0,5.666666666666667
chr13p,weak,471986,471986,471986,472005,1,302.0,2.3333333333333335
chr13p,weak,472664,472664,472664,472683,1,302.0,4.0
chr13p,weak,472856,472856,472856,472875,1,302.0,2.6363636363636362
chr13p,weak,473009,473009,473009,473028,1,302.0,3.4444444444444446
chr13p,weak,473348,473348,473348,473367,1,302.0,3.0
chr13p,weak,473514,473514,473514,473533,1,302.0,3.0
chr13p,weak,473704,473704,473704,473723,1,302.0,3.4444444444444446
chr13p,weak,473856,473856,473856,473875,1,302.0,2.3333333333333335
chr13p,weak,473977,473977,473977,473996,1,302.0,3.4444444444444446
chr13p,weak,474044,474044,474044,474063,1,302.0,5.666666666666667
chr13p,weak,474177,474177,474177,474196,1,302.0,5.666666666666667
chr13p,weak,474354,474354,474354,474373,1,302.0,3.4444444444444446
chr13p,weak,474615,474615,474615,474634,1,302.0,3.4444444444444446
chr13p,weak,474995,474995,474995,475014,1,302.0,2.6363636363636362
chr13p,weak,475229,475229,475229,475248,1,302.0,3.0
chr13p,weak,475444,475444,475444,475463,1,302.0,3.0
chr13p,weak,475671,475671,475671,475690,1,302.0,4.714285714285714
chr13p,weak,475840,475840,475840,475859,1,302.0,3.4444444444444446
chr13p,weak,476010,476010,476010,476029,1,302.0,4.0
chr13p,weak,476192,476192,476192,476211,1,302.0,3.4444444444444446
chr13p,weak,476648,476648,476648,476667,1,302.0,3.4444444444444446
chr13p,weak,476780,476780,476780,476799,1,302.0,4.0
chr13p,weak,477114,477114,477114,477133,1,302.0,4.0
chr13p,weak,477238,477238,477238,477257,1,302.0,3.0
chr13p,weak,477448,477448,477448,477467,1,302.0,9.0
chr13p,weak,477792,477792,477792,477811,1,302.0,2.6363636363636362
chr13p,weak,478807,478807,478807,478826,1,302.0,3.0
chr13p,weak,479003,479003,479003,479022,1,302.0,3.4444444444444446
chr13p,weak,479155,479155,479155,479174,1,302.0,2.3333333333333335
chr13p,weak,479276,479276,479276,479295,1,302.0,3.4444444444444446
chr13p,weak,479343,479343,479343,479362,1,302.0,5.666666666666667
chr13p,weak,479476,479476,479476,479495,1,302.0,5.666666666666667
chr13p,weak,479653,479653,479653,479672,1,302.0,3.4444444444444446
chr13p,weak,479914,479914,479914,479933,1,302.0,3.4444444444444446
chr13p,weak,480294,480294,480294,480313,1,302.0,2.6363636363636362
chr13p,weak,480528,480528,480528,480547,1,302.0,3.0
chr13p,weak,480743,480743,480743,480762,1,302.0,3.0
chr13p,weak,480970,480970,480970,480989,1,302.0,4.714285714285714
chr13p,weak,481145,481145,481145,481164,1,302.0,3.4444444444444446
chr13p,weak,481309,481309,481309,481328,1,302.0,4.0
chr13p,weak,481477,481477,481477,481496,1,302.0,4.714285714285714
chr13p,weak,481928,481928,481928,481947,1,302.0,3.0
chr13p,weak,482064,482064,482064,482083,1,302.0,3.0
chr13p,weak,482537,482537,482537,482556,1,302.0,3.0
chr13p,weak,482747,482747,482747,482766,1,302.0,9.0
chr13p,weak,482942,482942,482942,482961,1,302.0,4.714285714285714
chr13p,weak,483100,483100,483100,483119,1,302.0,3.0
chr13p,weak,483320,483320,483320,483339,1,302.0,3.4444444444444446
chr13p,weak,483496,483496,483496,483515,1,302.0,5.666666666666667
chr13p,weak,483690,483690,483690,483709,1,302.0,3.0
chr13p,weak,484090,484090,484090,484109,1,302.0,3.0
chr13p,weak,484257,484257,484257,484276,1,302.0,5.666666666666667
chr13p,weak,484468,484468,484468,484487,1,302.0,2.6363636363636362
chr13p,weak,484670,484670,484670,484689,1,302.0,9.0
chr13p,weak,484851,484851,484851,484870,1,302.0,2.3333333333333335
chr13p,weak,485049,485049,485049,485068,1,302.0,7.0
chr13p,weak,485446,485446,485446,485465,1,302.0,4.0
chr13p,weak,485704,485704,485704,485723,1,302.0,3.4444444444444446
chr13p,weak,485908,485908,485908,485927,1,302.0,3.4444444444444446
chr13p,weak,486398,486398,486398,486417,1,302.0,3.4444444444444446
chr13p,weak,486787,486787,486787,486806,1,302.0,3.4444444444444446
chr13p,weak,486926,486926,486926,486945,1,302.0,2.6363636363636362
chr13p,weak,487395,487395,487395,487414,1,302.0,3.4444444444444446
chr13p,weak,487529,487549,487529,487568,21,302.0,2.8085618085618087
chr13p,weak,487735,487735,487735,487754,1,302.0,4.714285714285714
chr13p,weak,487936,487936,487936,487955,1,302.0,3.0
chr13p,weak,488143,488157,488143,488176,15,302.0,3.9343915343915348
chr13p,weak,488351,488351,488351,488370,1,302.0,5.666666666666667
chr13p,weak,490015,490015,490015,490034,1,302.0,4.714285714285714
chr13p,weak,490241,490241,490241,490260,1,302.0,3.0
chr13p,weak,490438,490450,490438,490469,13,302.0,3.7301587301587302
chr13p,weak,490614,490614,490614,490633,1,302.0,4.0
chr13p,weak,490774,490809,490774,490828,36,302.0,3.118887285553952
chr13p,weak,491236,491236,491236,491255,1,302.0,3.0
chr13p,weak,491557,491557,491557,491576,1,302.0,3.4444444444444446
chr13p,weak,492354,492354,492354,492373,1,302.0,4.0
chr13p,weak,492571,492571,492571,492590,1,302.0,4.0
chr13p,weak,493138,493138,493138,493157,1,302.0,3.0
chr13p,weak,493483,493483,493483,493502,1,302.0,3.4444444444444446
chr13p,weak,493671,493671,493671,493690,1,302.0,2.6363636363636362
chr13p,weak,493841,493841,493841,493860,1,302.0,4.714285714285714
chr13p,weak,494012,494012,494012,494031,1,302.0,3.4444444444444446
chr13p,weak,494179,494179,494179,494198,1,302.0,2.6363636363636362
chr13p,weak,494321,494321,494321,494340,1,302.0,3.4444444444444446
chr13p,weak,494373,494373,494373,494392,1,302.0,3.0
chr13p,weak,494585,494585,494585,494604,1,302.0,3.4444444444444446
chr13p,weak,494738,494738,494738,494757,1,302.0,3.0
chr13p,weak,494944,494944,494944,494963,1,302.0,3.4444444444444446
chr13p,weak,495127,495127,495127,495146,1,302.0,2.6363636363636362
chr13p,weak,495270,495270,495270,495289,1,302.0,5.666666666666667
chr13p,weak,495434,495434,495434,495453,1,302.0,3.0
chr13p,weak,495614,495614,495614,495633,1,302.0,2.3333333333333335
chr13p,weak,495799,495799,495799,495818,1,302.0,3.4444444444444446
chr13p,weak,495968,495968,495968,495987,1,302.0,3.0
chr13p,weak,496124,496150,496124,496169,27,302.0,3.52450430228208
chr13p,weak,496298,496298,496298,496317,1,302.0,4.714285714285714
chr13p,weak,496491,496491,496491,496510,1,302.0,4.0
chr13p,weak,496664,496664,496664,496683,1,302.0,3.4444444444444446
chr13p,weak,496785,496785,496785,496804,1,302.0,3.4444444444444446
chr13p,weak,497139,497165,497139,497184,27,302.0,6.520282186948854
chr13p,weak,497327,497327,497327,497346,1,302.0,4.0
chr13p,weak,497486,497486,497486,497505,1,302.0,3.0
chr13p,weak,497664,497667,497664,497686,4,302.0,5.428571428571429
chr13p,weak,497816,497816,497816,497835,1,302.0,3.0
chr13p,weak,497975,497975,497975,497994,1,302.0,2.6363636363636362
chr13p,weak,498131,498131,498131,498150,1,302.0,4.0
chr13p,weak,498302,498302,498302,498321,1,302.0,4.714285714285714
chr13p,weak,498428,498428,498428,498447,1,302.0,4.0
chr13p,weak,498620,498620,498620,498639,1,302.0,4.0
chr13p,weak,498791,498791,498791,498810,1,302.0,3.4444444444444446
chr13p,weak,498961,498961,498961,498980,1,302.0,3.4444444444444446
chr13p,weak,499104,499104,499104,499123,1,302.0,3.0
chr13p,weak,499469,499469,499469,499488,1,302.0,3.0
chr13p,weak,499831,499831,499831,499850,1,302.0,4.714285714285714
