record_id,signal_type,start_kmer_idx,end_kmer_idx,start_base,end_base,run_kmer_len,scale_used,mean_atcg
chr16q,strong,1004,1004,1004,1023,1,398.0,1.3529411764705883
chr16q,strong,1223,1223,1223,1242,1,398.0,2.076923076923077
chr16q,strong,1441,1441,1441,1460,1,398.0,1.5
chr16q,strong,1665,1665,1665,1684,1,398.0,1.2222222222222223
chr16q,strong,1883,1883,1883,1902,1,398.0,1.6666666666666667
chr16q,strong,2107,2107,2107,2126,1,398.0,1.8571428571428572
chr16q,strong,2337,2337,2337,2356,1,398.0,1.3529411764705883
chr16q,strong,2570,2570,2570,2589,1,398.0,1.8571428571428572
chr16q,strong,2819,2819,2819,2838,1,398.0,1.6666666666666667
chr16q,strong,3062,3062,3062,3081,1,398.0,1.5
chr16q,strong,3756,3779,3756,3798,24,398.0,2.1882561882561884
chr16q,strong,4005,4005,4005,4024,1,398.0,1.5
chr16q,strong,4254,4254,4254,4273,1,398.0,1.3529411764705883
chr16q,strong,4511,4511,4511,4530,1,398.0,1.6666666666666667
chr16q,strong,4734,4734,4734,4753,1,398.0,1.6666666666666667
chr16q,strong,5038,5038,5038,5057,1,398.0,1.8571428571428572
chr16q,strong,5287,5287,5287,5306,1,398.0,1.8571428571428572
chr16q,strong,5894,5894,5894,5913,1,398.0,2.076923076923077
chr16q,strong,6118,6118,6118,6137,1,398.0,2.076923076923077
chr16q,strong,6365,6365,6365,6384,1,398.0,1.3529411764705883
chr16q,strong,6598,6598,6598,6617,1,398.0,1.8571428571428572
chr16q,strong,6847,6847,6847,6866,1,398.0,1.6666666666666667
chr16q,strong,7096,7096,7096,7115,1,398.0,1.105263157894737
chr16q,strong,7181,7181,7181,7200,1,398.0,2.6363636363636362
chr16q,strong,7446,7446,7446,7465,1,398.0,1.5
chr16q,strong,7757,7757,7757,7776,1,398.0,1.5
chr16q,strong,8383,8383,8383,8402,1,398.0,1.6666666666666667
chr16q,strong,8607,8607,8607,8626,1,398.0,1.8571428571428572
chr16q,strong,8875,8875,8875,8894,1,398.0,1.5
chr16q,strong,9183,9214,9183,9233,32,398.0,1.9484890109890112
chr16q,strong,9519,9519,9519,9538,1,398.0,1.5
chr16q,strong,9768,9768,9768,9787,1,398.0,1.6666666666666667
chr16q,strong,10364,10364,10364,10383,1,398.0,1.5
chr16q,strong,10588,10588,10588,10607,1,398.0,1.5
chr16q,strong,10837,10837,10837,10856,1,398.0,1.6666666666666667
chr16q,strong,11061,11061,11061,11080,1,398.0,1.8571428571428572
chr16q,strong,11316,11316,11316,11335,1,398.0,2.076923076923077
chr16q,strong,11565,11565,11565,11584,1,398.0,1.6666666666666667
chr16q,strong,12031,12031,12031,12050,1,398.0,1.5
chr16q,strong,12280,12280,12280,12299,1,398.0,1.0
chr16q,strong,12519,12533,12519,12552,15,398.0,1.8796092796092798
chr16q,strong,12758,12782,12758,12801,25,398.0,1.5678931113606038
chr16q,strong,13032,13032,13032,13051,1,398.0,1.8571428571428572
chr16q,strong,13343,13343,13343,13362,1,398.0,1.8571428571428572
chr16q,strong,13629,13629,13629,13648,1,398.0,1.3529411764705883
chr16q,strong,13909,13909,13909,13928,1,398.0,1.8571428571428572
chr16q,strong,14158,14158,14158,14177,1,398.0,1.8571428571428572
chr16q,strong,14799,14799,14799,14818,1,398.0,1.5
chr16q,strong,15048,15048,15048,15067,1,398.0,1.6666666666666667
chr16q,strong,15236,15236,15236,15255,1,398.0,2.076923076923077
chr16q,strong,15472,15472,15472,15491,1,398.0,1.6666666666666667
chr16q,strong,15696,15696,15696,15715,1,398.0,2.3333333333333335
chr16q,strong,15908,15908,15908,15927,1,398.0,2.076923076923077
chr16q,strong,16152,16152,16152,16171,1,398.0,1.3529411764705883
chr16q,strong,16363,16363,16363,16382,1,398.0,1.3529411764705883
chr16q,strong,17081,17081,17081,17100,1,398.0,1.6666666666666667
chr16q,strong,17268,17312,17268,17331,45,398.0,1.437929245772383
chr16q,strong,17542,17542,17542,17561,1,398.0,2.076923076923077
chr16q,strong,17789,17789,17789,17808,1,398.0,1.3529411764705883
chr16q,strong,18044,18044,18044,18063,1,398.0,1.105263157894737
chr16q,strong,18305,18324,18305,18343,20,398.0,1.7945970695970694
chr16q,strong,19614,19614,19614,19633,1,398.0,1.6666666666666667
chr16q,strong,19833,19833,19833,19852,1,398.0,1.5
chr16q,strong,20063,20063,20063,20082,1,398.0,2.3333333333333335
chr16q,strong,20281,20281,20281,20300,1,398.0,1.5
chr16q,strong,20495,20495,20495,20514,1,398.0,1.5
chr16q,strong,20694,20694,20694,20713,1,398.0,1.5
chr16q,strong,20876,20876,20876,20895,1,398.0,1.8571428571428572
chr16q,strong,21098,21098,21098,21117,1,398.0,1.8571428571428572
chr16q,strong,21332,21332,21332,21351,1,398.0,1.2222222222222223
chr16q,strong,21569,21569,21569,21588,1,398.0,2.3333333333333335
chr16q,strong,21824,21824,21824,21843,1,398.0,3.0
chr16q,strong,22067,22073,22067,22092,7,398.0,1.2782446311858078
chr16q,strong,22340,22340,22340,22359,1,398.0,2.076923076923077
chr16q,strong,22603,22603,22603,22622,1,398.0,2.076923076923077
chr16q,strong,22894,22894,22894,22913,1,398.0,1.8571428571428572
chr16q,strong,23143,23143,23143,23162,1,398.0,1.6666666666666667
chr16q,strong,23392,23392,23392,23411,1,398.0,2.3333333333333335
chr16q,strong,23641,23641,23641,23660,1,398.0,1.5
chr16q,strong,23865,23865,23865,23884,1,398.0,1.3529411764705883
chr16q,strong,24091,24091,24091,24110,1,398.0,1.8571428571428572
chr16q,strong,24307,24307,24307,24326,1,398.0,1.8571428571428572
chr16q,strong,24537,24537,24537,24556,1,398.0,1.3529411764705883
chr16q,strong,24778,24778,24778,24797,1,398.0,2.076923076923077
chr16q,strong,25010,25010,25010,25029,1,398.0,1.5
chr16q,strong,25232,25232,25232,25251,1,398.0,1.8571428571428572
chr16q,strong,25460,25460,25460,25479,1,398.0,1.3529411764705883
chr16q,strong,25653,25653,25653,25672,1,398.0,1.8571428571428572
chr16q,strong,25883,25883,25883,25902,1,398.0,1.6666666666666667
chr16q,strong,26132,26132,26132,26151,1,398.0,1.105263157894737
chr16q,strong,26356,26356,26356,26375,1,398.0,1.3529411764705883
chr16q,strong,26617,26617,26617,26636,1,398.0,2.076923076923077
chr16q,strong,26850,26850,26850,26869,1,398.0,1.8571428571428572
chr16q,strong,27111,27111,27111,27130,1,398.0,1.6666666666666667
chr16q,strong,27360,27360,27360,27379,1,398.0,1.8571428571428572
chr16q,strong,28442,28481,28442,28500,40,398.0,1.8807422969187677
chr16q,strong,28697,28697,28697,28716,1,398.0,1.3529411764705883
chr16q,strong,28922,28922,28922,28941,1,398.0,1.6666666666666667
chr16q,strong,29171,29171,29171,29190,1,398.0,1.8571428571428572
chr16q,strong,30304,30304,30304,30323,1,398.0,2.076923076923077
chr16q,strong,30540,30540,30540,30559,1,398.0,1.6666666666666667
chr16q,strong,30753,30753,30753,30772,1,398.0,2.076923076923077
chr16q,strong,30995,30995,30995,31014,1,398.0,1.8571428571428572
chr16q,strong,31219,31219,31219,31238,1,398.0,1.5
chr16q,strong,31431,31431,31431,31450,1,398.0,1.3529411764705883
chr16q,strong,31680,31680,31680,31699,1,398.0,1.8571428571428572
chr16q,strong,31904,31904,31904,31923,1,398.0,1.8571428571428572
chr16q,strong,32153,32153,32153,32172,1,398.0,1.5
chr16q,strong,32839,32839,32839,32858,1,398.0,1.6666666666666667
chr16q,strong,33063,33063,33063,33082,1,398.0,1.3529411764705883
chr16q,strong,33287,33287,33287,33306,1,398.0,1.5
chr16q,strong,33536,33536,33536,33555,1,398.0,1.8571428571428572
chr16q,strong,33785,33785,33785,33804,1,398.0,1.5
chr16q,strong,34471,34471,34471,34490,1,398.0,1.6666666666666667
chr16q,strong,34695,34695,34695,34714,1,398.0,1.3529411764705883
chr16q,strong,34919,34919,34919,34938,1,398.0,1.5
chr16q,strong,35168,35168,35168,35187,1,398.0,1.8571428571428572
chr16q,strong,35399,35399,35399,35418,1,398.0,1.6666666666666667
chr16q,strong,35648,35648,35648,35667,1,398.0,2.076923076923077
chr16q,strong,35897,35897,35897,35916,1,398.0,1.3529411764705883
chr16q,strong,36174,36174,36174,36193,1,398.0,2.076923076923077
chr16q,strong,36404,36404,36404,36423,1,398.0,1.3529411764705883
chr16q,strong,36653,36653,36653,36672,1,398.0,1.2222222222222223
chr16q,strong,36938,36938,36938,36957,1,398.0,1.8571428571428572
chr16q,strong,37218,37218,37218,37237,1,398.0,1.3529411764705883
chr16q,strong,37823,37823,37823,37842,1,398.0,2.076923076923077
chr16q,strong,38041,38041,38041,38060,1,398.0,1.5
chr16q,strong,38234,38234,38234,38253,1,398.0,1.5
chr16q,strong,38465,38465,38465,38484,1,398.0,2.076923076923077
chr16q,strong,38707,38707,38707,38726,1,398.0,1.8571428571428572
chr16q,strong,38937,38937,38937,38956,1,398.0,1.3529411764705883
chr16q,strong,39170,39170,39170,39189,1,398.0,1.8571428571428572
chr16q,strong,39394,39394,39394,39413,1,398.0,1.8571428571428572
chr16q,strong,39632,39632,39632,39651,1,398.0,1.8571428571428572
chr16q,strong,40183,40183,40183,40202,1,398.0,1.2222222222222223
chr16q,strong,40407,40407,40407,40426,1,398.0,1.105263157894737
chr16q,strong,40611,40650,40611,40669,40,398.0,1.8648809523809526
chr16q,strong,40860,40874,40860,40893,15,398.0,1.8249084249084253
chr16q,strong,41123,41123,41123,41142,1,398.0,1.8571428571428572
chr16q,strong,41404,41404,41404,41423,1,398.0,2.3333333333333335
chr16q,strong,41684,41684,41684,41703,1,398.0,1.6666666666666667
chr16q,strong,43111,43111,43111,43130,1,398.0,2.076923076923077
chr16q,strong,43360,43376,43360,43395,17,398.0,1.902499461322991
chr16q,strong,43609,43609,43609,43628,1,398.0,1.5
chr16q,strong,43890,43890,43890,43909,1,398.0,2.076923076923077
chr16q,strong,44113,44113,44113,44132,1,398.0,2.3333333333333335
chr16q,strong,44574,44574,44574,44593,1,398.0,1.105263157894737
chr16q,strong,44817,44861,44817,44880,45,398.0,1.6941998451802378
chr16q,strong,45073,45073,45073,45092,1,398.0,2.076923076923077
chr16q,strong,45322,45322,45322,45341,1,398.0,2.3333333333333335
chr16q,strong,45571,45571,45571,45590,1,398.0,1.6666666666666667
chr16q,strong,48476,48476,48476,48495,1,398.0,1.6666666666666667
chr16q,strong,48705,48705,48705,48724,1,398.0,2.076923076923077
chr16q,strong,48935,48935,48935,48954,1,398.0,2.3333333333333335
chr16q,strong,49179,49179,49179,49198,1,398.0,2.076923076923077
chr16q,strong,49403,49403,49403,49422,1,398.0,1.5
chr16q,strong,49633,49633,49633,49652,1,398.0,1.8571428571428572
chr16q,strong,49876,49876,49876,49895,1,398.0,1.8571428571428572
chr16q,strong,50100,50100,50100,50119,1,398.0,1.8571428571428572
chr16q,strong,50356,50356,50356,50375,1,398.0,2.3333333333333335
chr16q,strong,51876,51876,51876,51895,1,398.0,1.5
chr16q,strong,52503,52503,52503,52522,1,398.0,1.105263157894737
chr16q,strong,52777,52777,52777,52796,1,398.0,1.5
chr16q,strong,53006,53006,53006,53025,1,398.0,2.3333333333333335
chr16q,strong,55202,55202,55202,55221,1,398.0,1.6666666666666667
chr16q,strong,55426,55457,55426,55476,32,398.0,1.7543419611434317
chr16q,strong,55662,55662,55662,55681,1,398.0,2.3333333333333335
chr16q,strong,55907,55907,55907,55926,1,398.0,1.8571428571428572
chr16q,strong,56125,56125,56125,56144,1,398.0,1.3529411764705883
chr16q,strong,56374,56374,56374,56393,1,398.0,1.6666666666666667
chr16q,strong,56578,56578,56578,56597,1,398.0,2.076923076923077
chr16q,strong,56827,56827,56827,56846,1,398.0,1.8571428571428572
chr16q,strong,57076,57076,57076,57095,1,398.0,1.6666666666666667
chr16q,strong,57306,57306,57306,57325,1,398.0,1.8571428571428572
chr16q,strong,57555,57555,57555,57574,1,398.0,1.8571428571428572
chr16q,strong,57811,57811,57811,57830,1,398.0,2.3333333333333335
chr16q,strong,58053,58053,58053,58072,1,398.0,1.6666666666666667
chr16q,strong,58333,58333,58333,58352,1,398.0,1.8571428571428572
chr16q,strong,58576,58576,58576,58595,1,398.0,1.3529411764705883
chr16q,strong,58775,58825,58775,58844,51,398.0,1.710821281755538
chr16q,strong,59064,59064,59064,59083,1,398.0,1.6666666666666667
chr16q,strong,60536,60536,60536,60555,1,398.0,2.076923076923077
chr16q,strong,60779,60779,60779,60798,1,398.0,1.8571428571428572
chr16q,strong,61054,61054,61054,61073,1,398.0,2.076923076923077
chr16q,strong,62010,62010,62010,62029,1,398.0,2.076923076923077
chr16q,strong,62284,62284,62284,62303,1,398.0,1.5
chr16q,strong,62593,62593,62593,62612,1,398.0,2.076923076923077
chr16q,strong,62842,62842,62842,62861,1,398.0,2.3333333333333335
chr16q,strong,63103,63103,63103,63122,1,398.0,2.3333333333333335
chr16q,strong,99472,99472,99472,99491,1,398.0,1.0
chr16q,strong,99696,99696,99696,99715,1,398.0,1.6666666666666667
chr16q,strong,99932,99937,99932,99956,6,398.0,1.6984126984126986
chr16q,strong,100151,100151,100151,100170,1,398.0,2.3333333333333335
chr16q,strong,100375,100375,100375,100394,1,398.0,1.8571428571428572
chr16q,strong,100594,100594,100594,100613,1,398.0,1.2222222222222223
chr16q,strong,102268,102268,102268,102287,1,398.0,1.3529411764705883
chr16q,strong,102581,102581,102581,102600,1,398.0,2.076923076923077
chr16q,strong,102830,102830,102830,102849,1,398.0,1.3529411764705883
chr16q,strong,103110,103110,103110,103129,1,398.0,2.076923076923077
chr16q,strong,103384,103384,103384,103403,1,398.0,2.3333333333333335
chr16q,strong,103676,103676,103676,103695,1,398.0,1.8571428571428572
chr16q,strong,104981,104981,104981,105000,1,398.0,2.076923076923077
chr16q,strong,105205,105205,105205,105224,1,398.0,2.076923076923077
chr16q,strong,105429,105429,105429,105448,1,398.0,1.8571428571428572
chr16q,strong,105868,105868,105868,105887,1,398.0,1.6666666666666667
chr16q,strong,106092,106092,106092,106111,1,398.0,1.2222222222222223
chr16q,strong,106341,106341,106341,106360,1,398.0,2.076923076923077
chr16q,strong,106615,106615,106615,106634,1,398.0,2.3333333333333335
chr16q,strong,106907,106907,106907,106926,1,398.0,1.8571428571428572
chr16q,strong,108212,108212,108212,108231,1,398.0,2.076923076923077
chr16q,strong,108461,108461,108461,108480,1,398.0,1.8571428571428572
chr16q,strong,108691,108691,108691,108710,1,398.0,2.076923076923077
chr16q,strong,112128,112128,112128,112147,1,398.0,1.6666666666666667
chr16q,strong,112377,112377,112377,112396,1,398.0,1.8571428571428572
chr16q,strong,112658,112658,112658,112677,1,398.0,1.6666666666666667
chr16q,strong,112907,112907,112907,112926,1,398.0,1.6666666666666667
chr16q,strong,117240,117240,117240,117259,1,398.0,1.8571428571428572
chr16q,strong,118046,118046,118046,118065,1,398.0,1.3529411764705883
chr16q,strong,118295,118295,118295,118314,1,398.0,1.8571428571428572
chr16q,strong,119127,119127,119127,119146,1,398.0,1.8571428571428572
chr16q,strong,121102,121102,121102,121121,1,398.0,1.5
chr16q,strong,121324,121324,121324,121343,1,398.0,1.3529411764705883
chr16q,strong,121573,121573,121573,121592,1,398.0,1.8571428571428572
chr16q,strong,121797,121797,121797,121816,1,398.0,1.6666666666666667
chr16q,strong,122373,122373,122373,122392,1,398.0,2.3333333333333335
chr16q,strong,122597,122597,122597,122616,1,398.0,1.6666666666666667
chr16q,strong,122841,122841,122841,122860,1,398.0,2.3333333333333335
chr16q,strong,123090,123090,123090,123109,1,398.0,1.8571428571428572
chr16q,strong,124254,124254,124254,124273,1,398.0,1.8571428571428572
chr16q,strong,125389,125389,125389,125408,1,398.0,1.5
chr16q,strong,125638,125638,125638,125657,1,398.0,1.5
chr16q,strong,126618,126618,126618,126637,1,398.0,1.8571428571428572
chr16q,strong,126837,126837,126837,126856,1,398.0,2.076923076923077
chr16q,strong,127099,127099,127099,127118,1,398.0,2.076923076923077
chr16q,strong,132845,132845,132845,132864,1,398.0,1.6666666666666667
chr16q,strong,133094,133094,133094,133113,1,398.0,1.3529411764705883
chr16q,strong,133312,133312,133312,133331,1,398.0,1.6666666666666667
chr16q,strong,135209,135209,135209,135228,1,398.0,1.5
chr16q,strong,138797,138797,138797,138816,1,398.0,1.6666666666666667
chr16q,strong,139046,139046,139046,139065,1,398.0,1.3529411764705883
chr16q,strong,139295,139295,139295,139314,1,398.0,1.6666666666666667
chr16q,strong,139544,139544,139544,139563,1,398.0,1.5
chr16q,strong,139751,139751,139751,139770,1,398.0,1.3529411764705883
chr16q,strong,140000,140000,140000,140019,1,398.0,1.8571428571428572
chr16q,strong,140224,140224,140224,140243,1,398.0,1.5
chr16q,strong,140462,140462,140462,140481,1,398.0,1.8571428571428572
chr16q,strong,140692,140692,140692,140711,1,398.0,2.076923076923077
chr16q,strong,140916,140916,140916,140935,1,398.0,1.8571428571428572
chr16q,strong,141165,141165,141165,141184,1,398.0,2.076923076923077
chr16q,strong,142655,142655,142655,142674,1,398.0,1.8571428571428572
chr16q,strong,142873,142873,142873,142892,1,398.0,2.076923076923077
chr16q,strong,143097,143097,143097,143116,1,398.0,1.8571428571428572
chr16q,strong,143321,143321,143321,143340,1,398.0,1.6666666666666667
chr16q,strong,148579,148579,148579,148598,1,398.0,1.2222222222222223
chr16q,strong,148822,148822,148822,148841,1,398.0,1.5
chr16q,strong,150475,150475,150475,150494,1,398.0,1.5
chr16q,strong,150667,150667,150667,150686,1,398.0,1.5
chr16q,strong,150916,150916,150916,150935,1,398.0,1.5
chr16q,strong,151165,151165,151165,151184,1,398.0,1.6666666666666667
chr16q,strong,151815,151815,151815,151834,1,398.0,1.6666666666666667
chr16q,strong,153426,153426,153426,153445,1,398.0,1.6666666666666667
chr16q,strong,155298,155298,155298,155317,1,398.0,1.6666666666666667
chr16q,strong,156804,156804,156804,156823,1,398.0,1.5
chr16q,strong,160855,160855,160855,160874,1,398.0,1.6666666666666667
chr16q,strong,161104,161104,161104,161123,1,398.0,1.6666666666666667
chr16q,strong,161349,161349,161349,161368,1,398.0,2.076923076923077
chr16q,strong,161573,161573,161573,161592,1,398.0,1.8571428571428572
chr16q,strong,161791,161791,161791,161810,1,398.0,1.8571428571428572
chr16q,strong,166626,166626,166626,166645,1,398.0,1.8571428571428572
chr16q,strong,166896,166896,166896,166915,1,398.0,1.8571428571428572
chr16q,strong,168850,168850,168850,168869,1,398.0,2.076923076923077
chr16q,strong,169099,169099,169099,169118,1,398.0,1.8571428571428572
chr16q,strong,171752,171752,171752,171771,1,398.0,1.5
chr16q,strong,172001,172001,172001,172020,1,398.0,1.5
chr16q,strong,173698,173698,173698,173717,1,398.0,1.6666666666666667
chr16q,strong,173919,173919,173919,173938,1,398.0,1.5
chr16q,strong,174168,174168,174168,174187,1,398.0,2.076923076923077
chr16q,strong,175056,175056,175056,175075,1,398.0,2.3333333333333335
chr16q,strong,175305,175337,175305,175356,33,398.0,1.6554833768456059
chr16q,strong,175554,175554,175554,175573,1,398.0,1.2222222222222223
chr16q,strong,175778,175778,175778,175797,1,398.0,1.6666666666666667
chr16q,strong,176804,176804,176804,176823,1,398.0,1.2222222222222223
chr16q,strong,177022,177022,177022,177041,1,398.0,1.6666666666666667
chr16q,strong,177821,177821,177821,177840,1,398.0,1.3529411764705883
chr16q,strong,178070,178070,178070,178089,1,398.0,2.3333333333333335
chr16q,strong,178336,178336,178336,178355,1,398.0,1.5
chr16q,strong,178584,178584,178584,178603,1,398.0,2.076923076923077
chr16q,strong,178833,178833,178833,178852,1,398.0,2.3333333333333335
chr16q,strong,180358,180358,180358,180377,1,398.0,1.8571428571428572
chr16q,strong,180608,180608,180608,180627,1,398.0,1.6666666666666667
chr16q,strong,181578,181578,181578,181597,1,398.0,1.5
chr16q,strong,181802,181802,181802,181821,1,398.0,1.8571428571428572
chr16q,strong,182011,182011,182011,182030,1,398.0,1.3529411764705883
chr16q,strong,182258,182258,182258,182277,1,398.0,1.3529411764705883
chr16q,strong,184035,184035,184035,184054,1,398.0,1.5
chr16q,strong,184284,184284,184284,184303,1,398.0,1.5
chr16q,strong,185673,185673,185673,185692,1,398.0,1.6666666666666667
chr16q,strong,185922,185972,185922,185991,51,398.0,1.893678217207629
chr16q,strong,186171,186171,186171,186190,1,398.0,1.5
chr16q,strong,186463,186463,186463,186482,1,398.0,1.3529411764705883
chr16q,strong,186712,186712,186712,186731,1,398.0,1.8571428571428572
chr16q,strong,186961,186961,186961,186980,1,398.0,2.076923076923077
chr16q,strong,187241,187241,187241,187260,1,398.0,1.8571428571428572
chr16q,strong,187551,187551,187551,187570,1,398.0,1.2222222222222223
chr16q,strong,187806,187806,187806,187825,1,398.0,1.5
chr16q,strong,188049,188049,188049,188068,1,398.0,2.076923076923077
chr16q,strong,189558,189558,189558,189577,1,398.0,1.8571428571428572
chr16q,strong,189801,189801,189801,189820,1,398.0,1.8571428571428572
chr16q,strong,190249,190249,190249,190268,1,398.0,2.3333333333333335
chr16q,strong,190498,190498,190498,190517,1,398.0,1.6666666666666667
chr16q,strong,190815,190815,190815,190834,1,398.0,1.2222222222222223
chr16q,strong,191070,191070,191070,191089,1,398.0,1.5
chr16q,strong,191313,191313,191313,191332,1,398.0,2.076923076923077
chr16q,strong,192822,192822,192822,192841,1,398.0,1.8571428571428572
chr16q,strong,193065,193065,193065,193084,1,398.0,1.8571428571428572
chr16q,strong,193513,193513,193513,193532,1,398.0,2.3333333333333335
chr16q,strong,193762,193762,193762,193781,1,398.0,1.6666666666666667
chr16q,strong,194054,194054,194054,194073,1,398.0,2.076923076923077
chr16q,strong,194328,194328,194328,194347,1,398.0,1.8571428571428572
chr16q,strong,194577,194577,194577,194596,1,398.0,2.076923076923077
chr16q,strong,199440,199454,199440,199473,15,398.0,2.0021978021978026
chr16q,strong,199728,199728,199728,199747,1,398.0,1.8571428571428572
chr16q,strong,201116,201116,201116,201135,1,398.0,2.076923076923077
chr16q,strong,201371,201371,201371,201390,1,398.0,1.5
chr16q,strong,203329,203329,203329,203348,1,398.0,2.3333333333333335
chr16q,strong,203578,203578,203578,203597,1,398.0,1.6666666666666667
chr16q,strong,203827,203860,203827,203879,34,398.0,1.8199202758026287
chr16q,strong,206602,206602,206602,206621,1,398.0,2.6363636363636362
chr16q,strong,206888,206888,206888,206907,1,398.0,1.6666666666666667
chr16q,strong,207168,207168,207168,207187,1,398.0,2.076923076923077
chr16q,strong,207442,207442,207442,207461,1,398.0,1.8571428571428572
chr16q,strong,207666,207666,207666,207685,1,398.0,1.6666666666666667
chr16q,strong,208995,208995,208995,209014,1,398.0,1.8571428571428572
chr16q,strong,209227,209227,209227,209246,1,398.0,1.8571428571428572
chr16q,strong,209445,209445,209445,209464,1,398.0,1.5
chr16q,strong,209694,209694,209694,209713,1,398.0,1.8571428571428572
chr16q,strong,209973,209973,209973,209992,1,398.0,1.3529411764705883
chr16q,strong,210222,210222,210222,210241,1,398.0,1.8571428571428572
chr16q,strong,210477,210477,210477,210496,1,398.0,1.8571428571428572
chr16q,strong,210726,210726,210726,210745,1,398.0,1.8571428571428572
chr16q,strong,211061,211061,211061,211080,1,398.0,1.2222222222222223
chr16q,strong,211316,211316,211316,211335,1,398.0,1.5
chr16q,strong,211559,211559,211559,211578,1,398.0,2.076923076923077
chr16q,strong,212639,212639,212639,212658,1,398.0,2.3333333333333335
chr16q,strong,212881,212881,212881,212900,1,398.0,1.105263157894737
chr16q,strong,213095,213095,213095,213114,1,398.0,1.8571428571428572
chr16q,strong,213344,213344,213344,213363,1,398.0,2.076923076923077
chr16q,strong,213562,213562,213562,213581,1,398.0,1.8571428571428572
chr16q,strong,213841,213841,213841,213860,1,398.0,1.3529411764705883
chr16q,strong,214090,214090,214090,214109,1,398.0,1.8571428571428572
chr16q,strong,214314,214314,214314,214333,1,398.0,1.6666666666666667
chr16q,strong,214588,214588,214588,214607,1,398.0,1.8571428571428572
chr16q,strong,215184,215184,215184,215203,1,398.0,1.5
chr16q,strong,215427,215427,215427,215446,1,398.0,2.076923076923077
chr16q,strong,217155,217155,217155,217174,1,398.0,2.076923076923077
chr16q,strong,217404,217404,217404,217423,1,398.0,1.8571428571428572
chr16q,strong,217994,217994,217994,218013,1,398.0,1.8571428571428572
chr16q,strong,218218,218218,218218,218237,1,398.0,1.6666666666666667
chr16q,strong,219323,219323,219323,219342,1,398.0,2.3333333333333335
chr16q,strong,219565,219565,219565,219584,1,398.0,1.105263157894737
chr16q,strong,219779,219779,219779,219798,1,398.0,1.8571428571428572
chr16q,strong,220028,220028,220028,220047,1,398.0,2.076923076923077
chr16q,strong,220246,220246,220246,220265,1,398.0,1.8571428571428572
chr16q,strong,220525,220525,220525,220544,1,398.0,1.3529411764705883
chr16q,strong,220774,220774,220774,220793,1,398.0,1.8571428571428572
chr16q,strong,220998,220998,220998,221017,1,398.0,1.6666666666666667
chr16q,strong,221272,221272,221272,221291,1,398.0,1.8571428571428572
chr16q,strong,221868,221868,221868,221887,1,398.0,1.5
chr16q,strong,222111,222111,222111,222130,1,398.0,2.076923076923077
chr16q,strong,224068,224068,224068,224087,1,398.0,1.8571428571428572
chr16q,strong,224292,224292,224292,224311,1,398.0,2.076923076923077
chr16q,strong,224510,224510,224510,224529,1,398.0,2.076923076923077
chr16q,strong,224759,224759,224759,224778,1,398.0,2.3333333333333335
chr16q,strong,225008,225008,225008,225027,1,398.0,1.6666666666666667
chr16q,strong,225300,225300,225300,225319,1,398.0,2.076923076923077
chr16q,strong,225574,225574,225574,225593,1,398.0,1.8571428571428572
chr16q,strong,225798,225798,225798,225817,1,398.0,1.5
chr16q,strong,226864,226864,226864,226883,1,398.0,1.5
chr16q,strong,227156,227156,227156,227175,1,398.0,2.076923076923077
chr16q,strong,227405,227405,227405,227424,1,398.0,1.6666666666666667
chr16q,strong,227679,227679,227679,227698,1,398.0,2.076923076923077
chr16q,strong,227915,227915,227915,227934,1,398.0,1.6666666666666667
chr16q,strong,228222,228222,228222,228241,1,398.0,2.076923076923077
chr16q,strong,229878,229878,229878,229897,1,398.0,1.8571428571428572
chr16q,strong,230302,230302,230302,230321,1,398.0,2.076923076923077
chr16q,strong,230551,230551,230551,230570,1,398.0,1.8571428571428572
chr16q,strong,231147,231147,231147,231166,1,398.0,1.5
chr16q,strong,231390,231390,231390,231409,1,398.0,2.076923076923077
chr16q,strong,231632,231632,231632,231651,1,398.0,1.8571428571428572
chr16q,strong,235166,235211,235166,235230,46,398.0,2.172508650769521
chr16q,strong,235485,235485,235485,235504,1,398.0,1.8571428571428572
chr16q,strong,235765,235765,235765,235784,1,398.0,2.076923076923077
chr16q,strong,239231,239231,239231,239250,1,398.0,2.076923076923077
chr16q,strong,239463,239494,239463,239513,32,398.0,1.6800898243912952
chr16q,strong,239708,239708,239708,239727,1,398.0,1.8571428571428572
chr16q,strong,242544,242544,242544,242563,1,398.0,1.6666666666666667
chr16q,strong,242830,242830,242830,242849,1,398.0,1.8571428571428572
chr16q,strong,243085,243085,243085,243104,1,398.0,2.076923076923077
chr16q,strong,243359,243359,243359,243378,1,398.0,1.8571428571428572
chr16q,strong,243583,243583,243583,243602,1,398.0,1.6666666666666667
chr16q,strong,244887,244887,244887,244906,1,398.0,1.6666666666666667
chr16q,strong,245104,245104,245104,245123,1,398.0,1.6666666666666667
chr16q,strong,245316,245372,245316,245391,57,398.0,1.7578089265395769
chr16q,strong,245596,245602,245596,245621,7,398.0,1.5238095238095237
chr16q,strong,245882,245882,245882,245901,1,398.0,1.8571428571428572
chr16q,strong,246143,246143,246143,246162,1,398.0,1.8571428571428572
chr16q,strong,246392,246392,246392,246411,1,398.0,2.076923076923077
chr16q,strong,246641,246641,246641,246660,1,398.0,1.8571428571428572
chr16q,strong,246957,246957,246957,246976,1,398.0,2.076923076923077
chr16q,strong,247237,247237,247237,247256,1,398.0,1.5
chr16q,strong,247480,247480,247480,247499,1,398.0,2.076923076923077
chr16q,strong,249207,249207,249207,249226,1,398.0,1.6666666666666667
chr16q,strong,249424,249424,249424,249443,1,398.0,1.6666666666666667
chr16q,strong,249648,249648,249648,249667,1,398.0,2.076923076923077
chr16q,strong,249897,249897,249897,249916,1,398.0,1.5
chr16q,strong,250736,250736,250736,250755,1,398.0,2.3333333333333335
chr16q,strong,250985,250985,250985,251004,1,398.0,1.6666666666666667
chr16q,strong,251277,251277,251277,251296,1,398.0,2.076923076923077
chr16q,strong,251557,251557,251557,251576,1,398.0,1.5
chr16q,strong,251800,251800,251800,251819,1,398.0,2.076923076923077
chr16q,strong,253309,253309,253309,253328,1,398.0,1.8571428571428572
chr16q,strong,253558,253558,253558,253577,1,398.0,1.6666666666666667
chr16q,strong,253751,253751,253751,253770,1,398.0,2.076923076923077
chr16q,strong,254000,254000,254000,254019,1,398.0,2.3333333333333335
chr16q,strong,254249,254249,254249,254268,1,398.0,1.6666666666666667
chr16q,strong,254566,254566,254566,254585,1,398.0,1.2222222222222223
chr16q,strong,254821,254821,254821,254840,1,398.0,1.5
chr16q,strong,255051,255051,255051,255070,1,398.0,1.6666666666666667
chr16q,strong,256553,256553,256553,256572,1,398.0,1.8571428571428572
chr16q,strong,256777,256777,256777,256796,1,398.0,1.6666666666666667
chr16q,strong,257026,257026,257026,257045,1,398.0,1.5
chr16q,strong,257256,257256,257256,257275,1,398.0,1.5
chr16q,strong,257470,257470,257470,257489,1,398.0,1.8571428571428572
chr16q,strong,257688,257688,257688,257707,1,398.0,2.076923076923077
chr16q,strong,262214,262214,262214,262233,1,398.0,1.8571428571428572
chr16q,strong,262512,262512,262512,262531,1,398.0,2.3333333333333335
chr16q,strong,262761,262761,262761,262780,1,398.0,1.6666666666666667
chr16q,strong,263053,263053,263053,263072,1,398.0,2.076923076923077
chr16q,strong,263333,263333,263333,263352,1,398.0,1.5
chr16q,strong,263576,263576,263576,263595,1,398.0,2.076923076923077
chr16q,strong,265085,265085,265085,265104,1,398.0,1.8571428571428572
chr16q,strong,265309,265309,265309,265328,1,398.0,2.076923076923077
chr16q,strong,265527,265527,265527,265546,1,398.0,2.076923076923077
chr16q,strong,265776,265776,265776,265795,1,398.0,2.3333333333333335
chr16q,strong,266025,266025,266025,266044,1,398.0,1.6666666666666667
chr16q,strong,266317,266317,266317,266336,1,398.0,2.076923076923077
chr16q,strong,266591,266591,266591,266610,1,398.0,1.8571428571428572
chr16q,strong,266840,266840,266840,266859,1,398.0,2.076923076923077
chr16q,strong,268349,268349,268349,268368,1,398.0,1.8571428571428572
chr16q,strong,268598,268598,268598,268617,1,398.0,1.6666666666666667
chr16q,strong,268791,268791,268791,268810,1,398.0,2.076923076923077
chr16q,strong,269040,269040,269040,269059,1,398.0,2.3333333333333335
chr16q,strong,269289,269289,269289,269308,1,398.0,1.6666666666666667
chr16q,strong,269606,269606,269606,269625,1,398.0,1.2222222222222223
chr16q,strong,269861,269861,269861,269880,1,398.0,1.5
chr16q,strong,270104,270104,270104,270123,1,398.0,2.076923076923077
chr16q,strong,271625,271625,271625,271644,1,398.0,1.8571428571428572
chr16q,strong,271849,271849,271849,271868,1,398.0,1.6666666666666667
chr16q,strong,272098,272098,272098,272117,1,398.0,1.5
chr16q,strong,272328,272328,272328,272347,1,398.0,1.5
chr16q,strong,272542,272542,272542,272561,1,398.0,1.8571428571428572
chr16q,strong,272760,272760,272760,272779,1,398.0,2.076923076923077
chr16q,strong,278671,278671,278671,278690,1,398.0,2.3333333333333335
chr16q,strong,278902,278902,278902,278921,1,398.0,1.6666666666666667
chr16q,strong,279095,279095,279095,279114,1,398.0,2.076923076923077
chr16q,strong,279344,279344,279344,279363,1,398.0,2.3333333333333335
chr16q,strong,279593,279593,279593,279612,1,398.0,1.6666666666666667
chr16q,strong,279885,279885,279885,279904,1,398.0,2.076923076923077
chr16q,strong,280159,280159,280159,280178,1,398.0,1.8571428571428572
chr16q,strong,280408,280408,280408,280427,1,398.0,2.076923076923077
chr16q,strong,281624,281624,281624,281643,1,398.0,2.6363636363636362
chr16q,strong,285629,285629,285629,285648,1,398.0,1.8571428571428572
chr16q,strong,285866,285866,285866,285885,1,398.0,1.6666666666666667
chr16q,strong,286092,286092,286092,286111,1,398.0,1.8571428571428572
chr16q,strong,286341,286341,286341,286360,1,398.0,1.5
chr16q,strong,289980,290021,289980,290040,42,398.0,2.1427619999048573
chr16q,strong,290295,290295,290295,290314,1,398.0,1.8571428571428572
chr16q,strong,293817,293817,293817,293836,1,398.0,2.076923076923077
chr16q,strong,294041,294041,294041,294060,1,398.0,2.076923076923077
chr16q,strong,294321,294321,294321,294340,1,398.0,1.3529411764705883
chr16q,strong,295945,295945,295945,295964,1,398.0,1.8571428571428572
chr16q,strong,296220,296220,296220,296239,1,398.0,2.3333333333333335
chr16q,strong,297394,297394,297394,297413,1,398.0,1.6666666666666667
chr16q,strong,297641,297641,297641,297660,1,398.0,1.6666666666666667
chr16q,strong,297911,297911,297911,297930,1,398.0,2.076923076923077
chr16q,strong,300912,300912,300912,300931,1,398.0,1.3529411764705883
chr16q,strong,301167,301167,301167,301186,1,398.0,1.6666666666666667
chr16q,strong,301385,301385,301385,301404,1,398.0,1.3529411764705883
chr16q,strong,302892,302892,302892,302911,1,398.0,1.5
chr16q,strong,303141,303141,303141,303160,1,398.0,1.5
chr16q,strong,303200,303200,303200,303219,1,398.0,1.8571428571428572
chr16q,strong,303449,303449,303449,303468,1,398.0,3.4444444444444446
chr16q,strong,303711,303711,303711,303730,1,398.0,1.8571428571428572
chr16q,strong,303902,303902,303902,303921,1,398.0,2.076923076923077
chr16q,strong,305715,305715,305715,305734,1,398.0,2.076923076923077
chr16q,strong,305964,305964,305964,305983,1,398.0,1.6666666666666667
chr16q,strong,306202,306202,306202,306221,1,398.0,2.076923076923077
chr16q,strong,306482,306482,306482,306501,1,398.0,2.076923076923077
chr16q,strong,306771,306801,306771,306820,31,398.0,2.3761077632045384
chr16q,strong,307065,307065,307065,307084,1,398.0,2.6363636363636362
chr16q,strong,307314,307314,307314,307333,1,398.0,2.076923076923077
chr16q,strong,307544,307588,307544,307607,45,398.0,2.7392262058928725
chr16q,strong,307837,307837,307837,307856,1,398.0,1.8571428571428572
chr16q,strong,308028,308086,308028,308105,59,398.0,1.9239291781664665
chr16q,strong,310090,310090,310090,310109,1,398.0,1.6666666666666667
chr16q,strong,310328,310328,310328,310347,1,398.0,2.076923076923077
chr16q,strong,310608,310608,310608,310627,1,398.0,2.076923076923077
chr16q,strong,310940,310940,310940,310959,1,398.0,1.8571428571428572
chr16q,strong,311191,311197,311191,311216,7,398.0,2.7402597402597406
chr16q,strong,311440,311440,311440,311459,1,398.0,2.076923076923077
chr16q,strong,311714,311714,311714,311733,1,398.0,3.0
chr16q,strong,311963,311963,311963,311982,1,398.0,1.8571428571428572
chr16q,strong,313967,313967,313967,313986,1,398.0,2.3333333333333335
chr16q,strong,314216,314216,314216,314235,1,398.0,1.6666666666666667
chr16q,strong,315014,315014,315014,315033,1,398.0,1.3529411764705883
chr16q,strong,315241,315246,315241,315265,6,398.0,1.8253968253968254
chr16q,strong,315495,315507,315495,315526,13,398.0,2.1875816491201108
chr16q,strong,318608,318639,318608,318658,32,398.0,1.4474697773846383
chr16q,strong,318880,318880,318880,318899,1,398.0,2.076923076923077
chr16q,strong,319129,319129,319129,319148,1,398.0,1.5
chr16q,strong,319384,319384,319384,319403,1,398.0,1.5
chr16q,strong,319637,319637,319637,319656,1,398.0,1.8571428571428572
chr16q,strong,320670,320670,320670,320689,1,398.0,2.6363636363636362
chr16q,strong,320919,320919,320919,320938,1,398.0,2.3333333333333335
chr16q,strong,321137,321137,321137,321156,1,398.0,2.076923076923077
chr16q,strong,321361,321361,321361,321380,1,398.0,1.5
chr16q,strong,321626,321626,321626,321645,1,398.0,1.6666666666666667
chr16q,strong,321906,321906,321906,321925,1,398.0,1.8571428571428572
chr16q,strong,322141,322141,322141,322160,1,398.0,1.8571428571428572
chr16q,strong,329084,329084,329084,329103,1,398.0,2.3333333333333335
chr16q,strong,329346,329346,329346,329365,1,398.0,2.076923076923077
chr16q,strong,329570,329570,329570,329589,1,398.0,2.076923076923077
chr16q,strong,329813,329813,329813,329832,1,398.0,1.6666666666666667
chr16q,strong,330031,330031,330031,330050,1,398.0,1.5
chr16q,strong,330249,330249,330249,330268,1,398.0,2.076923076923077
chr16q,strong,330487,330487,330487,330506,1,398.0,2.3333333333333335
chr16q,strong,330539,330539,330539,330558,1,398.0,1.6666666666666667
chr16q,strong,330742,330742,330742,330761,1,398.0,1.8571428571428572
chr16q,strong,332537,332537,332537,332556,1,398.0,1.5
chr16q,strong,332811,332811,332811,332830,1,398.0,2.3333333333333335
chr16q,strong,333056,333056,333056,333075,1,398.0,2.076923076923077
chr16q,strong,334634,334634,334634,334653,1,398.0,2.076923076923077
chr16q,strong,334858,334858,334858,334877,1,398.0,2.076923076923077
chr16q,strong,335531,335531,335531,335550,1,398.0,1.6666666666666667
chr16q,strong,336244,336244,336244,336263,1,398.0,2.6363636363636362
chr16q,strong,336451,336451,336451,336470,1,398.0,2.076923076923077
chr16q,strong,336700,336700,336700,336719,1,398.0,1.8571428571428572
chr16q,strong,337732,337732,337732,337751,1,398.0,1.5
chr16q,strong,338012,338012,338012,338031,1,398.0,2.3333333333333335
chr16q,strong,338370,338370,338370,338389,1,398.0,1.3529411764705883
chr16q,strong,338619,338619,338619,338638,1,398.0,1.8571428571428572
chr16q,strong,341522,341522,341522,341541,1,398.0,1.8571428571428572
chr16q,strong,341784,341784,341784,341803,1,398.0,1.8571428571428572
chr16q,strong,342008,342008,342008,342027,1,398.0,2.6363636363636362
chr16q,strong,342232,342232,342232,342251,1,398.0,1.6666666666666667
chr16q,strong,342431,342456,342431,342475,26,398.0,1.649372372223051
chr16q,strong,342674,342680,342674,342699,7,398.0,2.186813186813187
chr16q,strong,342898,342898,342898,342917,1,398.0,2.076923076923077
chr16q,strong,343145,343145,343145,343164,1,398.0,1.8571428571428572
chr16q,strong,345040,345040,345040,345059,1,398.0,2.076923076923077
chr16q,strong,352705,352705,352705,352724,1,398.0,1.8571428571428572
chr16q,strong,352929,352929,352929,352948,1,398.0,2.076923076923077
chr16q,strong,355620,355620,355620,355639,1,398.0,2.3333333333333335
chr16q,strong,355869,355869,355869,355888,1,398.0,2.3333333333333335
chr16q,strong,356508,356508,356508,356527,1,398.0,2.076923076923077
chr16q,strong,356757,356757,356757,356776,1,398.0,1.6666666666666667
chr16q,strong,356970,356995,356970,357014,26,398.0,1.6963933502395039
chr16q,strong,357194,357194,357194,357213,1,398.0,1.5
chr16q,strong,357443,357443,357443,357462,1,398.0,1.8571428571428572
chr16q,strong,360894,360894,360894,360913,1,398.0,1.8571428571428572
chr16q,strong,361118,361118,361118,361137,1,398.0,2.6363636363636362
chr16q,strong,361343,361343,361343,361362,1,398.0,1.8571428571428572
chr16q,strong,361592,361592,361592,361611,1,398.0,2.076923076923077
chr16q,strong,361841,361841,361841,361860,1,398.0,1.6666666666666667
chr16q,strong,362121,362121,362121,362140,1,398.0,1.6666666666666667
chr16q,strong,362364,362364,362364,362383,1,398.0,1.8571428571428572
chr16q,strong,363967,363967,363967,363986,1,398.0,1.8571428571428572
chr16q,strong,365540,365540,365540,365559,1,398.0,1.5
chr16q,strong,365770,365770,365770,365789,1,398.0,1.6666666666666667
chr16q,strong,366019,366019,366019,366038,1,398.0,1.3529411764705883
chr16q,strong,366243,366243,366243,366262,1,398.0,1.8571428571428572
chr16q,strong,366505,366505,366505,366524,1,398.0,1.8571428571428572
chr16q,strong,366827,366827,366827,366846,1,398.0,1.8571428571428572
chr16q,strong,367076,367076,367076,367095,1,398.0,1.6666666666666667
chr16q,strong,368595,368595,368595,368614,1,398.0,2.3333333333333335
chr16q,strong,368844,368844,368844,368863,1,398.0,1.6666666666666667
chr16q,strong,369098,369098,369098,369117,1,398.0,1.6666666666666667
chr16q,strong,369323,369323,369323,369342,1,398.0,1.8571428571428572
chr16q,strong,369547,369547,369547,369566,1,398.0,2.6363636363636362
chr16q,strong,369796,369796,369796,369815,1,398.0,1.8571428571428572
chr16q,strong,370026,370026,370026,370045,1,398.0,1.3529411764705883
chr16q,strong,372693,372693,372693,372712,1,398.0,2.076923076923077
chr16q,strong,372917,372917,372917,372936,1,398.0,2.3333333333333335
chr16q,strong,373135,373135,373135,373154,1,398.0,2.3333333333333335
chr16q,strong,374216,374216,374216,374235,1,398.0,1.6666666666666667
chr16q,strong,377188,377188,377188,377207,1,398.0,2.3333333333333335
chr16q,strong,378123,378123,378123,378142,1,398.0,2.076923076923077
chr16q,strong,378378,378378,378378,378397,1,398.0,2.076923076923077
chr16q,strong,378584,378584,378584,378603,1,398.0,1.6666666666666667
chr16q,strong,378833,378833,378833,378852,1,398.0,1.5
chr16q,strong,379082,379082,379082,379101,1,398.0,1.5
chr16q,strong,379720,379720,379720,379739,1,398.0,2.3333333333333335
chr16q,strong,381203,381203,381203,381222,1,398.0,2.3333333333333335
chr16q,strong,381452,381452,381452,381471,1,398.0,2.076923076923077
chr16q,strong,381663,381663,381663,381682,1,398.0,2.076923076923077
chr16q,strong,456850,456850,456850,456869,1,398.0,2.076923076923077
chr16q,strong,457095,457095,457095,457114,1,398.0,1.8571428571428572
chr16q,strong,457313,457313,457313,457332,1,398.0,1.5
chr16q,strong,457547,457547,457547,457566,1,398.0,2.076923076923077
chr16q,strong,457826,457826,457826,457845,1,398.0,1.8571428571428572
chr16q,strong,458075,458075,458075,458094,1,398.0,2.6363636363636362
chr16q,strong,460229,460229,460229,460248,1,398.0,1.5
chr16q,strong,460456,460456,460456,460475,1,398.0,2.3333333333333335
chr16q,strong,463833,463833,463833,463852,1,398.0,2.076923076923077
chr16q,strong,464078,464078,464078,464097,1,398.0,1.8571428571428572
chr16q,strong,464296,464296,464296,464315,1,398.0,1.5
chr16q,strong,464545,464545,464545,464564,1,398.0,1.5
chr16q,strong,464809,464809,464809,464828,1,398.0,1.8571428571428572
chr16q,strong,465058,465058,465058,465077,1,398.0,2.6363636363636362
chr16q,strong,466878,466878,466878,466897,1,398.0,1.8571428571428572
chr16q,strong,467077,467077,467077,467096,1,398.0,1.8571428571428572
chr16q,strong,467288,467288,467288,467307,1,398.0,1.6666666666666667
chr16q,strong,467537,467537,467537,467556,1,398.0,2.3333333333333335
chr16q,strong,467759,467759,467759,467778,1,398.0,2.076923076923077
chr16q,strong,468925,468925,468925,468944,1,398.0,1.6666666666666667
chr16q,strong,469174,469174,469174,469193,1,398.0,2.076923076923077
chr16q,strong,469511,469558,469511,469577,48,398.0,1.7159384052766409
chr16q,strong,469801,469801,469801,469820,1,398.0,1.3529411764705883
chr16q,strong,470050,470050,470050,470069,1,398.0,1.6666666666666667
chr16q,strong,472967,472967,472967,472986,1,398.0,1.3529411764705883
chr16q,strong,473216,473241,473216,473260,26,398.0,1.6098776788822038
chr16q,strong,473459,473465,473459,473484,7,398.0,1.67687074829932
chr16q,strong,473714,473714,473714,473733,1,398.0,1.6666666666666667
chr16q,strong,473963,473963,473963,473982,1,398.0,1.6666666666666667
chr16q,strong,475000,475000,475000,475019,1,398.0,2.3333333333333335
chr16q,strong,475240,475240,475240,475259,1,398.0,1.8571428571428572
chr16q,strong,480276,480276,480276,480295,1,398.0,1.5
chr16q,strong,480581,480581,480581,480600,1,398.0,1.2222222222222223
chr16q,strong,480909,480909,480909,480928,1,398.0,2.3333333333333335
chr16q,strong,481158,481158,481158,481177,1,398.0,1.8571428571428572
chr16q,strong,481396,481396,481396,481415,1,398.0,1.6666666666666667
chr16q,strong,481645,481645,481645,481664,1,398.0,1.8571428571428572
chr16q,strong,481894,481894,481894,481913,1,398.0,2.3333333333333335
chr16q,strong,482131,482131,482131,482150,1,398.0,1.8571428571428572
chr16q,strong,482367,482367,482367,482386,1,398.0,1.6666666666666667
chr16q,strong,482616,482616,482616,482635,1,398.0,2.3333333333333335
chr16q,strong,482863,482863,482863,482882,1,398.0,1.5
chr16q,strong,483087,483087,483087,483106,1,398.0,1.6666666666666667
chr16q,strong,483336,483336,483336,483355,1,398.0,2.076923076923077
chr16q,strong,483585,483585,483585,483604,1,398.0,1.2222222222222223
chr16q,strong,483828,483828,483828,483847,1,398.0,1.6666666666666667
chr16q,strong,484052,484052,484052,484071,1,398.0,1.6666666666666667
chr16q,strong,484275,484275,484275,484294,1,398.0,1.3529411764705883
chr16q,strong,484524,484524,484524,484543,1,398.0,2.3333333333333335
chr16q,strong,484754,484754,484754,484773,1,398.0,2.076923076923077
chr16q,strong,484982,484982,484982,485001,1,398.0,1.8571428571428572
chr16q,strong,488353,488353,488353,488372,1,398.0,2.076923076923077
chr16q,strong,488614,488614,488614,488633,1,398.0,1.8571428571428572
chr16q,strong,488844,488844,488844,488863,1,398.0,1.8571428571428572
chr16q,strong,489093,489093,489093,489112,1,398.0,1.5
chr16q,strong,489342,489342,489342,489361,1,398.0,1.8571428571428572
chr16q,strong,489605,489605,489605,489624,1,398.0,2.076923076923077
chr16q,strong,499877,499877,499877,499896,1,398.0,1.105263157894737
chr16q,weak,142,142,142,161,1,398.0,1.8571428571428572
chr16q,weak,426,426,426,445,1,398.0,1.8571428571428572
chr16q,weak,687,687,687,706,1,398.0,1.8571428571428572
chr16q,weak,867,867,867,886,1,398.0,1.2222222222222223
chr16q,weak,1125,1125,1125,1144,1,398.0,1.8571428571428572
chr16q,weak,1359,1359,1359,1378,1,398.0,1.5
chr16q,weak,1550,1550,1550,1569,1,398.0,1.6666666666666667
chr16q,weak,1755,1755,1755,1774,1,398.0,1.5
chr16q,weak,1983,1983,1983,2002,1,398.0,1.2222222222222223
chr16q,weak,2215,2215,2215,2234,1,398.0,1.8571428571428572
chr16q,weak,2459,2459,2459,2478,1,398.0,1.5
chr16q,weak,2699,2699,2699,2718,1,398.0,1.8571428571428572
chr16q,weak,2954,2959,2954,2978,6,398.0,1.5065359477124185
chr16q,weak,3232,3232,3232,3251,1,398.0,1.5
chr16q,weak,3622,3629,3622,3648,8,398.0,1.6071428571428572
chr16q,weak,3888,3888,3888,3907,1,398.0,1.5
chr16q,weak,4138,4138,4138,4157,1,398.0,1.6666666666666667
chr16q,weak,4372,4372,4372,4391,1,398.0,2.6363636363636362
chr16q,weak,4621,4621,4621,4640,1,398.0,1.6666666666666667
chr16q,weak,4888,4888,4888,4907,1,398.0,1.8571428571428572
chr16q,weak,5167,5167,5167,5186,1,398.0,2.3333333333333335
chr16q,weak,5417,5417,5417,5436,1,398.0,1.8571428571428572
chr16q,weak,5588,5588,5588,5607,1,398.0,1.5
chr16q,weak,5766,5766,5766,5785,1,398.0,1.8571428571428572
chr16q,weak,6003,6003,6003,6022,1,398.0,2.076923076923077
chr16q,weak,6242,6242,6242,6261,1,398.0,1.8571428571428572
chr16q,weak,6489,6489,6489,6508,1,398.0,1.5
chr16q,weak,6729,6729,6729,6748,1,398.0,1.6666666666666667
chr16q,weak,6978,6978,6978,6997,1,398.0,1.6666666666666667
chr16q,weak,7262,7262,7262,7281,1,398.0,1.6666666666666667
chr16q,weak,7608,7608,7608,7627,1,398.0,1.3529411764705883
chr16q,weak,7892,7892,7892,7911,1,398.0,2.076923076923077
chr16q,weak,8076,8076,8076,8095,1,398.0,1.6666666666666667
chr16q,weak,8244,8244,8244,8263,1,398.0,2.3333333333333335
chr16q,weak,8481,8481,8481,8500,1,398.0,1.5
chr16q,weak,8772,8772,8772,8791,1,398.0,1.8571428571428572
chr16q,weak,9031,9031,9031,9050,1,398.0,1.8571428571428572
chr16q,weak,9342,9369,9342,9388,28,398.0,1.7153617857399368
chr16q,weak,9530,9530,9530,9549,1,398.0,1.2222222222222223
chr16q,weak,9662,9662,9662,9681,1,398.0,1.5
chr16q,weak,9835,9835,9835,9854,1,398.0,1.6666666666666667
chr16q,weak,9897,9897,9897,9916,1,398.0,1.6666666666666667
chr16q,weak,10066,10098,10066,10117,33,398.0,1.503918739212857
chr16q,weak,10267,10267,10267,10286,1,398.0,1.3529411764705883
chr16q,weak,10481,10481,10481,10500,1,398.0,2.076923076923077
chr16q,weak,10712,10712,10712,10731,1,398.0,1.3529411764705883
chr16q,weak,10948,10948,10948,10967,1,398.0,1.8571428571428572
chr16q,weak,11194,11194,11194,11213,1,398.0,1.2222222222222223
chr16q,weak,11458,11458,11458,11477,1,398.0,1.6666666666666667
chr16q,weak,11814,11814,11814,11833,1,398.0,2.3333333333333335
chr16q,weak,11872,11872,11872,11891,1,398.0,1.8571428571428572
chr16q,weak,12159,12159,12159,12178,1,398.0,1.6666666666666667
chr16q,weak,12407,12407,12407,12426,1,398.0,1.5
chr16q,weak,12647,12647,12647,12666,1,398.0,1.6666666666666667
chr16q,weak,12913,12913,12913,12932,1,398.0,1.6666666666666667
chr16q,weak,13199,13199,13199,13218,1,398.0,1.6666666666666667
chr16q,weak,13497,13502,13497,13521,6,398.0,2.1623931623931623
chr16q,weak,13755,13776,13755,13795,22,398.0,1.7194227341286166
chr16q,weak,14030,14030,14030,14049,1,398.0,1.8571428571428572
chr16q,weak,14328,14328,14328,14347,1,398.0,1.2222222222222223
chr16q,weak,14638,14638,14638,14657,1,398.0,1.6666666666666667
chr16q,weak,14908,14908,14908,14927,1,398.0,1.5
chr16q,weak,15138,15138,15138,15157,1,398.0,1.8571428571428572
chr16q,weak,15340,15340,15340,15359,1,398.0,1.6666666666666667
chr16q,weak,15566,15566,15566,15585,1,398.0,1.8571428571428572
chr16q,weak,15806,15806,15806,15825,1,398.0,1.5
chr16q,weak,16048,16048,16048,16067,1,398.0,1.5
chr16q,weak,16281,16281,16281,16300,1,398.0,1.6666666666666667
chr16q,weak,16732,16732,16732,16751,1,398.0,1.105263157894737
chr16q,weak,16911,16911,16911,16930,1,398.0,1.6666666666666667
chr16q,weak,17189,17189,17189,17208,1,398.0,1.8571428571428572
chr16q,weak,17427,17427,17427,17446,1,398.0,1.8571428571428572
chr16q,weak,17662,17662,17662,17681,1,398.0,2.3333333333333335
chr16q,weak,17904,17904,17904,17923,1,398.0,1.8571428571428572
chr16q,weak,18179,18179,18179,18198,1,398.0,2.076923076923077
chr16q,weak,18472,18472,18472,18491,1,398.0,1.6666666666666667
chr16q,weak,18776,18776,18776,18795,1,398.0,1.5
chr16q,weak,19078,19078,19078,19097,1,398.0,1.8571428571428572
chr16q,weak,19315,19343,19315,19362,29,398.0,1.7232537577365163
chr16q,weak,19493,19493,19493,19512,1,398.0,1.6666666666666667
chr16q,weak,19714,19714,19714,19733,1,398.0,1.8571428571428572
chr16q,weak,19944,19944,19944,19963,1,398.0,1.8571428571428572
chr16q,weak,20166,20166,20166,20185,1,398.0,1.6666666666666667
chr16q,weak,20383,20383,20383,20402,1,398.0,1.6666666666666667
chr16q,weak,20487,20487,20487,20506,1,398.0,1.8571428571428572
chr16q,weak,20611,20611,20611,20630,1,398.0,2.3333333333333335
chr16q,weak,20783,20783,20783,20802,1,398.0,1.8571428571428572
chr16q,weak,20984,20984,20984,21003,1,398.0,1.2222222222222223
chr16q,weak,21197,21197,21197,21216,1,398.0,2.076923076923077
chr16q,weak,21438,21438,21438,21457,1,398.0,1.8571428571428572
chr16q,weak,21697,21697,21697,21716,1,398.0,2.6363636363636362
chr16q,weak,21952,21952,21952,21971,1,398.0,1.8571428571428572
chr16q,weak,22207,22207,22207,22226,1,398.0,1.8571428571428572
chr16q,weak,22468,22468,22468,22487,1,398.0,1.8571428571428572
chr16q,weak,22752,22752,22752,22771,1,398.0,2.076923076923077
chr16q,weak,23025,23025,23025,23044,1,398.0,1.5
chr16q,weak,23274,23274,23274,23293,1,398.0,1.8571428571428572
chr16q,weak,23501,23501,23501,23520,1,398.0,1.6666666666666667
chr16q,weak,23741,23741,23741,23760,1,398.0,1.8571428571428572
chr16q,weak,23971,23971,23971,23990,1,398.0,1.8571428571428572
chr16q,weak,24191,24191,24191,24210,1,398.0,2.076923076923077
chr16q,weak,24424,24424,24424,24443,1,398.0,1.3529411764705883
chr16q,weak,24657,24657,24657,24676,1,398.0,1.6666666666666667
chr16q,weak,24903,24903,24903,24922,1,398.0,1.5
chr16q,weak,25133,25133,25133,25152,1,398.0,1.6666666666666667
chr16q,weak,25356,25356,25356,25375,1,398.0,2.3333333333333335
chr16q,weak,25565,25565,25565,25584,1,398.0,1.6666666666666667
chr16q,weak,25754,25754,25754,25773,1,398.0,1.5
chr16q,weak,25996,25996,25996,26015,1,398.0,2.3333333333333335
chr16q,weak,26253,26253,26253,26272,1,398.0,1.6666666666666667
chr16q,weak,26491,26491,26491,26510,1,398.0,2.076923076923077
chr16q,weak,26735,26735,26735,26754,1,398.0,1.8571428571428572
chr16q,weak,26990,26990,26990,27009,1,398.0,2.076923076923077
chr16q,weak,27253,27253,27253,27272,1,398.0,1.6666666666666667
chr16q,weak,27518,27518,27518,27537,1,398.0,2.3333333333333335
chr16q,weak,27697,27738,27697,27757,42,398.0,1.823034341941905
chr16q,weak,27861,27861,27861,27880,1,398.0,1.8571428571428572
chr16q,weak,28084,28084,28084,28103,1,398.0,1.2222222222222223
chr16q,weak,28328,28328,28328,28347,1,398.0,1.8571428571428572
chr16q,weak,28569,28583,28569,28602,15,398.0,2.586946386946387
chr16q,weak,28821,28821,28821,28840,1,398.0,1.3529411764705883
chr16q,weak,29087,29087,29087,29106,1,398.0,2.076923076923077
chr16q,weak,29726,29744,29726,29763,19,398.0,1.4599605308420691
chr16q,weak,29883,29883,29883,29902,1,398.0,1.3529411764705883
chr16q,weak,29998,29998,29998,30017,1,398.0,1.8571428571428572
chr16q,weak,30207,30213,30207,30232,7,398.0,1.8571428571428574
chr16q,weak,30419,30419,30419,30438,1,398.0,1.3529411764705883
chr16q,weak,30634,30634,30634,30653,1,398.0,1.8571428571428572
chr16q,weak,30864,30864,30864,30883,1,398.0,1.8571428571428572
chr16q,weak,31106,31106,31106,31125,1,398.0,1.6666666666666667
chr16q,weak,31338,31338,31338,31357,1,398.0,2.6363636363636362
chr16q,weak,31565,31565,31565,31584,1,398.0,1.3529411764705883
chr16q,weak,31803,31803,31803,31822,1,398.0,1.3529411764705883
chr16q,weak,32023,32023,32023,32042,1,398.0,1.8571428571428572
chr16q,weak,32288,32288,32288,32307,1,398.0,2.076923076923077
chr16q,weak,32466,32466,32466,32485,1,398.0,1.5
chr16q,weak,32953,32953,32953,32972,1,398.0,1.8571428571428572
chr16q,weak,33178,33178,33178,33197,1,398.0,1.3529411764705883
chr16q,weak,33417,33417,33417,33436,1,398.0,1.8571428571428572
chr16q,weak,33644,33644,33644,33663,1,398.0,2.076923076923077
chr16q,weak,33926,33926,33926,33945,1,398.0,2.076923076923077
chr16q,weak,34106,34106,34106,34125,1,398.0,1.5
chr16q,weak,34315,34315,34315,34334,1,398.0,1.5
chr16q,weak,34578,34578,34578,34597,1,398.0,1.8571428571428572
chr16q,weak,34809,34809,34809,34828,1,398.0,1.5
chr16q,weak,35050,35054,35050,35073,5,398.0,1.7095238095238094
chr16q,weak,35264,35264,35264,35283,1,398.0,2.3333333333333335
chr16q,weak,35523,35523,35523,35542,1,398.0,1.6666666666666667
chr16q,weak,35772,35777,35772,35796,6,398.0,1.73015873015873
chr16q,weak,36017,36017,36017,36036,1,398.0,1.5
chr16q,weak,36282,36282,36282,36301,1,398.0,2.3333333333333335
chr16q,weak,36537,36537,36537,36556,1,398.0,1.2222222222222223
chr16q,weak,36790,36790,36790,36809,1,398.0,1.8571428571428572
chr16q,weak,37097,37097,37097,37116,1,398.0,2.076923076923077
chr16q,weak,37399,37411,37399,37430,13,398.0,1.7938856015779092
chr16q,weak,37692,37692,37692,37711,1,398.0,2.076923076923077
chr16q,weak,37921,37921,37921,37940,1,398.0,1.8571428571428572
chr16q,weak,38136,38136,38136,38155,1,398.0,1.3529411764705883
chr16q,weak,38351,38351,38351,38370,1,398.0,1.8571428571428572
chr16q,weak,38582,38582,38582,38601,1,398.0,1.3529411764705883
chr16q,weak,38812,38812,38812,38831,1,398.0,1.8571428571428572
chr16q,weak,39044,39044,39044,39063,1,398.0,1.8571428571428572
chr16q,weak,39292,39292,39292,39311,1,398.0,1.6666666666666667
chr16q,weak,39524,39524,39524,39543,1,398.0,1.5
chr16q,weak,39772,39772,39772,39791,1,398.0,2.076923076923077
chr16q,weak,39918,39918,39918,39937,1,398.0,1.8571428571428572
chr16q,weak,40042,40042,40042,40061,1,398.0,1.8571428571428572
chr16q,weak,40279,40279,40279,40298,1,398.0,1.6666666666666667
chr16q,weak,40516,40525,40516,40544,10,398.0,1.6714285714285715
chr16q,weak,40761,40761,40761,40780,1,398.0,1.6666666666666667
chr16q,weak,41001,41001,41001,41020,1,398.0,2.076923076923077
chr16q,weak,41264,41264,41264,41283,1,398.0,2.076923076923077
chr16q,weak,41570,41570,41570,41589,1,398.0,2.076923076923077
chr16q,weak,41846,41846,41846,41865,1,398.0,1.3529411764705883
chr16q,weak,42114,42114,42114,42133,1,398.0,1.8571428571428572
chr16q,weak,42343,42343,42343,42362,1,398.0,1.6666666666666667
chr16q,weak,42558,42558,42558,42577,1,398.0,2.076923076923077
chr16q,weak,42763,42763,42763,42782,1,398.0,1.6666666666666667
chr16q,weak,43008,43008,43008,43027,1,398.0,1.8571428571428572
chr16q,weak,43233,43233,43233,43252,1,398.0,1.6666666666666667
chr16q,weak,43481,43481,43481,43500,1,398.0,2.3333333333333335
chr16q,weak,43738,43738,43738,43757,1,398.0,1.6666666666666667
chr16q,weak,43999,43999,43999,44018,1,398.0,1.8571428571428572
chr16q,weak,44242,44261,44242,44280,20,398.0,1.9739843489843487
chr16q,weak,44463,44463,44463,44482,1,398.0,2.076923076923077
chr16q,weak,44721,44721,44721,44740,1,398.0,1.8571428571428572
chr16q,weak,44964,44964,44964,44983,1,398.0,2.076923076923077
chr16q,weak,45198,45225,45198,45244,28,398.0,1.6062181282769519
chr16q,weak,45450,45450,45450,45469,1,398.0,1.8571428571428572
chr16q,weak,45716,45716,45716,45735,1,398.0,2.076923076923077
chr16q,weak,45906,45906,45906,45925,1,398.0,1.8571428571428572
chr16q,weak,46142,46142,46142,46161,1,398.0,1.5
chr16q,weak,46429,46429,46429,46448,1,398.0,1.6666666666666667
chr16q,weak,46602,46602,46602,46621,1,398.0,1.6666666666666667
chr16q,weak,46792,46792,46792,46811,1,398.0,1.8571428571428572
chr16q,weak,47015,47015,47015,47034,1,398.0,1.6666666666666667
chr16q,weak,47268,47268,47268,47287,1,398.0,1.5
chr16q,weak,47566,47566,47566,47585,1,398.0,1.6666666666666667
chr16q,weak,47914,47914,47914,47933,1,398.0,1.6666666666666667
chr16q,weak,48076,48103,48076,48122,28,398.0,1.6023832609967066
chr16q,weak,48352,48352,48352,48371,1,398.0,1.5
chr16q,weak,48609,48609,48609,48628,1,398.0,1.8571428571428572
chr16q,weak,48852,48852,48852,48871,1,398.0,1.6666666666666667
chr16q,weak,49059,49076,49059,49095,18,398.0,1.821021571021571
chr16q,weak,49300,49300,49300,49319,1,398.0,1.8571428571428572
chr16q,weak,49516,49516,49516,49535,1,398.0,1.5
chr16q,weak,49752,49752,49752,49771,1,398.0,1.8571428571428572
chr16q,weak,49995,50008,49995,50027,14,398.0,1.6979381496188224
chr16q,weak,50266,50266,50266,50285,1,398.0,1.6666666666666667
chr16q,weak,50479,50479,50479,50498,1,398.0,2.3333333333333335
chr16q,weak,50741,50741,50741,50760,1,398.0,2.3333333333333335
chr16q,weak,51002,51030,51002,51049,29,398.0,1.5385556521459156
chr16q,weak,51100,51100,51100,51119,1,398.0,1.8571428571428572
chr16q,weak,51263,51263,51263,51282,1,398.0,1.6666666666666667
chr16q,weak,51500,51500,51500,51519,1,398.0,1.3529411764705883
chr16q,weak,51781,51781,51781,51800,1,398.0,1.3529411764705883
chr16q,weak,52032,52032,52032,52051,1,398.0,1.3529411764705883
chr16q,weak,52324,52324,52324,52343,1,398.0,1.5
chr16q,weak,52643,52643,52643,52662,1,398.0,1.5
chr16q,weak,52885,52885,52885,52904,1,398.0,1.5
chr16q,weak,53152,53152,53152,53171,1,398.0,1.8571428571428572
chr16q,weak,53361,53361,53361,53380,1,398.0,2.076923076923077
chr16q,weak,53548,53548,53548,53567,1,398.0,1.3529411764705883
chr16q,weak,53742,53742,53742,53761,1,398.0,2.3333333333333335
chr16q,weak,54029,54029,54029,54048,1,398.0,2.3333333333333335
chr16q,weak,54084,54084,54084,54103,1,398.0,1.105263157894737
chr16q,weak,54356,54403,54356,54422,48,398.0,1.566754406440939
chr16q,weak,54535,54535,54535,54554,1,398.0,1.3529411764705883
chr16q,weak,54691,54691,54691,54710,1,398.0,1.8571428571428572
chr16q,weak,55041,55041,55041,55060,1,398.0,1.105263157894737
chr16q,weak,55322,55322,55322,55341,1,398.0,1.6666666666666667
chr16q,weak,55557,55557,55557,55576,1,398.0,2.076923076923077
chr16q,weak,55790,55790,55790,55809,1,398.0,1.8571428571428572
chr16q,weak,56009,56009,56009,56028,1,398.0,2.3333333333333335
chr16q,weak,56237,56237,56237,56256,1,398.0,1.3529411764705883
chr16q,weak,56487,56487,56487,56506,1,398.0,2.076923076923077
chr16q,weak,56736,56736,56736,56755,1,398.0,1.5
chr16q,weak,56963,56963,56963,56982,1,398.0,1.8571428571428572
chr16q,weak,57199,57199,57199,57218,1,398.0,1.5
chr16q,weak,57445,57445,57445,57464,1,398.0,2.076923076923077
chr16q,weak,57673,57673,57673,57692,1,398.0,1.2222222222222223
chr16q,weak,57936,57936,57936,57955,1,398.0,1.2222222222222223
chr16q,weak,58197,58212,58197,58231,16,398.0,1.8644688644688645
chr16q,weak,58466,58518,58466,58537,53,398.0,1.9204546840506889
chr16q,weak,58713,58713,58713,58732,1,398.0,1.6666666666666667
chr16q,weak,58943,58943,58943,58962,1,398.0,2.6363636363636362
chr16q,weak,59175,59175,59175,59194,1,398.0,1.5
chr16q,weak,59435,59435,59435,59454,1,398.0,1.8571428571428572
chr16q,weak,59643,59643,59643,59662,1,398.0,1.5
chr16q,weak,59860,59860,59860,59879,1,398.0,1.8571428571428572
chr16q,weak,60150,60150,60150,60169,1,398.0,2.076923076923077
chr16q,weak,60405,60434,60405,60453,30,398.0,1.767528549881491
chr16q,weak,60674,60686,60674,60705,13,398.0,1.3936651583710407
chr16q,weak,60908,60908,60908,60927,1,398.0,1.3529411764705883
chr16q,weak,61176,61176,61176,61195,1,398.0,1.5
chr16q,weak,61499,61499,61499,61518,1,398.0,1.8571428571428572
chr16q,weak,61847,61847,61847,61866,1,398.0,1.5
chr16q,weak,62161,62161,62161,62180,1,398.0,2.076923076923077
chr16q,weak,62444,62480,62444,62499,37,398.0,2.0384570384570386
chr16q,weak,62682,62722,62682,62741,41,398.0,1.6258363784604064
chr16q,weak,62985,62985,62985,63004,1,398.0,1.2222222222222223
chr16q,weak,63240,63240,63240,63259,1,398.0,1.3529411764705883
chr16q,weak,63533,63533,63533,63552,1,398.0,2.076923076923077
chr16q,weak,63799,63799,63799,63818,1,398.0,2.076923076923077
chr16q,weak,74907,74982,74907,75001,76,398.0,1.5562455147553733
chr16q,weak,77453,77453,77453,77472,1,398.0,2.3333333333333335
chr16q,weak,79929,81095,79929,81114,1167,398.0,2.525302615487817
chr16q,weak,98392,98392,98392,98411,1,398.0,1.8571428571428572
chr16q,weak,98674,98674,98674,98693,1,398.0,1.5
chr16q,weak,98928,99008,98928,99027,81,398.0,1.7883922211980923
chr16q,weak,99130,99130,99130,99149,1,398.0,1.8571428571428572
chr16q,weak,99208,99208,99208,99227,1,398.0,2.6363636363636362
chr16q,weak,99360,99360,99360,99379,1,398.0,1.3529411764705883
chr16q,weak,99583,99583,99583,99602,1,398.0,1.5
chr16q,weak,99813,99813,99813,99832,1,398.0,2.3333333333333335
chr16q,weak,100056,100056,100056,100075,1,398.0,2.3333333333333335
chr16q,weak,100264,100264,100264,100283,1,398.0,2.076923076923077
chr16q,weak,100497,100497,100497,100516,1,398.0,1.5
chr16q,weak,100728,100728,100728,100747,1,398.0,2.076923076923077
chr16q,weak,100907,100907,100907,100926,1,398.0,1.6666666666666667
chr16q,weak,101156,101182,101156,101201,27,398.0,1.8794600461267124
chr16q,weak,101350,101350,101350,101369,1,398.0,1.6666666666666667
chr16q,weak,101576,101576,101576,101595,1,398.0,2.6363636363636362
chr16q,weak,101825,101842,101825,101861,18,398.0,2.121693121693122
chr16q,weak,102112,102138,102112,102157,27,398.0,1.7946682946682944
chr16q,weak,102415,102415,102415,102434,1,398.0,1.3529411764705883
chr16q,weak,102719,102719,102719,102738,1,398.0,1.8571428571428572
chr16q,weak,102814,102814,102814,102833,1,398.0,1.5
chr16q,weak,102952,102952,102952,102971,1,398.0,1.6666666666666667
chr16q,weak,103242,103242,103242,103261,1,398.0,1.5
chr16q,weak,103533,103533,103533,103552,1,398.0,1.6666666666666667
chr16q,weak,103843,103843,103843,103862,1,398.0,2.076923076923077
chr16q,weak,104102,104102,104102,104121,1,398.0,1.6666666666666667
chr16q,weak,104486,104486,104486,104505,1,398.0,1.8571428571428572
chr16q,weak,105020,105081,105020,105100,62,398.0,1.7841890208064182
chr16q,weak,105303,105303,105303,105322,1,398.0,1.6666666666666667
chr16q,weak,105513,105549,105513,105568,37,398.0,1.2920795629773958
chr16q,weak,105625,105625,105625,105644,1,398.0,1.8571428571428572
chr16q,weak,105759,105766,105759,105785,8,398.0,2.2371794871794872
chr16q,weak,105854,105854,105854,105873,1,398.0,1.6666666666666667
chr16q,weak,105977,105977,105977,105996,1,398.0,1.8571428571428572
chr16q,weak,106041,106070,106041,106089,30,398.0,1.5904067609949961
chr16q,weak,106217,106217,106217,106236,1,398.0,1.2222222222222223
chr16q,weak,106490,106490,106490,106509,1,398.0,1.6666666666666667
chr16q,weak,106764,106764,106764,106783,1,398.0,1.6666666666666667
chr16q,weak,107074,107074,107074,107093,1,398.0,2.076923076923077
chr16q,weak,107333,107333,107333,107352,1,398.0,1.6666666666666667
chr16q,weak,107685,107685,107685,107704,1,398.0,1.6666666666666667
chr16q,weak,107750,107750,107750,107769,1,398.0,2.076923076923077
chr16q,weak,108062,108062,108062,108081,1,398.0,2.3333333333333335
chr16q,weak,108251,108317,108251,108336,67,398.0,1.752250224501969
chr16q,weak,108504,108504,108504,108523,1,398.0,1.6666666666666667
chr16q,weak,108584,108584,108584,108603,1,398.0,1.3529411764705883
chr16q,weak,108826,108826,108826,108845,1,398.0,1.5
chr16q,weak,109004,109004,109004,109023,1,398.0,1.0
chr16q,weak,109188,109188,109188,109207,1,398.0,1.8571428571428572
chr16q,weak,109370,109370,109370,109389,1,398.0,1.5
chr16q,weak,109612,109612,109612,109631,1,398.0,1.2222222222222223
chr16q,weak,109819,109819,109819,109838,1,398.0,1.8571428571428572
chr16q,weak,110035,110035,110035,110054,1,398.0,1.8571428571428572
chr16q,weak,110537,110537,110537,110556,1,398.0,1.5
chr16q,weak,111183,111183,111183,111202,1,398.0,1.5
chr16q,weak,111375,111401,111375,111420,27,398.0,1.5587707467652425
chr16q,weak,111592,111592,111592,111611,1,398.0,1.2222222222222223
chr16q,weak,111775,111775,111775,111794,1,398.0,2.3333333333333335
chr16q,weak,112020,112020,112020,112039,1,398.0,2.3333333333333335
chr16q,weak,112274,112274,112274,112293,1,398.0,2.076923076923077
chr16q,weak,112543,112543,112543,112562,1,398.0,2.3333333333333335
chr16q,weak,112779,112779,112779,112798,1,398.0,1.6666666666666667
chr16q,weak,113005,113005,113005,113024,1,398.0,1.2222222222222223
chr16q,weak,113232,113232,113232,113251,1,398.0,1.6666666666666667
chr16q,weak,113396,113396,113396,113415,1,398.0,1.8571428571428572
chr16q,weak,113796,113796,113796,113815,1,398.0,1.6666666666666667
chr16q,weak,113934,113934,113934,113953,1,398.0,1.6666666666666667
chr16q,weak,114183,114197,114183,114216,15,398.0,1.733211233211233
chr16q,weak,114400,114448,114400,114467,49,398.0,1.4346535606723894
chr16q,weak,114641,114641,114641,114660,1,398.0,1.5
chr16q,weak,114810,114810,114810,114829,1,398.0,1.8571428571428572
chr16q,weak,114991,115031,114991,115050,41,398.0,1.867461806486197
chr16q,weak,115333,115365,115333,115384,33,398.0,1.4040188111395544
chr16q,weak,115724,115724,115724,115743,1,398.0,1.2222222222222223
chr16q,weak,115986,115986,115986,116005,1,398.0,1.6666666666666667
chr16q,weak,116182,116182,116182,116201,1,398.0,1.6666666666666667
chr16q,weak,116442,116442,116442,116461,1,398.0,1.6666666666666667
chr16q,weak,116751,116751,116751,116770,1,398.0,1.3529411764705883
chr16q,weak,117142,117142,117142,117161,1,398.0,1.8571428571428572
chr16q,weak,117382,117382,117382,117401,1,398.0,1.8571428571428572
chr16q,weak,117567,117605,117567,117624,39,398.0,2.0484302022763563
chr16q,weak,117938,117938,117938,117957,1,398.0,1.6666666666666667
chr16q,weak,118179,118179,118179,118198,1,398.0,2.076923076923077
chr16q,weak,118404,118404,118404,118423,1,398.0,1.6666666666666667
chr16q,weak,118608,118608,118608,118627,1,398.0,1.5
chr16q,weak,118774,118774,118774,118793,1,398.0,2.076923076923077
chr16q,weak,119007,119007,119007,119026,1,398.0,1.6666666666666667
chr16q,weak,119106,119106,119106,119125,1,398.0,2.076923076923077
chr16q,weak,119251,119251,119251,119270,1,398.0,1.8571428571428572
chr16q,weak,119379,119379,119379,119398,1,398.0,1.8571428571428572
chr16q,weak,119514,119514,119514,119533,1,398.0,1.5
chr16q,weak,119581,119581,119581,119600,1,398.0,1.6666666666666667
chr16q,weak,119860,119860,119860,119879,1,398.0,1.6666666666666667
chr16q,weak,120119,120119,120119,120138,1,398.0,1.8571428571428572
chr16q,weak,120359,120359,120359,120378,1,398.0,1.5
chr16q,weak,120484,120484,120484,120503,1,398.0,1.2222222222222223
chr16q,weak,120703,120703,120703,120722,1,398.0,2.076923076923077
chr16q,weak,120995,120995,120995,121014,1,398.0,1.5
chr16q,weak,121223,121223,121223,121242,1,398.0,1.8571428571428572
chr16q,weak,121456,121456,121456,121475,1,398.0,1.5
chr16q,weak,121678,121678,121678,121697,1,398.0,1.3529411764705883
chr16q,weak,121893,121893,121893,121912,1,398.0,1.8571428571428572
chr16q,weak,122050,122050,122050,122069,1,398.0,2.076923076923077
chr16q,weak,122237,122237,122237,122256,1,398.0,1.8571428571428572
chr16q,weak,122327,122327,122327,122346,1,398.0,2.076923076923077
chr16q,weak,122489,122489,122489,122508,1,398.0,2.3333333333333335
chr16q,weak,122706,122706,122706,122725,1,398.0,2.3333333333333335
chr16q,weak,122977,122977,122977,122996,1,398.0,1.8571428571428572
chr16q,weak,123241,123241,123241,123260,1,398.0,1.2222222222222223
chr16q,weak,123446,123446,123446,123465,1,398.0,1.5
chr16q,weak,123630,123630,123630,123649,1,398.0,1.3529411764705883
chr16q,weak,124064,124084,124064,124103,21,398.0,1.6707247001364647
chr16q,weak,124398,124398,124398,124417,1,398.0,1.8571428571428572
chr16q,weak,124638,124638,124638,124657,1,398.0,1.8571428571428572
chr16q,weak,125040,125040,125040,125059,1,398.0,1.8571428571428572
chr16q,weak,125287,125287,125287,125306,1,398.0,1.5
chr16q,weak,125513,125513,125513,125532,1,398.0,1.2222222222222223
chr16q,weak,125797,125820,125797,125839,24,398.0,1.8917124542124544
chr16q,weak,125991,125991,125991,126010,1,398.0,1.3529411764705883
chr16q,weak,126192,126211,126192,126230,20,398.0,2.065567765567766
chr16q,weak,126461,126469,126461,126488,9,398.0,1.6370992841581078
chr16q,weak,126736,126736,126736,126755,1,398.0,1.8571428571428572
chr16q,weak,126953,126953,126953,126972,1,398.0,1.2222222222222223
chr16q,weak,127201,127201,127201,127220,1,398.0,2.076923076923077
chr16q,weak,127412,127412,127412,127431,1,398.0,1.8571428571428572
chr16q,weak,127629,127629,127629,127648,1,398.0,1.8571428571428572
chr16q,weak,127838,127838,127838,127857,1,398.0,2.076923076923077
chr16q,weak,128114,128114,128114,128133,1,398.0,1.5
chr16q,weak,128433,128433,128433,128452,1,398.0,2.076923076923077
chr16q,weak,128703,128703,128703,128722,1,398.0,1.5
chr16q,weak,129066,129066,129066,129085,1,398.0,1.5
chr16q,weak,129411,129411,129411,129430,1,398.0,1.2222222222222223
chr16q,weak,129743,129743,129743,129762,1,398.0,1.8571428571428572
chr16q,weak,130038,130038,130038,130057,1,398.0,1.8571428571428572
chr16q,weak,130318,130318,130318,130337,1,398.0,1.8571428571428572
chr16q,weak,130626,130626,130626,130645,1,398.0,1.6666666666666667
chr16q,weak,130915,130915,130915,130934,1,398.0,1.6666666666666667
chr16q,weak,131193,131193,131193,131212,1,398.0,1.5
chr16q,weak,131411,131411,131411,131430,1,398.0,1.6666666666666667
chr16q,weak,131678,131678,131678,131697,1,398.0,1.6666666666666667
chr16q,weak,131929,131929,131929,131948,1,398.0,1.5
chr16q,weak,132093,132093,132093,132112,1,398.0,1.5
chr16q,weak,132214,132214,132214,132233,1,398.0,1.5
chr16q,weak,132286,132320,132286,132339,35,398.0,1.7118929623131305
chr16q,weak,132461,132461,132461,132480,1,398.0,1.3529411764705883
chr16q,weak,132722,132722,132722,132741,1,398.0,1.8571428571428572
chr16q,weak,132948,132948,132948,132967,1,398.0,1.6666666666666667
chr16q,weak,133194,133194,133194,133213,1,398.0,1.2222222222222223
chr16q,weak,133437,133437,133437,133456,1,398.0,2.076923076923077
chr16q,weak,133757,133757,133757,133776,1,398.0,1.8571428571428572
chr16q,weak,134094,134094,134094,134113,1,398.0,1.8571428571428572
chr16q,weak,134389,134389,134389,134408,1,398.0,1.8571428571428572
chr16q,weak,134817,134817,134817,134836,1,398.0,1.6666666666666667
chr16q,weak,135072,135072,135072,135091,1,398.0,1.3529411764705883
chr16q,weak,135349,135349,135349,135368,1,398.0,2.076923076923077
chr16q,weak,135575,135575,135575,135594,1,398.0,1.6666666666666667
chr16q,weak,135795,135795,135795,135814,1,398.0,1.6666666666666667
chr16q,weak,135973,135973,135973,135992,1,398.0,1.6666666666666667
chr16q,weak,136143,136173,136143,136192,31,398.0,1.542845095027258
chr16q,weak,136410,136410,136410,136429,1,398.0,1.6666666666666667
chr16q,weak,136671,136671,136671,136690,1,398.0,1.6666666666666667
chr16q,weak,136975,136975,136975,136994,1,398.0,1.8571428571428572
chr16q,weak,137293,137326,137293,137345,34,398.0,1.6297582857863318
chr16q,weak,137555,137555,137555,137574,1,398.0,1.8571428571428572
chr16q,weak,137808,137808,137808,137827,1,398.0,1.6666666666666667
chr16q,weak,138027,138044,138027,138063,18,398.0,2.018009768009768
chr16q,weak,138204,138204,138204,138223,1,398.0,1.6666666666666667
chr16q,weak,138440,138440,138440,138459,1,398.0,1.105263157894737
chr16q,weak,138680,138680,138680,138699,1,398.0,1.8571428571428572
chr16q,weak,138777,138777,138777,138796,1,398.0,1.5
chr16q,weak,138895,138908,138895,138927,14,398.0,1.8086080586080588
chr16q,weak,139164,139164,139164,139183,1,398.0,2.3333333333333335
chr16q,weak,139405,139405,139405,139424,1,398.0,1.8571428571428572
chr16q,weak,139645,139645,139645,139664,1,398.0,1.5
chr16q,weak,139882,139882,139882,139901,1,398.0,1.6666666666666667
chr16q,weak,140140,140140,140140,140159,1,398.0,1.5
chr16q,weak,140334,140358,140334,140377,25,398.0,1.702105867988221
chr16q,weak,140567,140567,140567,140586,1,398.0,1.8571428571428572
chr16q,weak,140795,140795,140795,140814,1,398.0,1.5
chr16q,weak,141038,141038,141038,141057,1,398.0,1.5
chr16q,weak,141174,141174,141174,141193,1,398.0,2.076923076923077
chr16q,weak,141269,141269,141269,141288,1,398.0,1.6666666666666667
chr16q,weak,141412,141412,141412,141431,1,398.0,1.3529411764705883
chr16q,weak,141471,141471,141471,141490,1,398.0,1.8571428571428572
chr16q,weak,141640,141640,141640,141659,1,398.0,1.2222222222222223
chr16q,weak,141901,141901,141901,141920,1,398.0,1.5
chr16q,weak,142226,142226,142226,142245,1,398.0,1.8571428571428572
chr16q,weak,142527,142527,142527,142546,1,398.0,1.3529411764705883
chr16q,weak,142619,142644,142619,142663,26,398.0,1.974000358615743
chr16q,weak,142743,142743,142743,142762,1,398.0,1.5
chr16q,weak,142869,142893,142869,142912,25,398.0,1.8739194139194142
chr16q,weak,142980,142980,142980,142999,1,398.0,1.105263157894737
chr16q,weak,143088,143088,143088,143107,1,398.0,2.076923076923077
chr16q,weak,143231,143231,143231,143250,1,398.0,1.6666666666666667
chr16q,weak,143447,143447,143447,143466,1,398.0,1.6666666666666667
chr16q,weak,143672,143672,143672,143691,1,398.0,1.2222222222222223
chr16q,weak,143883,143883,143883,143902,1,398.0,1.5
chr16q,weak,144169,144169,144169,144188,1,398.0,1.3529411764705883
chr16q,weak,144410,144410,144410,144429,1,398.0,1.6666666666666667
chr16q,weak,144655,144655,144655,144674,1,398.0,1.8571428571428572
chr16q,weak,144932,144932,144932,144951,1,398.0,1.3529411764705883
chr16q,weak,145198,145198,145198,145217,1,398.0,1.5
chr16q,weak,145473,145473,145473,145492,1,398.0,1.6666666666666667
chr16q,weak,145731,145731,145731,145750,1,398.0,1.5
chr16q,weak,146011,146011,146011,146030,1,398.0,1.6666666666666667
chr16q,weak,146213,146213,146213,146232,1,398.0,1.5
chr16q,weak,146432,146432,146432,146451,1,398.0,1.5
chr16q,weak,146613,146613,146613,146632,1,398.0,1.8571428571428572
chr16q,weak,146836,146836,146836,146855,1,398.0,1.8571428571428572
chr16q,weak,147033,147033,147033,147052,1,398.0,1.5
chr16q,weak,147244,147244,147244,147263,1,398.0,1.5
chr16q,weak,147495,147495,147495,147514,1,398.0,1.8571428571428572
chr16q,weak,147704,147732,147704,147751,29,398.0,1.3861335217692643
chr16q,weak,147945,147945,147945,147964,1,398.0,1.5
chr16q,weak,148155,148155,148155,148174,1,398.0,1.5
chr16q,weak,148429,148429,148429,148448,1,398.0,2.6363636363636362
chr16q,weak,148686,148686,148686,148705,1,398.0,1.8571428571428572
chr16q,weak,148929,148929,148929,148948,1,398.0,2.6363636363636362
chr16q,weak,149170,149170,149170,149189,1,398.0,1.8571428571428572
chr16q,weak,149300,149333,149300,149352,34,398.0,1.847069597069597
chr16q,weak,149393,149393,149393,149412,1,398.0,1.5
chr16q,weak,149549,149623,149549,149642,75,398.0,1.6153099188393305
chr16q,weak,149864,149864,149864,149883,1,398.0,1.3529411764705883
chr16q,weak,150103,150103,150103,150122,1,398.0,1.6666666666666667
chr16q,weak,150328,150343,150328,150362,16,398.0,1.650297619047619
chr16q,weak,150552,150552,150552,150571,1,398.0,1.8571428571428572
chr16q,weak,150792,150792,150792,150811,1,398.0,1.5
chr16q,weak,151054,151054,151054,151073,1,398.0,1.8571428571428572
chr16q,weak,151331,151331,151331,151350,1,398.0,2.076923076923077
chr16q,weak,151671,151671,151671,151690,1,398.0,1.3529411764705883
chr16q,weak,151950,151971,151950,151990,22,398.0,1.717591232297115
chr16q,weak,152245,152245,152245,152264,1,398.0,1.3529411764705883
chr16q,weak,152547,152547,152547,152566,1,398.0,1.2222222222222223
chr16q,weak,152632,152632,152632,152651,1,398.0,2.6363636363636362
chr16q,weak,152961,153007,152961,153026,47,398.0,1.6450531112608717
chr16q,weak,153288,153288,153288,153307,1,398.0,1.3529411764705883
chr16q,weak,153349,153349,153349,153368,1,398.0,1.5
chr16q,weak,153543,153543,153543,153562,1,398.0,1.105263157894737
chr16q,weak,153815,153815,153815,153834,1,398.0,1.6666666666666667
chr16q,weak,154017,154017,154017,154036,1,398.0,1.5
chr16q,weak,154232,154232,154232,154251,1,398.0,1.8571428571428572
chr16q,weak,154454,154454,154454,154473,1,398.0,1.6666666666666667
chr16q,weak,154519,154519,154519,154538,1,398.0,1.8571428571428572
chr16q,weak,154697,154697,154697,154716,1,398.0,1.3529411764705883
chr16q,weak,154913,154913,154913,154932,1,398.0,1.5
chr16q,weak,155163,155176,155163,155195,14,398.0,1.654161664665866
chr16q,weak,155395,155395,155395,155414,1,398.0,1.5
chr16q,weak,155681,155681,155681,155700,1,398.0,1.5
chr16q,weak,156095,156095,156095,156114,1,398.0,1.8571428571428572
chr16q,weak,156401,156401,156401,156420,1,398.0,2.076923076923077
chr16q,weak,156686,156686,156686,156705,1,398.0,1.5
chr16q,weak,156933,156933,156933,156952,1,398.0,1.3529411764705883
chr16q,weak,157182,157182,157182,157201,1,398.0,1.5
chr16q,weak,157491,157491,157491,157510,1,398.0,1.6666666666666667
chr16q,weak,157606,157606,157606,157625,1,398.0,1.6666666666666667
chr16q,weak,157848,157848,157848,157867,1,398.0,1.8571428571428572
chr16q,weak,158116,158151,158116,158170,36,398.0,1.9185713523948822
chr16q,weak,158541,158545,158541,158564,5,398.0,1.7047619047619047
chr16q,weak,158743,158743,158743,158762,1,398.0,1.6666666666666667
chr16q,weak,158978,158978,158978,158997,1,398.0,1.8571428571428572
chr16q,weak,159224,159224,159224,159243,1,398.0,2.076923076923077
chr16q,weak,159341,159341,159341,159360,1,398.0,1.6666666666666667
chr16q,weak,159414,159414,159414,159433,1,398.0,1.5
chr16q,weak,159722,159722,159722,159741,1,398.0,1.5
chr16q,weak,159948,159948,159948,159967,1,398.0,1.2222222222222223
chr16q,weak,160228,160228,160228,160247,1,398.0,2.076923076923077
chr16q,weak,160374,160374,160374,160393,1,398.0,1.8571428571428572
chr16q,weak,160702,160702,160702,160721,1,398.0,1.5
chr16q,weak,160958,160958,160958,160977,1,398.0,1.6666666666666667
chr16q,weak,161215,161215,161215,161234,1,398.0,1.6666666666666667
chr16q,weak,161459,161459,161459,161478,1,398.0,1.8571428571428572
chr16q,weak,161594,161594,161594,161613,1,398.0,1.6666666666666667
chr16q,weak,161680,161680,161680,161699,1,398.0,1.8571428571428572
chr16q,weak,161843,161843,161843,161862,1,398.0,2.076923076923077
chr16q,weak,161911,161911,161911,161930,1,398.0,1.6666666666666667
chr16q,weak,162121,162121,162121,162140,1,398.0,1.3529411764705883
chr16q,weak,162319,162319,162319,162338,1,398.0,1.5
chr16q,weak,162569,162569,162569,162588,1,398.0,1.2222222222222223
chr16q,weak,162761,162799,162761,162818,39,398.0,1.658473251233432
chr16q,weak,163071,163071,163071,163090,1,398.0,1.5
chr16q,weak,163473,163473,163473,163492,1,398.0,1.5
chr16q,weak,163786,163786,163786,163805,1,398.0,1.105263157894737
chr16q,weak,164007,164007,164007,164026,1,398.0,1.6666666666666667
chr16q,weak,164215,164215,164215,164234,1,398.0,1.6666666666666667
chr16q,weak,164356,164356,164356,164375,1,398.0,2.076923076923077
chr16q,weak,164440,164440,164440,164459,1,398.0,1.8571428571428572
chr16q,weak,164679,164679,164679,164698,1,398.0,1.6666666666666667
chr16q,weak,165168,165168,165168,165187,1,398.0,1.6666666666666667
chr16q,weak,165272,165272,165272,165291,1,398.0,1.6666666666666667
chr16q,weak,165416,165416,165416,165435,1,398.0,1.5
chr16q,weak,165497,165528,165497,165547,32,398.0,1.58452964519141
chr16q,weak,165943,165943,165943,165962,1,398.0,1.5
chr16q,weak,166109,166109,166109,166128,1,398.0,2.076923076923077
chr16q,weak,166283,166311,166283,166330,29,398.0,1.753297074798089
chr16q,weak,166502,166507,166502,166526,6,398.0,1.2875816993464053
chr16q,weak,166751,166758,166751,166777,8,398.0,2.339160839160839
chr16q,weak,167005,167005,167005,167024,1,398.0,1.8571428571428572
chr16q,weak,167360,167360,167360,167379,1,398.0,1.8571428571428572
chr16q,weak,167680,167725,167680,167744,46,398.0,2.1364541255845606
chr16q,weak,168052,168052,168052,168071,1,398.0,2.076923076923077
chr16q,weak,168266,168292,168266,168311,27,398.0,1.7285985619318949
chr16q,weak,168348,168348,168348,168367,1,398.0,1.6666666666666667
chr16q,weak,168437,168437,168437,168456,1,398.0,2.076923076923077
chr16q,weak,168691,168727,168691,168746,37,398.0,1.776152040857923
chr16q,weak,168973,168973,168973,168992,1,398.0,2.076923076923077
chr16q,weak,169183,169183,169183,169202,1,398.0,2.076923076923077
chr16q,weak,169443,169443,169443,169462,1,398.0,1.5
chr16q,weak,169515,169545,169515,169564,31,398.0,1.8840836582772063
chr16q,weak,169661,169661,169661,169680,1,398.0,1.8571428571428572
chr16q,weak,169833,169833,169833,169852,1,398.0,1.6666666666666667
chr16q,weak,169910,169910,169910,169929,1,398.0,1.5
chr16q,weak,170065,170065,170065,170084,1,398.0,2.3333333333333335
chr16q,weak,170399,170399,170399,170418,1,398.0,1.6666666666666667
chr16q,weak,170717,170717,170717,170736,1,398.0,1.8571428571428572
chr16q,weak,170989,170989,170989,171008,1,398.0,1.6666666666666667
chr16q,weak,171276,171360,171276,171379,85,398.0,1.8427519424059216
chr16q,weak,171636,171636,171636,171655,1,398.0,2.076923076923077
chr16q,weak,171884,171884,171884,171903,1,398.0,2.076923076923077
chr16q,weak,172162,172162,172162,172181,1,398.0,1.5
chr16q,weak,172436,172436,172436,172455,1,398.0,1.3529411764705883
chr16q,weak,172542,172542,172542,172561,1,398.0,1.8571428571428572
chr16q,weak,172818,172818,172818,172837,1,398.0,1.5
chr16q,weak,173055,173055,173055,173074,1,398.0,2.076923076923077
chr16q,weak,173361,173361,173361,173380,1,398.0,1.5
chr16q,weak,173586,173586,173586,173605,1,398.0,1.6666666666666667
chr16q,weak,173787,173793,173787,173812,7,398.0,1.60484193677471
chr16q,weak,174017,174017,174017,174036,1,398.0,1.6666666666666667
chr16q,weak,174267,174267,174267,174286,1,398.0,1.8571428571428572
chr16q,weak,174547,174591,174547,174610,45,398.0,1.7222317987023874
chr16q,weak,174654,174654,174654,174673,1,398.0,1.5
chr16q,weak,174961,174961,174961,174980,1,398.0,1.5
chr16q,weak,175180,175221,175180,175240,42,398.0,1.781091923949067
chr16q,weak,175446,175446,175446,175465,1,398.0,1.5
chr16q,weak,175695,175695,175695,175714,1,398.0,2.6363636363636362
chr16q,weak,175890,175938,175890,175957,49,398.0,1.9246247949729345
chr16q,weak,176190,176190,176190,176209,1,398.0,1.2222222222222223
chr16q,weak,176339,176395,176339,176414,57,398.0,2.0800231759984085
chr16q,weak,176657,176657,176657,176676,1,398.0,1.8571428571428572
chr16q,weak,176908,176908,176908,176927,1,398.0,2.3333333333333335
chr16q,weak,177171,177171,177171,177190,1,398.0,1.5
chr16q,weak,177229,177229,177229,177248,1,398.0,1.8571428571428572
chr16q,weak,177464,177464,177464,177483,1,398.0,2.6363636363636362
chr16q,weak,177643,177665,177643,177684,23,398.0,1.4409521245569168
chr16q,weak,177929,177962,177929,177981,34,398.0,1.621701923605038
chr16q,weak,178223,178223,178223,178242,1,398.0,1.8571428571428572
chr16q,weak,178481,178481,178481,178500,1,398.0,1.3529411764705883
chr16q,weak,178730,178730,178730,178749,1,398.0,2.3333333333333335
chr16q,weak,178962,178962,178962,178981,1,398.0,2.3333333333333335
chr16q,weak,179214,179214,179214,179233,1,398.0,1.6666666666666667
chr16q,weak,179439,179439,179439,179458,1,398.0,2.076923076923077
chr16q,weak,179683,179683,179683,179702,1,398.0,1.5
chr16q,weak,179856,179856,179856,179875,1,398.0,1.8571428571428572
chr16q,weak,179918,179918,179918,179937,1,398.0,1.8571428571428572
chr16q,weak,180018,180018,180018,180037,1,398.0,2.3333333333333335
chr16q,weak,180224,180224,180224,180243,1,398.0,1.3529411764705883
chr16q,weak,180458,180458,180458,180477,1,398.0,2.076923076923077
chr16q,weak,180748,180748,180748,180767,1,398.0,1.8571428571428572
chr16q,weak,180994,181036,180994,181055,43,398.0,1.5052263757714117
chr16q,weak,181274,181274,181274,181293,1,398.0,1.6666666666666667
chr16q,weak,181420,181420,181420,181439,1,398.0,2.3333333333333335
chr16q,weak,181668,181668,181668,181687,1,398.0,2.076923076923077
chr16q,weak,181904,181904,181904,181923,1,398.0,1.5
chr16q,weak,182130,182130,182130,182149,1,398.0,2.076923076923077
chr16q,weak,182383,182383,182383,182402,1,398.0,2.3333333333333335
chr16q,weak,182603,182603,182603,182622,1,398.0,2.076923076923077
chr16q,weak,183005,183005,183005,183024,1,398.0,1.8571428571428572
chr16q,weak,183631,183643,183631,183662,13,398.0,1.5979314802844213
chr16q,weak,183912,183912,183912,183931,1,398.0,2.3333333333333335
chr16q,weak,184160,184160,184160,184179,1,398.0,1.3529411764705883
chr16q,weak,184457,184457,184457,184476,1,398.0,1.6666666666666667
chr16q,weak,184831,184831,184831,184850,1,398.0,1.5
chr16q,weak,185112,185112,185112,185131,1,398.0,1.6666666666666667
chr16q,weak,185536,185536,185536,185555,1,398.0,1.3529411764705883
chr16q,weak,185651,185651,185651,185670,1,398.0,1.8571428571428572
chr16q,weak,185831,185839,185831,185858,9,398.0,2.219373219373219
chr16q,weak,186014,186014,186014,186033,1,398.0,1.3529411764705883
chr16q,weak,186071,186071,186071,186090,1,398.0,1.8571428571428572
chr16q,weak,186328,186328,186328,186347,1,398.0,1.6666666666666667
chr16q,weak,186599,186616,186599,186635,18,398.0,1.4193899782135075
chr16q,weak,186847,186847,186847,186866,1,398.0,1.5
chr16q,weak,187114,187114,187114,187133,1,398.0,2.076923076923077
chr16q,weak,187406,187406,187406,187425,1,398.0,1.8571428571428572
chr16q,weak,187659,187659,187659,187678,1,398.0,1.6666666666666667
chr16q,weak,187924,187924,187924,187943,1,398.0,1.8571428571428572
chr16q,weak,188179,188179,188179,188198,1,398.0,2.076923076923077
chr16q,weak,188506,188506,188506,188525,1,398.0,1.5
chr16q,weak,188913,188913,188913,188932,1,398.0,1.8571428571428572
chr16q,weak,189192,189192,189192,189211,1,398.0,1.5
chr16q,weak,189466,189466,189466,189485,1,398.0,1.8571428571428572
chr16q,weak,189718,189718,189718,189737,1,398.0,1.6666666666666667
chr16q,weak,189922,189922,189922,189941,1,398.0,1.8571428571428572
chr16q,weak,190127,190127,190127,190146,1,398.0,1.8571428571428572
chr16q,weak,190363,190404,190363,190423,42,398.0,1.7150296015842235
chr16q,weak,190658,190658,190658,190677,1,398.0,2.076923076923077
chr16q,weak,190922,190922,190922,190941,1,398.0,1.8571428571428572
chr16q,weak,191188,191188,191188,191207,1,398.0,1.8571428571428572
chr16q,weak,191444,191444,191444,191463,1,398.0,1.8571428571428572
chr16q,weak,191770,191770,191770,191789,1,398.0,1.5
chr16q,weak,192177,192177,192177,192196,1,398.0,1.8571428571428572
chr16q,weak,192456,192456,192456,192475,1,398.0,1.5
chr16q,weak,192730,192730,192730,192749,1,398.0,1.8571428571428572
chr16q,weak,192982,192982,192982,193001,1,398.0,1.6666666666666667
chr16q,weak,193186,193186,193186,193205,1,398.0,1.8571428571428572
chr16q,weak,193391,193391,193391,193410,1,398.0,1.8571428571428572
chr16q,weak,193627,193668,193627,193687,42,398.0,1.7150296015842235
chr16q,weak,193921,193921,193921,193940,1,398.0,1.8571428571428572
chr16q,weak,194200,194200,194200,194219,1,398.0,1.6666666666666667
chr16q,weak,194430,194430,194430,194449,1,398.0,1.6666666666666667
chr16q,weak,194699,194699,194699,194718,1,398.0,1.5
chr16q,weak,194928,194928,194928,194947,1,398.0,2.076923076923077
chr16q,weak,195119,195139,195119,195158,21,398.0,1.625634869332348
chr16q,weak,195198,195198,195198,195217,1,398.0,1.5
chr16q,weak,195426,195426,195426,195445,1,398.0,1.8571428571428572
chr16q,weak,195732,195732,195732,195751,1,398.0,2.076923076923077
chr16q,weak,196163,196163,196163,196182,1,398.0,1.6666666666666667
chr16q,weak,196314,196314,196314,196333,1,398.0,1.6666666666666667
chr16q,weak,196416,196416,196416,196435,1,398.0,1.3529411764705883
chr16q,weak,196871,196871,196871,196890,1,398.0,2.076923076923077
chr16q,weak,197194,197194,197194,197213,1,398.0,1.6666666666666667
chr16q,weak,197444,197444,197444,197463,1,398.0,2.3333333333333335
chr16q,weak,197678,197701,197678,197720,24,398.0,1.3623437679165233
chr16q,weak,198790,198790,198790,198809,1,398.0,2.3333333333333335
chr16q,weak,199015,199015,199015,199034,1,398.0,1.3529411764705883
chr16q,weak,199290,199290,199290,199309,1,398.0,2.076923076923077
chr16q,weak,199532,199549,199532,199568,18,398.0,2.390535390535391
chr16q,weak,199845,199845,199845,199864,1,398.0,1.5
chr16q,weak,200142,200142,200142,200161,1,398.0,1.6666666666666667
chr16q,weak,200407,200476,200407,200495,70,398.0,1.911172161172161
chr16q,weak,200717,200725,200717,200744,9,398.0,1.7354497354497356
chr16q,weak,200979,200979,200979,200998,1,398.0,1.8571428571428572
chr16q,weak,201251,201251,201251,201270,1,398.0,2.3333333333333335
chr16q,weak,201555,201555,201555,201574,1,398.0,2.3333333333333335
chr16q,weak,202091,202091,202091,202110,1,398.0,1.105263157894737
chr16q,weak,202327,202327,202327,202346,1,398.0,1.6666666666666667
chr16q,weak,202544,202544,202544,202563,1,398.0,2.3333333333333335
chr16q,weak,202736,202759,202736,202778,24,398.0,1.5586679116090882
chr16q,weak,202953,202953,202953,202972,1,398.0,1.3529411764705883
chr16q,weak,203201,203201,203201,203220,1,398.0,2.6363636363636362
chr16q,weak,203469,203469,203469,203488,1,398.0,1.5
chr16q,weak,203738,203738,203738,203757,1,398.0,1.6666666666666667
chr16q,weak,203972,204005,203972,204024,34,398.0,1.4104393047208563
chr16q,weak,204266,204266,204266,204285,1,398.0,1.6666666666666667
chr16q,weak,204489,204489,204489,204508,1,398.0,1.3529411764705883
chr16q,weak,204540,204540,204540,204559,1,398.0,1.6666666666666667
chr16q,weak,204811,204811,204811,204830,1,398.0,1.5
chr16q,weak,204868,204868,204868,204887,1,398.0,2.076923076923077
chr16q,weak,205155,205155,205155,205174,1,398.0,2.3333333333333335
chr16q,weak,205407,205463,205407,205482,57,398.0,1.4938719962347142
chr16q,weak,205548,205548,205548,205567,1,398.0,1.5
chr16q,weak,205661,205661,205661,205680,1,398.0,1.8571428571428572
chr16q,weak,205744,205744,205744,205763,1,398.0,1.5
chr16q,weak,205821,205821,205821,205840,1,398.0,2.076923076923077
chr16q,weak,205910,205910,205910,205929,1,398.0,1.8571428571428572
chr16q,weak,205997,205997,205997,206016,1,398.0,1.5
chr16q,weak,206225,206225,206225,206244,1,398.0,1.6666666666666667
chr16q,weak,206473,206473,206473,206492,1,398.0,2.6363636363636362
chr16q,weak,206742,206742,206742,206761,1,398.0,1.8571428571428572
chr16q,weak,207021,207021,207021,207040,1,398.0,2.076923076923077
chr16q,weak,207301,207301,207301,207320,1,398.0,1.6666666666666667
chr16q,weak,207559,207583,207559,207602,25,398.0,1.9110556110556112
chr16q,weak,207791,207791,207791,207810,1,398.0,2.076923076923077
chr16q,weak,208003,208003,208003,208022,1,398.0,2.6363636363636362
chr16q,weak,208451,208451,208451,208470,1,398.0,1.5
chr16q,weak,208682,208682,208682,208701,1,398.0,2.076923076923077
chr16q,weak,208891,208891,208891,208910,1,398.0,1.3529411764705883
chr16q,weak,209129,209129,209129,209148,1,398.0,1.8571428571428572
chr16q,weak,209343,209343,209343,209362,1,398.0,2.3333333333333335
chr16q,weak,209578,209578,209578,209597,1,398.0,1.6666666666666667
chr16q,weak,209841,209854,209841,209873,14,398.0,1.3930905695611577
chr16q,weak,210107,210107,210107,210126,1,398.0,1.5
chr16q,weak,210338,210338,210338,210357,1,398.0,2.076923076923077
chr16q,weak,210579,210579,210579,210598,1,398.0,1.3529411764705883
chr16q,weak,210895,210895,210895,210914,1,398.0,1.5
chr16q,weak,211179,211179,211179,211198,1,398.0,1.6666666666666667
chr16q,weak,211417,211417,211417,211436,1,398.0,2.6363636363636362
chr16q,weak,211670,211670,211670,211689,1,398.0,1.2222222222222223
chr16q,weak,211848,211871,211848,211890,24,398.0,2.162032412032412
chr16q,weak,212528,212528,212528,212547,1,398.0,1.8571428571428572
chr16q,weak,212762,212762,212762,212781,1,398.0,1.6666666666666667
chr16q,weak,212988,213004,212988,213023,17,398.0,1.8640379228614523
chr16q,weak,213225,213225,213225,213244,1,398.0,2.6363636363636362
chr16q,weak,213460,213465,213460,213484,6,398.0,2.1257631257631258
chr16q,weak,213722,213722,213722,213741,1,398.0,1.5
chr16q,weak,213965,213965,213965,213984,1,398.0,1.3529411764705883
chr16q,weak,214218,214218,214218,214237,1,398.0,1.6666666666666667
chr16q,weak,214465,214465,214465,214484,1,398.0,2.076923076923077
chr16q,weak,214737,214737,214737,214756,1,398.0,1.0
chr16q,weak,215031,215064,215031,215083,34,398.0,1.6167652740226044
chr16q,weak,215318,215318,215318,215337,1,398.0,2.076923076923077
chr16q,weak,215592,215592,215592,215611,1,398.0,2.076923076923077
chr16q,weak,215827,215847,215827,215866,21,398.0,1.884789813361242
chr16q,weak,216468,216468,216468,216487,1,398.0,1.2222222222222223
chr16q,weak,217040,217040,217040,217059,1,398.0,1.5
chr16q,weak,217277,217277,217277,217296,1,398.0,1.6666666666666667
chr16q,weak,217569,217569,217569,217588,1,398.0,1.5
chr16q,weak,217866,217879,217866,217898,14,398.0,1.3623273870951886
chr16q,weak,218090,218111,218090,218130,22,398.0,2.1310204946568594
chr16q,weak,218331,218331,218331,218350,1,398.0,2.076923076923077
chr16q,weak,218583,218583,218583,218602,1,398.0,2.076923076923077
chr16q,weak,219212,219212,219212,219231,1,398.0,1.8571428571428572
chr16q,weak,219446,219446,219446,219465,1,398.0,1.6666666666666667
chr16q,weak,219672,219688,219672,219707,17,398.0,1.8640379228614523
chr16q,weak,219909,219909,219909,219928,1,398.0,2.6363636363636362
chr16q,weak,220144,220149,220144,220168,6,398.0,2.1257631257631258
chr16q,weak,220406,220406,220406,220425,1,398.0,1.5
chr16q,weak,220649,220649,220649,220668,1,398.0,1.3529411764705883
chr16q,weak,220902,220902,220902,220921,1,398.0,1.6666666666666667
chr16q,weak,221149,221149,221149,221168,1,398.0,2.076923076923077
chr16q,weak,221421,221421,221421,221440,1,398.0,1.0
chr16q,weak,221715,221748,221715,221767,34,398.0,1.6167652740226044
chr16q,weak,221982,221982,221982,222001,1,398.0,2.6363636363636362
chr16q,weak,222250,222250,222250,222269,1,398.0,1.5
chr16q,weak,222555,222555,222555,222574,1,398.0,1.5
chr16q,weak,222841,222861,222841,222880,21,398.0,1.5946378551420568
chr16q,weak,223093,223093,223093,223112,1,398.0,1.5
chr16q,weak,223392,223392,223392,223411,1,398.0,1.8571428571428572
chr16q,weak,223716,223716,223716,223735,1,398.0,1.8571428571428572
chr16q,weak,223979,223979,223979,223998,1,398.0,1.6666666666666667
chr16q,weak,224208,224208,224208,224227,1,398.0,1.6666666666666667
chr16q,weak,224407,224407,224407,224426,1,398.0,1.8571428571428572
chr16q,weak,224632,224632,224632,224651,1,398.0,2.076923076923077
chr16q,weak,224866,224866,224866,224885,1,398.0,2.076923076923077
chr16q,weak,225136,225136,225136,225155,1,398.0,1.2222222222222223
chr16q,weak,225414,225414,225414,225433,1,398.0,1.6666666666666667
chr16q,weak,225670,225695,225670,225714,26,398.0,2.1755936371320983
chr16q,weak,225933,225933,225933,225952,1,398.0,1.3529411764705883
chr16q,weak,226171,226171,226171,226190,1,398.0,1.6666666666666667
chr16q,weak,226299,226299,226299,226318,1,398.0,1.6666666666666667
chr16q,weak,226505,226505,226505,226524,1,398.0,1.105263157894737
chr16q,weak,226743,226743,226743,226762,1,398.0,1.6666666666666667
chr16q,weak,227011,227011,227011,227030,1,398.0,2.076923076923077
chr16q,weak,227296,227296,227296,227315,1,398.0,1.6666666666666667
chr16q,weak,227543,227543,227543,227562,1,398.0,2.3333333333333335
chr16q,weak,227810,227810,227810,227829,1,398.0,1.8571428571428572
chr16q,weak,228079,228093,228079,228112,15,398.0,1.851892551892552
chr16q,weak,228349,228349,228349,228368,1,398.0,1.8571428571428572
chr16q,weak,228675,228675,228675,228694,1,398.0,1.8571428571428572
chr16q,weak,228921,228921,228921,228940,1,398.0,2.076923076923077
chr16q,weak,229283,229283,229283,229302,1,398.0,1.8571428571428572
chr16q,weak,229550,229550,229550,229569,1,398.0,1.8571428571428572
chr16q,weak,229767,229767,229767,229786,1,398.0,1.5
chr16q,weak,229995,230007,229995,230026,13,398.0,1.9604113834883066
chr16q,weak,230190,230190,230190,230209,1,398.0,1.6666666666666667
chr16q,weak,230432,230432,230432,230451,1,398.0,2.3333333333333335
chr16q,weak,230716,230716,230716,230735,1,398.0,1.5
chr16q,weak,231013,231013,231013,231032,1,398.0,1.6666666666666667
chr16q,weak,231281,231281,231281,231300,1,398.0,2.076923076923077
chr16q,weak,231550,231550,231550,231569,1,398.0,2.6363636363636362
chr16q,weak,231824,231824,231824,231843,1,398.0,1.8571428571428572
chr16q,weak,232055,232095,232055,232114,41,398.0,1.552599816135269
chr16q,weak,232398,232398,232398,232417,1,398.0,1.6666666666666667
chr16q,weak,232681,232681,232681,232700,1,398.0,1.6666666666666667
chr16q,weak,232938,232938,232938,232957,1,398.0,1.5
chr16q,weak,233251,233251,233251,233270,1,398.0,2.076923076923077
chr16q,weak,233468,233483,233468,233502,16,398.0,1.5078781512605042
chr16q,weak,233705,233705,233705,233724,1,398.0,1.5
chr16q,weak,233925,233925,233925,233944,1,398.0,1.8571428571428572
chr16q,weak,234131,234131,234131,234150,1,398.0,2.076923076923077
chr16q,weak,234200,234200,234200,234219,1,398.0,1.6666666666666667
chr16q,weak,234344,234373,234344,234392,30,398.0,1.6432306255835665
chr16q,weak,234690,234690,234690,234709,1,398.0,1.6666666666666667
chr16q,weak,235029,235029,235029,235048,1,398.0,1.8571428571428572
chr16q,weak,235330,235348,235330,235367,19,398.0,1.6708626770546275
chr16q,weak,235614,235614,235614,235633,1,398.0,1.6666666666666667
chr16q,weak,235908,235908,235908,235927,1,398.0,1.6666666666666667
chr16q,weak,236194,236194,236194,236213,1,398.0,1.8571428571428572
chr16q,weak,236440,236440,236440,236459,1,398.0,1.6666666666666667
chr16q,weak,236884,236884,236884,236903,1,398.0,2.3333333333333335
chr16q,weak,237145,237145,237145,237164,1,398.0,2.076923076923077
chr16q,weak,237438,237438,237438,237457,1,398.0,2.3333333333333335
chr16q,weak,237672,237672,237672,237691,1,398.0,1.5
chr16q,weak,237946,237946,237946,237965,1,398.0,1.5
chr16q,weak,238256,238256,238256,238275,1,398.0,2.3333333333333335
chr16q,weak,238444,238444,238444,238463,1,398.0,1.8571428571428572
chr16q,weak,238621,238621,238621,238640,1,398.0,1.8571428571428572
chr16q,weak,238851,238851,238851,238870,1,398.0,1.8571428571428572
chr16q,weak,239091,239091,239091,239110,1,398.0,2.3333333333333335
chr16q,weak,239341,239373,239341,239392,33,398.0,1.858807858807859
chr16q,weak,239594,239594,239594,239613,1,398.0,2.3333333333333335
chr16q,weak,239866,239866,239866,239885,1,398.0,1.2222222222222223
chr16q,weak,240117,240117,240117,240136,1,398.0,1.5
chr16q,weak,240349,240349,240349,240368,1,398.0,1.6666666666666667
chr16q,weak,240539,240553,240539,240572,15,398.0,1.7063492063492065
chr16q,weak,240776,240776,240776,240795,1,398.0,1.5
chr16q,weak,240856,240856,240856,240875,1,398.0,1.8571428571428572
chr16q,weak,240969,240969,240969,240988,1,398.0,2.3333333333333335
chr16q,weak,241163,241163,241163,241182,1,398.0,1.6666666666666667
chr16q,weak,241218,241218,241218,241237,1,398.0,1.6666666666666667
chr16q,weak,241390,241421,241390,241440,32,398.0,2.0134448884448886
chr16q,weak,241668,241668,241668,241687,1,398.0,1.6666666666666667
chr16q,weak,241924,241924,241924,241943,1,398.0,1.3529411764705883
chr16q,weak,242127,242127,242127,242146,1,398.0,1.8571428571428572
chr16q,weak,242414,242414,242414,242433,1,398.0,2.3333333333333335
chr16q,weak,242677,242677,242677,242696,1,398.0,1.6666666666666667
chr16q,weak,242955,242955,242955,242974,1,398.0,2.3333333333333335
chr16q,weak,243227,243227,243227,243246,1,398.0,1.6666666666666667
chr16q,weak,243476,243500,243476,243519,25,398.0,1.9110556110556112
chr16q,weak,243708,243708,243708,243727,1,398.0,2.076923076923077
chr16q,weak,243926,243926,243926,243945,1,398.0,2.6363636363636362
chr16q,weak,244059,244059,244059,244078,1,398.0,1.8571428571428572
chr16q,weak,244565,244565,244565,244584,1,398.0,2.076923076923077
chr16q,weak,244797,244797,244797,244816,1,398.0,1.6666666666666667
chr16q,weak,245018,245018,245018,245037,1,398.0,2.076923076923077
chr16q,weak,245240,245277,245240,245296,38,398.0,2.1971887761361444
chr16q,weak,245507,245526,245507,245545,20,398.0,1.87069597069597
chr16q,weak,245752,245775,245752,245794,24,398.0,1.6189324020206375
chr16q,weak,246023,246023,246023,246042,1,398.0,1.3529411764705883
chr16q,weak,246272,246272,246272,246291,1,398.0,1.6666666666666667
chr16q,weak,246521,246521,246521,246540,1,398.0,2.076923076923077
chr16q,weak,246814,246814,246814,246833,1,398.0,1.6666666666666667
chr16q,weak,247094,247094,247094,247113,1,398.0,1.8571428571428572
chr16q,weak,247354,247354,247354,247373,1,398.0,2.076923076923077
chr16q,weak,247610,247610,247610,247629,1,398.0,2.076923076923077
chr16q,weak,247877,247877,247877,247896,1,398.0,1.3529411764705883
chr16q,weak,248308,248334,248308,248353,27,398.0,1.7455928240241965
chr16q,weak,248858,248891,248858,248910,34,398.0,2.0751405457287815
chr16q,weak,249104,249116,249104,249135,13,398.0,1.790222597914906
chr16q,weak,249325,249325,249325,249344,1,398.0,2.076923076923077
chr16q,weak,249554,249554,249554,249573,1,398.0,1.8571428571428572
chr16q,weak,249762,249762,249762,249781,1,398.0,1.3529411764705883
chr16q,weak,250014,250014,250014,250033,1,398.0,1.2222222222222223
chr16q,weak,250297,250326,250297,250345,30,398.0,1.6954643395819862
chr16q,weak,250601,250601,250601,250620,1,398.0,1.8571428571428572
chr16q,weak,250855,250855,250855,250874,1,398.0,1.5
chr16q,weak,251158,251158,251158,251177,1,398.0,2.076923076923077
chr16q,weak,251409,251409,251409,251428,1,398.0,1.8571428571428572
chr16q,weak,251691,251691,251691,251710,1,398.0,2.076923076923077
chr16q,weak,251954,251954,251954,251973,1,398.0,2.076923076923077
chr16q,weak,252180,252180,252180,252199,1,398.0,1.6666666666666667
chr16q,weak,252640,252640,252640,252659,1,398.0,1.5
chr16q,weak,253238,253238,253238,253257,1,398.0,2.076923076923077
chr16q,weak,253474,253474,253474,253493,1,398.0,1.3529411764705883
chr16q,weak,253691,253691,253691,253710,1,398.0,2.076923076923077
chr16q,weak,253909,253909,253909,253928,1,398.0,1.8571428571428572
chr16q,weak,254160,254160,254160,254179,1,398.0,1.8571428571428572
chr16q,weak,254412,254412,254412,254431,1,398.0,2.6363636363636362
chr16q,weak,254696,254696,254696,254715,1,398.0,1.2222222222222223
chr16q,weak,254940,254974,254940,254993,35,398.0,1.8626373626373627
chr16q,weak,255189,255189,255189,255208,1,398.0,1.5
chr16q,weak,255286,255286,255286,255305,1,398.0,2.076923076923077
chr16q,weak,255453,255470,255453,255489,18,398.0,1.6409777586248175
chr16q,weak,255532,255532,255532,255551,1,398.0,2.076923076923077
chr16q,weak,255643,255661,255643,255680,19,398.0,1.7544540083239775
chr16q,weak,255866,255866,255866,255885,1,398.0,2.076923076923077
chr16q,weak,255967,255967,255967,255986,1,398.0,1.6666666666666667
chr16q,weak,256430,256430,256430,256449,1,398.0,2.3333333333333335
chr16q,weak,256695,256695,256695,256714,1,398.0,1.8571428571428572
chr16q,weak,256905,256905,256905,256924,1,398.0,1.8571428571428572
chr16q,weak,257115,257115,257115,257134,1,398.0,2.076923076923077
chr16q,weak,257354,257354,257354,257373,1,398.0,1.6666666666666667
chr16q,weak,257578,257578,257578,257597,1,398.0,2.076923076923077
chr16q,weak,257836,257836,257836,257855,1,398.0,2.3333333333333335
chr16q,weak,258150,258150,258150,258169,1,398.0,1.5
chr16q,weak,258220,258220,258220,258239,1,398.0,2.076923076923077
chr16q,weak,258472,258472,258472,258491,1,398.0,1.6666666666666667
chr16q,weak,258726,258726,258726,258745,1,398.0,1.2222222222222223
chr16q,weak,258805,258805,258805,258824,1,398.0,1.3529411764705883
chr16q,weak,258928,258928,258928,258947,1,398.0,2.076923076923077
chr16q,weak,259286,259286,259286,259305,1,398.0,1.6666666666666667
chr16q,weak,259731,259731,259731,259750,1,398.0,1.6666666666666667
chr16q,weak,260018,260060,260018,260079,43,398.0,2.1758783851807113
chr16q,weak,260354,260354,260354,260373,1,398.0,1.3529411764705883
chr16q,weak,260704,260704,260704,260723,1,398.0,1.6666666666666667
chr16q,weak,260982,260982,260982,261001,1,398.0,1.8571428571428572
chr16q,weak,261107,261107,261107,261126,1,398.0,1.6666666666666667
chr16q,weak,261168,261198,261168,261217,31,398.0,1.6899166614536631
chr16q,weak,261491,261491,261491,261510,1,398.0,2.076923076923077
chr16q,weak,261785,261785,261785,261804,1,398.0,1.3529411764705883
chr16q,weak,262067,262067,262067,262086,1,398.0,1.6666666666666667
chr16q,weak,262328,262351,262328,262370,24,398.0,2.402208902208902
chr16q,weak,262614,262614,262614,262633,1,398.0,2.076923076923077
chr16q,weak,262914,262914,262914,262933,1,398.0,1.5
chr16q,weak,263199,263199,263199,263218,1,398.0,1.6666666666666667
chr16q,weak,263467,263467,263467,263486,1,398.0,2.076923076923077
chr16q,weak,263706,263706,263706,263725,1,398.0,2.076923076923077
chr16q,weak,263944,263973,263944,263992,30,398.0,1.7056848380377794
chr16q,weak,264387,264387,264387,264406,1,398.0,1.8571428571428572
chr16q,weak,264539,264539,264539,264558,1,398.0,1.5
chr16q,weak,264978,265006,264978,265025,29,398.0,2.0226095743337127
chr16q,weak,265198,265198,265198,265217,1,398.0,2.076923076923077
chr16q,weak,265430,265430,265430,265449,1,398.0,1.8571428571428572
chr16q,weak,265623,265623,265623,265642,1,398.0,2.6363636363636362
chr16q,weak,265874,265874,265874,265893,1,398.0,1.6666666666666667
chr16q,weak,266178,266178,266178,266197,1,398.0,1.5
chr16q,weak,266442,266442,266442,266461,1,398.0,1.8571428571428572
chr16q,weak,266709,266709,266709,266728,1,398.0,2.076923076923077
chr16q,weak,266970,267005,266970,267024,36,398.0,1.9783285886227064
chr16q,weak,267237,267237,267237,267256,1,398.0,1.3529411764705883
chr16q,weak,267498,267498,267498,267517,1,398.0,1.8571428571428572
chr16q,weak,267651,267651,267651,267670,1,398.0,1.8571428571428572
chr16q,weak,268278,268278,268278,268297,1,398.0,2.076923076923077
chr16q,weak,268514,268514,268514,268533,1,398.0,1.3529411764705883
chr16q,weak,268731,268731,268731,268750,1,398.0,2.076923076923077
chr16q,weak,268949,268949,268949,268968,1,398.0,1.8571428571428572
chr16q,weak,269178,269178,269178,269197,1,398.0,2.076923076923077
chr16q,weak,269473,269473,269473,269492,1,398.0,1.3529411764705883
chr16q,weak,269765,269765,269765,269784,1,398.0,1.2222222222222223
chr16q,weak,270001,270001,270001,270020,1,398.0,2.076923076923077
chr16q,weak,270234,270234,270234,270253,1,398.0,2.076923076923077
chr16q,weak,270501,270501,270501,270520,1,398.0,1.3529411764705883
chr16q,weak,270762,270762,270762,270781,1,398.0,1.8571428571428572
chr16q,weak,270926,270926,270926,270945,1,398.0,2.076923076923077
chr16q,weak,271502,271502,271502,271521,1,398.0,2.3333333333333335
chr16q,weak,271767,271767,271767,271786,1,398.0,1.8571428571428572
chr16q,weak,271977,271977,271977,271996,1,398.0,1.8571428571428572
chr16q,weak,272187,272200,272187,272219,14,398.0,1.7155554529504111
chr16q,weak,272441,272441,272441,272460,1,398.0,2.076923076923077
chr16q,weak,272643,272643,272643,272662,1,398.0,1.6666666666666667
chr16q,weak,272908,272908,272908,272927,1,398.0,2.3333333333333335
chr16q,weak,273184,273283,273184,273302,100,398.0,1.7743471234647703
chr16q,weak,273550,273600,273550,273619,51,398.0,1.7370368962064469
chr16q,weak,273989,273989,273989,274008,1,398.0,1.5
chr16q,weak,274312,274312,274312,274331,1,398.0,1.6666666666666667
chr16q,weak,274544,274544,274544,274563,1,398.0,2.6363636363636362
chr16q,weak,274773,274773,274773,274792,1,398.0,1.6666666666666667
chr16q,weak,274826,274826,274826,274845,1,398.0,2.3333333333333335
chr16q,weak,275095,275095,275095,275114,1,398.0,2.6363636363636362
chr16q,weak,275271,275271,275271,275290,1,398.0,1.2222222222222223
chr16q,weak,275376,275413,275376,275432,38,398.0,1.6955520399792847
chr16q,weak,275808,275808,275808,275827,1,398.0,1.5
chr16q,weak,276016,276016,276016,276035,1,398.0,2.6363636363636362
chr16q,weak,276245,276245,276245,276264,1,398.0,1.6666666666666667
chr16q,weak,276298,276298,276298,276317,1,398.0,2.3333333333333335
chr16q,weak,276567,276567,276567,276586,1,398.0,2.6363636363636362
chr16q,weak,276848,276861,276848,276880,14,398.0,2.15279958137101
chr16q,weak,277236,277236,277236,277255,1,398.0,1.5
chr16q,weak,277297,277297,277297,277316,1,398.0,1.6666666666666667
chr16q,weak,277598,277598,277598,277617,1,398.0,1.6666666666666667
chr16q,weak,277764,277764,277764,277783,1,398.0,1.6666666666666667
chr16q,weak,278042,278042,278042,278061,1,398.0,2.6363636363636362
chr16q,weak,278286,278286,278286,278305,1,398.0,1.5
chr16q,weak,278569,278569,278569,278588,1,398.0,1.8571428571428572
chr16q,weak,278811,278811,278811,278830,1,398.0,1.6666666666666667
chr16q,weak,278996,279019,278996,279038,24,398.0,1.8257783882783885
chr16q,weak,279249,279249,279249,279268,1,398.0,2.076923076923077
chr16q,weak,279469,279469,279469,279488,1,398.0,2.3333333333333335
chr16q,weak,279757,279757,279757,279776,1,398.0,2.6363636363636362
chr16q,weak,280051,280051,280051,280070,1,398.0,1.3529411764705883
chr16q,weak,280283,280283,280283,280302,1,398.0,1.8571428571428572
chr16q,weak,280538,280573,280538,280592,36,398.0,1.9783285886227064
chr16q,weak,281182,281182,281182,281201,1,398.0,2.3333333333333335
chr16q,weak,281449,281449,281449,281468,1,398.0,1.5
chr16q,weak,281749,281749,281749,281768,1,398.0,1.8571428571428572
chr16q,weak,282062,282062,282062,282081,1,398.0,2.076923076923077
chr16q,weak,282419,282419,282419,282438,1,398.0,1.8571428571428572
chr16q,weak,282727,282771,282727,282790,45,398.0,1.7522684287390173
chr16q,weak,283162,283162,283162,283181,1,398.0,1.8571428571428572
chr16q,weak,283219,283219,283219,283238,1,398.0,2.076923076923077
chr16q,weak,283367,283367,283367,283386,1,398.0,1.2222222222222223
chr16q,weak,283516,283516,283516,283535,1,398.0,1.5
chr16q,weak,283877,283877,283877,283896,1,398.0,1.5
chr16q,weak,284184,284202,284184,284221,19,398.0,1.6523548690731356
chr16q,weak,284336,284336,284336,284355,1,398.0,1.8571428571428572
chr16q,weak,284485,284485,284485,284504,1,398.0,1.2222222222222223
chr16q,weak,284667,284667,284667,284686,1,398.0,2.3333333333333335
chr16q,weak,284983,284983,284983,285002,1,398.0,1.6666666666666667
chr16q,weak,285262,285262,285262,285281,1,398.0,1.8571428571428572
chr16q,weak,285484,285484,285484,285503,1,398.0,2.3333333333333335
chr16q,weak,285747,285747,285747,285766,1,398.0,1.5
chr16q,weak,285979,285979,285979,285998,1,398.0,1.5
chr16q,weak,286240,286240,286240,286259,1,398.0,1.3529411764705883
chr16q,weak,286481,286481,286481,286500,1,398.0,2.076923076923077
chr16q,weak,286724,286724,286724,286743,1,398.0,1.3529411764705883
chr16q,weak,286933,286933,286933,286952,1,398.0,1.5
chr16q,weak,287192,287192,287192,287211,1,398.0,2.6363636363636362
chr16q,weak,287374,287386,287374,287405,13,398.0,2.4965034965034962
chr16q,weak,287772,287772,287772,287791,1,398.0,1.8571428571428572
chr16q,weak,288015,288015,288015,288034,1,398.0,1.8571428571428572
chr16q,weak,288260,288260,288260,288279,1,398.0,1.3529411764705883
chr16q,weak,288475,288475,288475,288494,1,398.0,2.076923076923077
chr16q,weak,288766,288766,288766,288785,1,398.0,2.076923076923077
chr16q,weak,288891,288918,288891,288937,28,398.0,1.6900067719395448
chr16q,weak,288982,288982,288982,289001,1,398.0,1.8571428571428572
chr16q,weak,289085,289143,289085,289162,59,398.0,1.5252850471142967
chr16q,weak,289303,289303,289303,289322,1,398.0,2.076923076923077
chr16q,weak,289441,289441,289441,289460,1,398.0,1.6666666666666667
chr16q,weak,289854,289854,289854,289873,1,398.0,2.076923076923077
chr16q,weak,290119,290125,290119,290144,7,398.0,2.5057323628752206
chr16q,weak,290414,290414,290414,290433,1,398.0,1.5
chr16q,weak,290723,290723,290723,290742,1,398.0,1.5
chr16q,weak,290974,290974,290974,290993,1,398.0,1.8571428571428572
chr16q,weak,291049,291049,291049,291068,1,398.0,1.8571428571428572
chr16q,weak,291245,291276,291245,291295,32,398.0,1.5556834913452562
chr16q,weak,291328,291328,291328,291347,1,398.0,1.3529411764705883
chr16q,weak,291646,291646,291646,291665,1,398.0,1.6666666666666667
chr16q,weak,291921,291921,291921,291940,1,398.0,2.3333333333333335
chr16q,weak,292217,292217,292217,292236,1,398.0,1.8571428571428572
chr16q,weak,292502,292502,292502,292521,1,398.0,1.6666666666666667
chr16q,weak,293027,293027,293027,293046,1,398.0,1.6666666666666667
chr16q,weak,293268,293280,293268,293299,13,398.0,1.901803324880248
chr16q,weak,293486,293486,293486,293505,1,398.0,1.2222222222222223
chr16q,weak,293681,293681,293681,293700,1,398.0,1.2222222222222223
chr16q,weak,293929,293929,293929,293948,1,398.0,2.076923076923077
chr16q,weak,294175,294175,294175,294194,1,398.0,1.8571428571428572
chr16q,weak,294443,294443,294443,294462,1,398.0,1.8571428571428572
chr16q,weak,294741,294741,294741,294760,1,398.0,1.2222222222222223
chr16q,weak,294992,294992,294992,295011,1,398.0,1.8571428571428572
chr16q,weak,295221,295221,295221,295240,1,398.0,1.5
chr16q,weak,295595,295595,295595,295614,1,398.0,1.8571428571428572
chr16q,weak,295825,295872,295825,295891,48,398.0,2.152847152847153
chr16q,weak,296080,296121,296080,296140,42,398.0,1.6811673387303645
chr16q,weak,296331,296370,296331,296389,40,398.0,1.4610527544351073
chr16q,weak,296612,296612,296612,296631,1,398.0,1.6666666666666667
chr16q,weak,296838,296838,296838,296857,1,398.0,1.8571428571428572
chr16q,weak,297003,297003,297003,297022,1,398.0,2.076923076923077
chr16q,weak,297269,297269,297269,297288,1,398.0,2.076923076923077
chr16q,weak,297514,297514,297514,297533,1,398.0,2.076923076923077
chr16q,weak,297786,297786,297786,297805,1,398.0,1.5
chr16q,weak,298058,298058,298058,298077,1,398.0,1.8571428571428572
chr16q,weak,298341,298341,298341,298360,1,398.0,2.076923076923077
chr16q,weak,298588,298588,298588,298607,1,398.0,1.2222222222222223
chr16q,weak,298885,298885,298885,298904,1,398.0,2.076923076923077
chr16q,weak,299045,299045,299045,299064,1,398.0,2.3333333333333335
chr16q,weak,299109,299109,299109,299128,1,398.0,2.3333333333333335
chr16q,weak,299181,299181,299181,299200,1,398.0,2.076923076923077
chr16q,weak,299644,299679,299644,299698,36,398.0,1.4576071169208424
chr16q,weak,299874,299906,299874,299925,33,398.0,1.6012257436406043
chr16q,weak,300147,300147,300147,300166,1,398.0,1.6666666666666667
chr16q,weak,300319,300319,300319,300338,1,398.0,2.076923076923077
chr16q,weak,300561,300561,300561,300580,1,398.0,1.8571428571428572
chr16q,weak,300820,300820,300820,300839,1,398.0,2.3333333333333335
chr16q,weak,301042,301042,301042,301061,1,398.0,2.076923076923077
chr16q,weak,301274,301274,301274,301293,1,398.0,1.5
chr16q,weak,301506,301506,301506,301525,1,398.0,1.6666666666666667
chr16q,weak,301713,301713,301713,301732,1,398.0,1.6666666666666667
chr16q,weak,301937,301937,301937,301956,1,398.0,1.5
chr16q,weak,302184,302219,302184,302238,36,398.0,1.4614381815104212
chr16q,weak,302312,302312,302312,302331,1,398.0,1.5
chr16q,weak,302503,302503,302503,302522,1,398.0,1.5
chr16q,weak,302595,302595,302595,302614,1,398.0,2.076923076923077
chr16q,weak,302751,302751,302751,302770,1,398.0,2.6363636363636362
chr16q,weak,303005,303044,303005,303063,40,398.0,1.9580544455544455
chr16q,weak,303301,303301,303301,303320,1,398.0,2.3333333333333335
chr16q,weak,303586,303599,303586,303618,14,398.0,1.5297118847539015
chr16q,weak,303806,303841,303806,303860,36,398.0,1.5760422402579268
chr16q,weak,304066,304066,304066,304085,1,398.0,1.6666666666666667
chr16q,weak,304250,304250,304250,304269,1,398.0,2.3333333333333335
chr16q,weak,304403,304403,304403,304422,1,398.0,1.105263157894737
chr16q,weak,304631,304631,304631,304650,1,398.0,1.6666666666666667
chr16q,weak,304848,304848,304848,304867,1,398.0,2.3333333333333335
chr16q,weak,305084,305084,305084,305103,1,398.0,2.076923076923077
chr16q,weak,305314,305352,305314,305371,39,398.0,1.3937357219090964
chr16q,weak,305546,305546,305546,305565,1,398.0,1.8571428571428572
chr16q,weak,305831,305831,305831,305850,1,398.0,1.6666666666666667
chr16q,weak,306083,306093,306083,306112,11,398.0,1.8013653013653015
chr16q,weak,306344,306344,306344,306363,1,398.0,1.6666666666666667
chr16q,weak,306670,306702,306670,306721,33,398.0,1.5009687022070923
chr16q,weak,306916,306916,306916,306935,1,398.0,1.3529411764705883
chr16q,weak,307179,307179,307179,307198,1,398.0,1.6666666666666667
chr16q,weak,307416,307416,307416,307435,1,398.0,2.076923076923077
chr16q,weak,307667,307707,307667,307726,41,398.0,1.3721432946306467
chr16q,weak,307939,307958,307939,307977,20,398.0,1.452917833800187
chr16q,weak,308175,308175,308175,308194,1,398.0,2.076923076923077
chr16q,weak,308446,308446,308446,308465,1,398.0,2.3333333333333335
chr16q,weak,308579,308579,308579,308598,1,398.0,1.5
chr16q,weak,308921,308921,308921,308940,1,398.0,1.2222222222222223
chr16q,weak,309159,309159,309159,309178,1,398.0,1.6666666666666667
chr16q,weak,309429,309429,309429,309448,1,398.0,1.6666666666666667
chr16q,weak,309559,309631,309559,309650,73,398.0,1.671408992118098
chr16q,weak,309726,309726,309726,309745,1,398.0,1.6666666666666667
chr16q,weak,309955,309955,309955,309974,1,398.0,1.6666666666666667
chr16q,weak,310230,310230,310230,310249,1,398.0,1.8571428571428572
chr16q,weak,310499,310499,310499,310518,1,398.0,2.3333333333333335
chr16q,weak,310777,310803,310777,310822,27,398.0,1.270158875766031
chr16q,weak,311040,311064,311040,311083,25,398.0,1.4705695611577965
chr16q,weak,311306,311306,311306,311325,1,398.0,1.6666666666666667
chr16q,weak,311577,311577,311577,311596,1,398.0,2.076923076923077
chr16q,weak,311825,311825,311825,311844,1,398.0,1.5
chr16q,weak,312085,312085,312085,312104,1,398.0,1.6666666666666667
chr16q,weak,312339,312381,312339,312400,43,398.0,2.1521966405687336
chr16q,weak,312560,312633,312560,312652,74,398.0,1.817619979384685
chr16q,weak,312754,312754,312754,312773,1,398.0,1.8571428571428572
chr16q,weak,312805,312805,312805,312824,1,398.0,1.8571428571428572
chr16q,weak,313047,313076,313047,313095,30,398.0,1.4788892165053154
chr16q,weak,313284,313284,313284,313303,1,398.0,1.5
chr16q,weak,313475,313475,313475,313494,1,398.0,2.076923076923077
chr16q,weak,313665,313665,313665,313684,1,398.0,1.6666666666666667
chr16q,weak,313832,313832,313832,313851,1,398.0,1.3529411764705883
chr16q,weak,313984,313984,313984,314003,1,398.0,1.6666666666666667
chr16q,weak,314068,314068,314068,314087,1,398.0,1.8571428571428572
chr16q,weak,314305,314305,314305,314324,1,398.0,1.8571428571428572
chr16q,weak,314523,314523,314523,314542,1,398.0,1.5
chr16q,weak,314692,314736,314692,314755,45,398.0,2.0855625855625854
chr16q,weak,314906,314906,314906,314925,1,398.0,2.076923076923077
chr16q,weak,315128,315128,315128,315147,1,398.0,1.5
chr16q,weak,315382,315382,315382,315401,1,398.0,1.6666666666666667
chr16q,weak,315646,315646,315646,315665,1,398.0,1.6666666666666667
chr16q,weak,315889,315889,315889,315908,1,398.0,1.3529411764705883
chr16q,weak,316098,316098,316098,316117,1,398.0,2.6363636363636362
chr16q,weak,316325,316325,316325,316344,1,398.0,2.076923076923077
chr16q,weak,316877,316909,316877,316928,33,398.0,2.070338752156934
chr16q,weak,317165,317165,317165,317184,1,398.0,1.105263157894737
chr16q,weak,317386,317391,317386,317410,6,398.0,1.9304029304029307
chr16q,weak,317641,317651,317641,317670,11,398.0,1.87978687978688
chr16q,weak,317907,317907,317907,317926,1,398.0,2.3333333333333335
chr16q,weak,318168,318168,318168,318187,1,398.0,2.076923076923077
chr16q,weak,318452,318491,318452,318510,40,398.0,1.5170581052933994
chr16q,weak,318743,318743,318743,318762,1,398.0,1.8571428571428572
chr16q,weak,319009,319009,319009,319028,1,398.0,2.076923076923077
chr16q,weak,319256,319282,319256,319301,27,398.0,1.4077768859330606
chr16q,weak,319503,319503,319503,319522,1,398.0,1.5
chr16q,weak,319731,319731,319731,319750,1,398.0,1.6666666666666667
chr16q,weak,319950,319979,319950,319998,30,398.0,1.5384928510315505
chr16q,weak,320178,320178,320178,320197,1,398.0,2.3333333333333335
chr16q,weak,320318,320318,320318,320337,1,398.0,2.6363636363636362
chr16q,weak,320784,320784,320784,320803,1,398.0,1.3529411764705883
chr16q,weak,321015,321015,321015,321034,1,398.0,1.6666666666666667
chr16q,weak,321242,321242,321242,321261,1,398.0,1.3529411764705883
chr16q,weak,321519,321519,321519,321538,1,398.0,1.6666666666666667
chr16q,weak,321741,321741,321741,321760,1,398.0,1.8571428571428572
chr16q,weak,322007,322029,322007,322048,23,398.0,1.6980176686059039
chr16q,weak,322514,322514,322514,322533,1,398.0,1.3529411764705883
chr16q,weak,322747,322747,322747,322766,1,398.0,1.6666666666666667
chr16q,weak,322973,322973,322973,322992,1,398.0,2.076923076923077
chr16q,weak,323262,323262,323262,323281,1,398.0,1.6666666666666667
chr16q,weak,323496,323496,323496,323515,1,398.0,1.6666666666666667
chr16q,weak,323579,323579,323579,323598,1,398.0,2.3333333333333335
chr16q,weak,324022,324022,324022,324041,1,398.0,1.105263157894737
chr16q,weak,324073,324073,324073,324092,1,398.0,1.8571428571428572
chr16q,weak,324359,324359,324359,324378,1,398.0,2.076923076923077
chr16q,weak,324603,324624,324603,324643,22,398.0,1.784299034299034
chr16q,weak,324832,324867,324832,324886,36,398.0,1.5953159041394336
chr16q,weak,325055,325055,325055,325074,1,398.0,1.6666666666666667
chr16q,weak,325241,325241,325241,325260,1,398.0,2.076923076923077
chr16q,weak,325309,325309,325309,325328,1,398.0,1.5
chr16q,weak,325491,325491,325491,325510,1,398.0,1.8571428571428572
chr16q,weak,325598,325598,325598,325617,1,398.0,2.076923076923077
chr16q,weak,325897,325897,325897,325916,1,398.0,1.8571428571428572
chr16q,weak,325970,325970,325970,325989,1,398.0,1.2222222222222223
chr16q,weak,326268,326268,326268,326287,1,398.0,2.076923076923077
chr16q,weak,326848,326873,326848,326892,26,398.0,1.8400958016342637
chr16q,weak,326924,326924,326924,326943,1,398.0,1.2222222222222223
chr16q,weak,327196,327196,327196,327215,1,398.0,2.076923076923077
chr16q,weak,327431,327431,327431,327450,1,398.0,2.3333333333333335
chr16q,weak,327636,327636,327636,327655,1,398.0,1.5
chr16q,weak,327830,327830,327830,327849,1,398.0,2.3333333333333335
chr16q,weak,328009,328039,328009,328058,31,398.0,1.5998359641623399
chr16q,weak,328238,328238,328238,328257,1,398.0,1.2222222222222223
chr16q,weak,328370,328370,328370,328389,1,398.0,1.5
chr16q,weak,328595,328595,328595,328614,1,398.0,1.8571428571428572
chr16q,weak,328909,328922,328909,328941,14,398.0,1.7515698587127158
chr16q,weak,329203,329203,329203,329222,1,398.0,1.2222222222222223
chr16q,weak,329458,329458,329458,329477,1,398.0,1.3529411764705883
chr16q,weak,329705,329705,329705,329724,1,398.0,1.8571428571428572
chr16q,weak,329918,329918,329918,329937,1,398.0,1.6666666666666667
chr16q,weak,330120,330120,330120,330139,1,398.0,1.5
chr16q,weak,330356,330356,330356,330375,1,398.0,2.076923076923077
chr16q,weak,330646,330646,330646,330665,1,398.0,2.076923076923077
chr16q,weak,330877,330900,330877,330919,24,398.0,1.5593487394957986
chr16q,weak,331109,331109,331109,331128,1,398.0,2.6363636363636362
chr16q,weak,331504,331504,331504,331523,1,398.0,2.076923076923077
chr16q,weak,331778,331778,331778,331797,1,398.0,2.076923076923077
chr16q,weak,332063,332063,332063,332082,1,398.0,2.3333333333333335
chr16q,weak,332402,332402,332402,332421,1,398.0,1.6666666666666667
chr16q,weak,332710,332710,332710,332729,1,398.0,1.2222222222222223
chr16q,weak,332959,332959,332959,332978,1,398.0,2.076923076923077
chr16q,weak,333176,333208,333176,333227,33,398.0,1.8382728382728384
chr16q,weak,333424,333424,333424,333443,1,398.0,1.0
chr16q,weak,333665,333665,333665,333684,1,398.0,2.6363636363636362
chr16q,weak,333728,333771,333728,333790,44,398.0,1.765318015318016
chr16q,weak,334062,334062,334062,334081,1,398.0,2.076923076923077
chr16q,weak,334202,334202,334202,334221,1,398.0,1.3529411764705883
chr16q,weak,334492,334492,334492,334511,1,398.0,2.076923076923077
chr16q,weak,334741,334741,334741,334760,1,398.0,1.6666666666666667
chr16q,weak,334988,334988,334988,335007,1,398.0,2.076923076923077
chr16q,weak,335160,335205,335160,335224,46,398.0,1.6705646584163216
chr16q,weak,335398,335398,335398,335417,1,398.0,1.8571428571428572
chr16q,weak,335620,335620,335620,335639,1,398.0,1.3529411764705883
chr16q,weak,335880,335880,335880,335899,1,398.0,1.8571428571428572
chr16q,weak,336018,336034,336018,336053,17,398.0,2.1084209907739324
chr16q,weak,336340,336354,336340,336373,15,398.0,2.175935175935176
chr16q,weak,336590,336590,336590,336609,1,398.0,2.3333333333333335
chr16q,weak,336832,336859,336832,336878,28,398.0,1.6518530489118723
chr16q,weak,337069,337069,337069,337088,1,398.0,1.5
chr16q,weak,337309,337309,337309,337328,1,398.0,1.8571428571428572
chr16q,weak,337587,337587,337587,337606,1,398.0,2.076923076923077
chr16q,weak,337898,337898,337898,337917,1,398.0,1.5
chr16q,weak,338198,338198,338198,338217,1,398.0,1.6666666666666667
chr16q,weak,338496,338496,338496,338515,1,398.0,1.8571428571428572
chr16q,weak,338792,338792,338792,338811,1,398.0,1.3529411764705883
chr16q,weak,339118,339118,339118,339137,1,398.0,2.6363636363636362
chr16q,weak,339372,339372,339372,339391,1,398.0,1.8571428571428572
chr16q,weak,339664,339664,339664,339683,1,398.0,1.5
chr16q,weak,339847,339847,339847,339866,1,398.0,1.5
chr16q,weak,339917,339917,339917,339936,1,398.0,2.076923076923077
chr16q,weak,340119,340147,340119,340166,29,398.0,2.131787752477407
chr16q,weak,340418,340458,340418,340477,41,398.0,1.234188412206988
chr16q,weak,340795,340795,340795,340814,1,398.0,2.076923076923077
chr16q,weak,341122,341122,341122,341141,1,398.0,1.5
chr16q,weak,341405,341405,341405,341424,1,398.0,1.6666666666666667
chr16q,weak,341669,341669,341669,341688,1,398.0,1.3529411764705883
chr16q,weak,341896,341896,341896,341915,1,398.0,2.076923076923077
chr16q,weak,342119,342119,342119,342138,1,398.0,1.5
chr16q,weak,342333,342333,342333,342352,1,398.0,1.8571428571428572
chr16q,weak,342542,342562,342542,342581,21,398.0,1.4492557256820857
chr16q,weak,342763,342763,342763,342782,1,398.0,1.8571428571428572
chr16q,weak,343012,343012,343012,343031,1,398.0,1.3529411764705883
chr16q,weak,343238,343238,343238,343257,1,398.0,1.6666666666666667
chr16q,weak,343472,343472,343472,343491,1,398.0,2.076923076923077
chr16q,weak,343685,343685,343685,343704,1,398.0,1.6666666666666667
chr16q,weak,343909,343909,343909,343928,1,398.0,2.076923076923077
chr16q,weak,344106,344152,344106,344171,47,398.0,1.7620002720127883
chr16q,weak,344280,344280,344280,344299,1,398.0,2.076923076923077
chr16q,weak,344346,344346,344346,344365,1,398.0,2.076923076923077
chr16q,weak,344477,344477,344477,344496,1,398.0,1.6666666666666667
chr16q,weak,344547,344578,344547,344597,32,398.0,1.4689542483660132
chr16q,weak,344695,344695,344695,344714,1,398.0,1.5
chr16q,weak,344827,344827,344827,344846,1,398.0,2.3333333333333335
chr16q,weak,344917,344932,344917,344951,16,398.0,1.6279761904761907
chr16q,weak,345158,345158,345158,345177,1,398.0,1.8571428571428572
chr16q,weak,345383,345383,345383,345402,1,398.0,2.076923076923077
chr16q,weak,345605,345605,345605,345624,1,398.0,1.6666666666666667
chr16q,weak,345777,345777,345777,345796,1,398.0,2.076923076923077
chr16q,weak,345993,346014,345993,346033,22,398.0,1.1084127430876656
chr16q,weak,346330,346330,346330,346349,1,398.0,1.8571428571428572
chr16q,weak,346592,346628,346592,346647,37,398.0,1.7393385628679745
chr16q,weak,346857,346857,346857,346876,1,398.0,1.8571428571428572
chr16q,weak,347113,347113,347113,347132,1,398.0,1.5
chr16q,weak,347315,347315,347315,347334,1,398.0,1.8571428571428572
chr16q,weak,347507,347507,347507,347526,1,398.0,2.3333333333333335
chr16q,weak,347724,347724,347724,347743,1,398.0,1.0
chr16q,weak,347827,347827,347827,347846,1,398.0,2.076923076923077
chr16q,weak,347914,347914,347914,347933,1,398.0,1.5
chr16q,weak,348094,348094,348094,348113,1,398.0,2.076923076923077
chr16q,weak,348544,348544,348544,348563,1,398.0,2.3333333333333335
chr16q,weak,348712,348712,348712,348731,1,398.0,1.2222222222222223
chr16q,weak,348973,348973,348973,348992,1,398.0,2.3333333333333335
chr16q,weak,349260,349260,349260,349279,1,398.0,1.6666666666666667
chr16q,weak,349317,349317,349317,349336,1,398.0,1.5
chr16q,weak,349499,349499,349499,349518,1,398.0,1.8571428571428572
chr16q,weak,349672,349672,349672,349691,1,398.0,1.5
chr16q,weak,349727,349750,349727,349769,24,398.0,1.568549642079054
chr16q,weak,349946,349946,349946,349965,1,398.0,1.8571428571428572
chr16q,weak,350468,350468,350468,350487,1,398.0,2.076923076923077
chr16q,weak,350711,350723,350711,350742,13,398.0,2.0515638207945903
chr16q,weak,351202,351202,351202,351221,1,398.0,1.3529411764705883
chr16q,weak,351269,351269,351269,351288,1,398.0,1.6666666666666667
chr16q,weak,351573,351573,351573,351592,1,398.0,2.6363636363636362
chr16q,weak,351802,351802,351802,351821,1,398.0,1.6666666666666667
chr16q,weak,351970,351970,351970,351989,1,398.0,1.6666666666666667
chr16q,weak,352181,352181,352181,352200,1,398.0,1.8571428571428572
chr16q,weak,352387,352387,352387,352406,1,398.0,1.8571428571428572
chr16q,weak,352593,352593,352593,352612,1,398.0,2.076923076923077
chr16q,weak,352694,352694,352694,352713,1,398.0,1.5
chr16q,weak,352800,352811,352800,352830,12,398.0,1.496265172735761
chr16q,weak,353019,353019,353019,353038,1,398.0,2.3333333333333335
chr16q,weak,353218,353218,353218,353237,1,398.0,1.105263157894737
chr16q,weak,353439,353482,353439,353501,44,398.0,1.8659306379894616
chr16q,weak,353609,353609,353609,353628,1,398.0,2.076923076923077
chr16q,weak,353796,353796,353796,353815,1,398.0,1.2222222222222223
chr16q,weak,353998,353998,353998,354017,1,398.0,2.3333333333333335
chr16q,weak,354180,354180,354180,354199,1,398.0,1.8571428571428572
chr16q,weak,354624,354624,354624,354643,1,398.0,1.8571428571428572
chr16q,weak,354677,354677,354677,354696,1,398.0,2.3333333333333335
chr16q,weak,354837,354837,354837,354856,1,398.0,2.076923076923077
chr16q,weak,355068,355068,355068,355087,1,398.0,1.2222222222222223
chr16q,weak,355283,355283,355283,355302,1,398.0,1.5
chr16q,weak,355526,355553,355526,355572,28,398.0,1.6614030227475607
chr16q,weak,355742,355742,355742,355761,1,398.0,1.5
chr16q,weak,356007,356007,356007,356026,1,398.0,1.5
chr16q,weak,356205,356205,356205,356224,1,398.0,1.6666666666666667
chr16q,weak,356397,356397,356397,356416,1,398.0,1.6666666666666667
chr16q,weak,356610,356610,356610,356629,1,398.0,2.076923076923077
chr16q,weak,356861,356861,356861,356880,1,398.0,1.2222222222222223
chr16q,weak,357076,357093,357076,357112,18,398.0,2.7553310886644224
chr16q,weak,357349,357349,357349,357368,1,398.0,1.6666666666666667
chr16q,weak,357585,357585,357585,357604,1,398.0,1.6666666666666667
chr16q,weak,357823,357828,357823,357847,6,398.0,1.9670329670329672
chr16q,weak,358105,358105,358105,358124,1,398.0,2.076923076923077
chr16q,weak,358388,358394,358388,358413,7,398.0,1.7755102040816324
chr16q,weak,358629,358629,358629,358648,1,398.0,1.8571428571428572
chr16q,weak,358881,358910,358881,358929,30,398.0,1.7804639804639801
chr16q,weak,359121,359159,359121,359178,39,398.0,1.8922010618843206
chr16q,weak,359391,359391,359391,359410,1,398.0,2.076923076923077
chr16q,weak,359599,359599,359599,359618,1,398.0,1.8571428571428572
chr16q,weak,359854,359854,359854,359873,1,398.0,2.076923076923077
chr16q,weak,360104,360104,360104,360123,1,398.0,1.105263157894737
chr16q,weak,360183,360183,360183,360202,1,398.0,1.6666666666666667
chr16q,weak,360239,360239,360239,360258,1,398.0,2.076923076923077
chr16q,weak,360450,360450,360450,360469,1,398.0,2.076923076923077
chr16q,weak,360568,360568,360568,360587,1,398.0,1.8571428571428572
chr16q,weak,360743,360743,360743,360762,1,398.0,1.6666666666666667
chr16q,weak,360988,360988,360988,361007,1,398.0,2.076923076923077
chr16q,weak,361244,361244,361244,361263,1,398.0,2.3333333333333335
chr16q,weak,361480,361480,361480,361499,1,398.0,1.5
chr16q,weak,361722,361722,361722,361741,1,398.0,1.6666666666666667
chr16q,weak,361975,361975,361975,361994,1,398.0,1.6666666666666667
chr16q,weak,362257,362257,362257,362276,1,398.0,2.3333333333333335
chr16q,weak,362512,362512,362512,362531,1,398.0,1.8571428571428572
chr16q,weak,362808,362847,362808,362866,40,398.0,1.564766459890299
chr16q,weak,363342,363342,363342,363361,1,398.0,1.8571428571428572
chr16q,weak,363559,363591,363559,363610,33,398.0,1.596264302146655
chr16q,weak,363826,363841,363826,363860,16,398.0,2.665792540792541
chr16q,weak,364127,364127,364127,364146,1,398.0,1.0
chr16q,weak,364466,364466,364466,364485,1,398.0,1.5
chr16q,weak,364603,364603,364603,364622,1,398.0,1.6666666666666667
chr16q,weak,364876,364876,364876,364895,1,398.0,1.5
chr16q,weak,364929,364929,364929,364948,1,398.0,1.5
chr16q,weak,365030,365030,365030,365049,1,398.0,2.076923076923077
chr16q,weak,365377,365377,365377,365396,1,398.0,2.6363636363636362
chr16q,weak,365647,365647,365647,365666,1,398.0,1.6666666666666667
chr16q,weak,365867,365877,365867,365896,11,398.0,1.847818847818848
chr16q,weak,366115,366115,366115,366134,1,398.0,1.3529411764705883
chr16q,weak,366379,366379,366379,366398,1,398.0,2.076923076923077
chr16q,weak,366695,366695,366695,366714,1,398.0,1.8571428571428572
chr16q,weak,366956,366981,366956,367000,26,398.0,1.7543964331294648
chr16q,weak,367236,367236,367236,367255,1,398.0,1.8571428571428572
chr16q,weak,367486,367486,367486,367505,1,398.0,1.5
chr16q,weak,367679,367679,367679,367698,1,398.0,1.3529411764705883
chr16q,weak,367845,367845,367845,367864,1,398.0,3.0
chr16q,weak,368117,368117,368117,368136,1,398.0,1.8571428571428572
chr16q,weak,368285,368323,368285,368342,39,398.0,1.4888547411767226
chr16q,weak,368719,368719,368719,368738,1,398.0,1.6666666666666667
chr16q,weak,368968,368968,368968,368987,1,398.0,2.076923076923077
chr16q,weak,369214,369214,369214,369233,1,398.0,1.8571428571428572
chr16q,weak,369454,369454,369454,369473,1,398.0,1.8571428571428572
chr16q,weak,369674,369674,369674,369693,1,398.0,2.3333333333333335
chr16q,weak,369904,369904,369904,369923,1,398.0,2.076923076923077
chr16q,weak,370158,370158,370158,370177,1,398.0,1.8571428571428572
chr16q,weak,370366,370366,370366,370385,1,398.0,1.5
chr16q,weak,370566,370680,370566,370699,115,398.0,1.5882387784662653
chr16q,weak,371006,371006,371006,371025,1,398.0,1.6666666666666667
chr16q,weak,371104,371104,371104,371123,1,398.0,1.5
chr16q,weak,371536,371536,371536,371555,1,398.0,2.076923076923077
chr16q,weak,371761,371779,371761,371798,19,398.0,1.7868710237131287
chr16q,weak,371951,371980,371951,371999,30,398.0,2.039072039072039
chr16q,weak,372156,372185,372156,372204,30,398.0,1.7143719026071964
chr16q,weak,372384,372384,372384,372403,1,398.0,1.8571428571428572
chr16q,weak,372573,372573,372573,372592,1,398.0,2.6363636363636362
chr16q,weak,372798,372798,372798,372817,1,398.0,1.8571428571428572
chr16q,weak,372889,372889,372889,372908,1,398.0,1.8571428571428572
chr16q,weak,373029,373029,373029,373048,1,398.0,2.076923076923077
chr16q,weak,373273,373273,373273,373292,1,398.0,1.8571428571428572
chr16q,weak,373451,373451,373451,373470,1,398.0,1.8571428571428572
chr16q,weak,373673,373673,373673,373692,1,398.0,1.8571428571428572
chr16q,weak,373877,373881,373877,373900,5,398.0,1.9450549450549448
chr16q,weak,374085,374085,374085,374104,1,398.0,1.2222222222222223
chr16q,weak,374348,374348,374348,374367,1,398.0,2.076923076923077
chr16q,weak,374710,374710,374710,374729,1,398.0,1.5
chr16q,weak,374790,374790,374790,374809,1,398.0,0.9047619047619048
chr16q,weak,374922,374922,374922,374941,1,398.0,2.076923076923077
chr16q,weak,375030,375030,375030,375049,1,398.0,2.076923076923077
chr16q,weak,375266,375266,375266,375285,1,398.0,1.6666666666666667
chr16q,weak,375564,375606,375564,375625,43,398.0,2.042022273212424
chr16q,weak,375860,375860,375860,375879,1,398.0,1.3529411764705883
chr16q,weak,376103,376103,376103,376122,1,398.0,2.3333333333333335
chr16q,weak,376154,376154,376154,376173,1,398.0,2.076923076923077
chr16q,weak,376319,376319,376319,376338,1,398.0,1.8571428571428572
chr16q,weak,376834,376834,376834,376853,1,398.0,2.076923076923077
chr16q,weak,377028,377069,377028,377088,42,398.0,1.843704148325997
chr16q,weak,377314,377314,377314,377333,1,398.0,1.5
chr16q,weak,377602,377602,377602,377621,1,398.0,2.6363636363636362
chr16q,weak,377982,378010,377982,378029,29,398.0,1.5593993565595998
chr16q,weak,378256,378256,378256,378275,1,398.0,1.8571428571428572
chr16q,weak,378496,378496,378496,378515,1,398.0,1.8571428571428572
chr16q,weak,378751,378751,378751,378770,1,398.0,1.8571428571428572
chr16q,weak,378993,378993,378993,379012,1,398.0,2.076923076923077
chr16q,weak,379182,379197,379182,379216,16,398.0,1.8507326007326008
chr16q,weak,379383,379383,379383,379402,1,398.0,1.8571428571428572
chr16q,weak,379616,379616,379616,379635,1,398.0,2.3333333333333335
chr16q,weak,379840,379840,379840,379859,1,398.0,2.3333333333333335
chr16q,weak,380076,380076,380076,380095,1,398.0,1.8571428571428572
chr16q,weak,380261,380293,380261,380312,33,398.0,1.6046737919802934
chr16q,weak,380431,380456,380431,380475,26,398.0,1.896590588898281
chr16q,weak,380631,380700,380631,380719,70,398.0,1.874500569458553
chr16q,weak,380854,380854,380854,380873,1,398.0,1.0
chr16q,weak,381110,381110,381110,381129,1,398.0,1.5
chr16q,weak,381276,381276,381276,381295,1,398.0,1.3529411764705883
chr16q,weak,381341,381341,381341,381360,1,398.0,1.8571428571428572
chr16q,weak,381531,381547,381531,381566,17,398.0,2.187126598891305
chr16q,weak,381697,381755,381697,381774,59,398.0,1.7810520597160682
chr16q,weak,381976,381976,381976,381995,1,398.0,1.8571428571428572
chr16q,weak,382196,382196,382196,382215,1,398.0,1.8571428571428572
chr16q,weak,382393,382393,382393,382412,1,398.0,2.3333333333333335
chr16q,weak,382600,382607,382600,382626,8,398.0,2.2051282051282053
chr16q,weak,382864,382864,382864,382883,1,398.0,1.8571428571428572
chr16q,weak,383099,383121,383099,383140,23,398.0,1.5812527909714609
chr16q,weak,383319,383319,383319,383338,1,398.0,1.8571428571428572
chr16q,weak,383531,383531,383531,383550,1,398.0,1.8571428571428572
chr16q,weak,384311,384311,384311,384330,1,398.0,1.6666666666666667
chr16q,weak,384705,384734,384705,384753,30,398.0,1.8043058248940598
chr16q,weak,385006,385006,385006,385025,1,398.0,1.6666666666666667
chr16q,weak,385232,385232,385232,385251,1,398.0,2.3333333333333335
chr16q,weak,385465,385465,385465,385484,1,398.0,2.3333333333333335
chr16q,weak,385668,385668,385668,385687,1,398.0,2.3333333333333335
chr16q,weak,385882,385882,385882,385901,1,398.0,2.3333333333333335
chr16q,weak,386118,386118,386118,386137,1,398.0,1.5
chr16q,weak,386391,386406,386391,386425,16,398.0,1.654499299719888
chr16q,weak,386620,386620,386620,386639,1,398.0,2.3333333333333335
chr16q,weak,386981,387005,386981,387024,25,398.0,2.236390276390276
chr16q,weak,387403,387403,387403,387422,1,398.0,1.6666666666666667
chr16q,weak,387652,387652,387652,387671,1,398.0,2.3333333333333335
chr16q,weak,387926,387926,387926,387945,1,398.0,1.6666666666666667
chr16q,weak,388185,388207,388185,388226,23,398.0,1.531197986440953
chr16q,weak,388415,388445,388415,388464,31,398.0,1.433456348017418
chr16q,weak,388662,388706,388662,388725,45,398.0,1.992633292633293
chr16q,weak,388889,389030,388889,389049,142,398.0,1.7662777478436134
chr16q,weak,389111,389224,389111,389243,114,398.0,1.913315958207599
chr16q,weak,389359,389384,389359,389403,26,398.0,1.4894419306184012
chr16q,weak,389596,389648,389596,389667,53,398.0,1.9817187991438827
chr16q,weak,389809,389809,389809,389828,1,398.0,1.5
chr16q,weak,390251,390251,390251,390270,1,398.0,1.8571428571428572
chr16q,weak,390462,390469,390462,390488,8,398.0,2.659090909090909
chr16q,weak,390648,390692,390648,390711,45,398.0,2.0006475006475
chr16q,weak,390929,390946,390929,390965,18,398.0,2.0266585266585273
chr16q,weak,391197,391197,391197,391216,1,398.0,1.5
chr16q,weak,391598,391598,391598,391617,1,398.0,1.8571428571428572
chr16q,weak,392782,392795,392782,392814,14,398.0,1.5288448712818459
chr16q,weak,393036,393036,393036,393055,1,398.0,1.6666666666666667
chr16q,weak,393264,393289,393264,393308,26,398.0,1.786770921386306
chr16q,weak,393650,393853,393650,393872,204,398.0,1.8154297003777975
chr16q,weak,393915,394044,393915,394063,130,398.0,1.904091835766044
chr16q,weak,394170,394204,394170,394223,35,398.0,1.4632119514472457
chr16q,weak,394410,394410,394410,394429,1,398.0,1.5
chr16q,weak,394667,394667,394667,394686,1,398.0,2.076923076923077
chr16q,weak,394992,394992,394992,395011,1,398.0,1.8571428571428572
chr16q,weak,395148,395148,395148,395167,1,398.0,1.8571428571428572
chr16q,weak,395291,395291,395291,395310,1,398.0,1.6666666666666667
chr16q,weak,395558,395558,395558,395577,1,398.0,1.5
chr16q,weak,395904,395904,395904,395923,1,398.0,1.8571428571428572
chr16q,weak,395988,395988,395988,396007,1,398.0,1.6666666666666667
chr16q,weak,396536,396536,396536,396555,1,398.0,2.3333333333333335
chr16q,weak,396806,396806,396806,396825,1,398.0,2.076923076923077
chr16q,weak,397148,397148,397148,397167,1,398.0,1.6666666666666667
chr16q,weak,397441,397441,397441,397460,1,398.0,1.3529411764705883
chr16q,weak,397682,397682,397682,397701,1,398.0,2.076923076923077
chr16q,weak,397910,397910,397910,397929,1,398.0,2.3333333333333335
chr16q,weak,398113,398113,398113,398132,1,398.0,2.3333333333333335
chr16q,weak,398327,398327,398327,398346,1,398.0,2.3333333333333335
chr16q,weak,398590,398590,398590,398609,1,398.0,1.5
chr16q,weak,398825,398873,398825,398892,49,398.0,1.9196373854237
chr16q,weak,399136,399136,399136,399155,1,398.0,1.6666666666666667
chr16q,weak,399206,399206,399206,399225,1,398.0,1.8571428571428572
chr16q,weak,399788,399788,399788,399807,1,398.0,2.3333333333333335
chr16q,weak,400099,400099,400099,400118,1,398.0,2.3333333333333335
chr16q,weak,400425,400458,400425,400477,34,398.0,1.7690818408811488
chr16q,weak,400711,400726,400711,400745,16,398.0,1.5810574229691876
chr16q,weak,400975,400975,400975,400994,1,398.0,1.5
chr16q,weak,401192,401192,401192,401211,1,398.0,1.6666666666666667
chr16q,weak,401394,401394,401394,401413,1,398.0,2.3333333333333335
chr16q,weak,401589,401589,401589,401608,1,398.0,2.6363636363636362
chr16q,weak,401816,401819,401816,401838,4,398.0,1.9670329670329672
chr16q,weak,402112,402149,402112,402168,38,398.0,2.03609883408645
chr16q,weak,402258,402258,402258,402277,1,398.0,2.3333333333333335
chr16q,weak,402514,402514,402514,402533,1,398.0,2.076923076923077
chr16q,weak,403065,403065,403065,403084,1,398.0,2.076923076923077
chr16q,weak,403337,403337,403337,403356,1,398.0,2.076923076923077
chr16q,weak,403642,403663,403642,403682,22,398.0,1.672077922077922
chr16q,weak,403949,403949,403949,403968,1,398.0,2.3333333333333335
chr16q,weak,404213,404213,404213,404232,1,398.0,1.6666666666666667
chr16q,weak,404441,404441,404441,404460,1,398.0,1.6666666666666667
chr16q,weak,404646,404646,404646,404665,1,398.0,2.3333333333333335
chr16q,weak,404877,404877,404877,404896,1,398.0,2.3333333333333335
chr16q,weak,405134,405134,405134,405153,1,398.0,1.8571428571428572
chr16q,weak,405369,405391,405369,405410,23,398.0,1.5812527909714609
chr16q,weak,405686,405731,405686,405750,46,398.0,1.767607711981114
chr16q,weak,406060,406060,406060,406079,1,398.0,1.6666666666666667
chr16q,weak,406338,406338,406338,406357,1,398.0,2.3333333333333335
chr16q,weak,406649,406649,406649,406668,1,398.0,2.3333333333333335
chr16q,weak,406975,407008,406975,407027,34,398.0,1.7690818408811488
chr16q,weak,407276,407276,407276,407295,1,398.0,1.6666666666666667
chr16q,weak,407507,407507,407507,407526,1,398.0,2.076923076923077
chr16q,weak,407735,407735,407735,407754,1,398.0,2.3333333333333335
chr16q,weak,407955,407955,407955,407974,1,398.0,2.076923076923077
chr16q,weak,408174,408174,408174,408193,1,398.0,2.3333333333333335
chr16q,weak,408404,408404,408404,408423,1,398.0,2.076923076923077
chr16q,weak,408650,408692,408650,408711,43,398.0,1.8407707203876837
chr16q,weak,409049,409049,409049,409068,1,398.0,2.076923076923077
chr16q,weak,409335,409335,409335,409354,1,398.0,1.6666666666666667
chr16q,weak,410283,410283,410283,410302,1,398.0,1.3529411764705883
chr16q,weak,410551,410551,410551,410570,1,398.0,1.6666666666666667
chr16q,weak,410800,410800,410800,410819,1,398.0,1.5
chr16q,weak,411010,411010,411010,411029,1,398.0,2.3333333333333335
chr16q,weak,411213,411213,411213,411232,1,398.0,2.3333333333333335
chr16q,weak,411427,411427,411427,411446,1,398.0,2.3333333333333335
chr16q,weak,411684,411684,411684,411703,1,398.0,1.8571428571428572
chr16q,weak,411919,411941,411919,411960,23,398.0,1.5812527909714609
chr16q,weak,412236,412281,412236,412300,46,398.0,1.767607711981114
chr16q,weak,412610,412610,412610,412629,1,398.0,1.6666666666666667
chr16q,weak,412888,412888,412888,412907,1,398.0,2.3333333333333335
chr16q,weak,413199,413199,413199,413218,1,398.0,2.3333333333333335
chr16q,weak,413525,413558,413525,413577,34,398.0,1.7690818408811488
chr16q,weak,413826,413826,413826,413845,1,398.0,1.6666666666666667
chr16q,weak,414057,414057,414057,414076,1,398.0,2.076923076923077
chr16q,weak,414285,414285,414285,414304,1,398.0,2.3333333333333335
chr16q,weak,414488,414488,414488,414507,1,398.0,2.3333333333333335
chr16q,weak,414707,414707,414707,414726,1,398.0,2.076923076923077
chr16q,weak,414955,414955,414955,414974,1,398.0,2.076923076923077
chr16q,weak,415194,415248,415194,415267,55,398.0,1.8671445607274484
chr16q,weak,415511,415556,415511,415575,46,398.0,1.767607711981114
chr16q,weak,415885,415885,415885,415904,1,398.0,1.6666666666666667
chr16q,weak,416471,416471,416471,416490,1,398.0,2.6363636363636362
chr16q,weak,416833,416833,416833,416852,1,398.0,1.3529411764705883
chr16q,weak,417101,417101,417101,417120,1,398.0,1.6666666666666667
chr16q,weak,417332,417332,417332,417351,1,398.0,2.076923076923077
chr16q,weak,417560,417560,417560,417579,1,398.0,2.3333333333333335
chr16q,weak,417763,417763,417763,417782,1,398.0,2.3333333333333335
chr16q,weak,417982,417982,417982,418001,1,398.0,2.076923076923077
chr16q,weak,418230,418230,418230,418249,1,398.0,2.076923076923077
chr16q,weak,418469,418523,418469,418542,55,398.0,1.8671445607274484
chr16q,weak,418786,418831,418786,418850,46,398.0,1.767607711981114
chr16q,weak,419160,419160,419160,419179,1,398.0,1.6666666666666667
chr16q,weak,419746,419746,419746,419765,1,398.0,2.6363636363636362
chr16q,weak,420108,420108,420108,420127,1,398.0,1.3529411764705883
chr16q,weak,420376,420376,420376,420395,1,398.0,1.6666666666666667
chr16q,weak,420625,420625,420625,420644,1,398.0,1.5
chr16q,weak,420835,420835,420835,420854,1,398.0,2.3333333333333335
chr16q,weak,421038,421038,421038,421057,1,398.0,2.3333333333333335
chr16q,weak,421252,421252,421252,421271,1,398.0,2.3333333333333335
chr16q,weak,421509,421509,421509,421528,1,398.0,1.8571428571428572
chr16q,weak,421744,421766,421744,421785,23,398.0,1.5812527909714609
chr16q,weak,422061,422106,422061,422125,46,398.0,1.767607711981114
chr16q,weak,422435,422435,422435,422454,1,398.0,1.6666666666666667
chr16q,weak,422713,422713,422713,422732,1,398.0,2.3333333333333335
chr16q,weak,423024,423024,423024,423043,1,398.0,2.3333333333333335
chr16q,weak,423350,423383,423350,423402,34,398.0,1.7690818408811488
chr16q,weak,423651,423651,423651,423670,1,398.0,1.6666666666666667
chr16q,weak,423882,423882,423882,423901,1,398.0,2.076923076923077
chr16q,weak,424110,424110,424110,424129,1,398.0,2.3333333333333335
chr16q,weak,424313,424313,424313,424332,1,398.0,2.3333333333333335
chr16q,weak,424532,424532,424532,424551,1,398.0,2.076923076923077
chr16q,weak,424780,424780,424780,424799,1,398.0,2.076923076923077
chr16q,weak,425019,425073,425019,425092,55,398.0,1.8671445607274484
chr16q,weak,425336,425381,425336,425400,46,398.0,1.767607711981114
chr16q,weak,425710,425710,425710,425729,1,398.0,1.6666666666666667
chr16q,weak,426296,426296,426296,426315,1,398.0,2.6363636363636362
chr16q,weak,426658,426658,426658,426677,1,398.0,1.3529411764705883
chr16q,weak,426916,426916,426916,426935,1,398.0,1.3529411764705883
chr16q,weak,427157,427157,427157,427176,1,398.0,2.076923076923077
chr16q,weak,427385,427385,427385,427404,1,398.0,2.3333333333333335
chr16q,weak,427588,427588,427588,427607,1,398.0,2.3333333333333335
chr16q,weak,427802,427802,427802,427821,1,398.0,2.3333333333333335
chr16q,weak,428059,428059,428059,428078,1,398.0,1.8571428571428572
chr16q,weak,428294,428316,428294,428335,23,398.0,1.5812527909714609
chr16q,weak,428726,428726,428726,428745,1,398.0,1.8571428571428572
chr16q,weak,429269,429269,429269,429288,1,398.0,2.076923076923077
chr16q,weak,429571,429571,429571,429590,1,398.0,2.3333333333333335
chr16q,weak,429900,429933,429900,429952,34,398.0,1.7690818408811488
chr16q,weak,430201,430201,430201,430220,1,398.0,1.6666666666666667
chr16q,weak,430432,430432,430432,430451,1,398.0,2.076923076923077
chr16q,weak,430660,430660,430660,430679,1,398.0,2.3333333333333335
chr16q,weak,430863,430863,430863,430882,1,398.0,2.3333333333333335
chr16q,weak,431082,431082,431082,431101,1,398.0,2.076923076923077
chr16q,weak,431330,431330,431330,431349,1,398.0,2.076923076923077
chr16q,weak,431613,431613,431613,431632,1,398.0,2.076923076923077
chr16q,weak,431903,431903,431903,431922,1,398.0,1.6666666666666667
chr16q,weak,431974,432006,431974,432025,33,398.0,1.7802197802197803
chr16q,weak,432114,432114,432114,432133,1,398.0,1.2222222222222223
chr16q,weak,432246,432246,432246,432265,1,398.0,1.3529411764705883
chr16q,weak,432544,432544,432544,432563,1,398.0,2.076923076923077
chr16q,weak,432801,432801,432801,432820,1,398.0,1.8571428571428572
chr16q,weak,432884,432884,432884,432903,1,398.0,1.2222222222222223
chr16q,weak,433175,433208,433175,433227,34,398.0,1.7690818408811488
chr16q,weak,433476,433476,433476,433495,1,398.0,1.6666666666666667
chr16q,weak,433707,433707,433707,433726,1,398.0,2.076923076923077
chr16q,weak,433935,433935,433935,433954,1,398.0,2.3333333333333335
chr16q,weak,434138,434138,434138,434157,1,398.0,2.3333333333333335
chr16q,weak,434357,434357,434357,434376,1,398.0,2.076923076923077
chr16q,weak,434605,434605,434605,434624,1,398.0,2.076923076923077
chr16q,weak,434844,434898,434844,434917,55,398.0,1.8671445607274484
chr16q,weak,435161,435206,435161,435225,46,398.0,1.767607711981114
chr16q,weak,435535,435535,435535,435554,1,398.0,1.6666666666666667
chr16q,weak,436121,436121,436121,436140,1,398.0,2.6363636363636362
chr16q,weak,436483,436483,436483,436502,1,398.0,1.3529411764705883
chr16q,weak,436751,436751,436751,436770,1,398.0,1.6666666666666667
chr16q,weak,437000,437000,437000,437019,1,398.0,1.5
chr16q,weak,437210,437210,437210,437229,1,398.0,2.3333333333333335
chr16q,weak,437413,437413,437413,437432,1,398.0,2.3333333333333335
chr16q,weak,437627,437627,437627,437646,1,398.0,2.3333333333333335
chr16q,weak,437884,437884,437884,437903,1,398.0,1.8571428571428572
chr16q,weak,438125,438125,438125,438144,1,398.0,1.6666666666666667
chr16q,weak,438345,438345,438345,438364,1,398.0,2.076923076923077
chr16q,weak,438506,438506,438506,438525,1,398.0,1.8571428571428572
chr16q,weak,439077,439077,439077,439096,1,398.0,2.6363636363636362
chr16q,weak,439325,439325,439325,439344,1,398.0,1.6666666666666667
chr16q,weak,439434,439434,439434,439453,1,398.0,1.2222222222222223
chr16q,weak,439758,439758,439758,439777,1,398.0,1.3529411764705883
chr16q,weak,440026,440026,440026,440045,1,398.0,1.6666666666666667
chr16q,weak,440275,440275,440275,440294,1,398.0,1.5
chr16q,weak,440485,440485,440485,440504,1,398.0,2.3333333333333335
chr16q,weak,440688,440688,440688,440707,1,398.0,2.3333333333333335
chr16q,weak,440902,440902,440902,440921,1,398.0,2.3333333333333335
chr16q,weak,441159,441159,441159,441178,1,398.0,1.8571428571428572
chr16q,weak,441394,441416,441394,441435,23,398.0,1.5812527909714609
chr16q,weak,441711,441756,441711,441775,46,398.0,1.767607711981114
chr16q,weak,442085,442085,442085,442104,1,398.0,1.6666666666666667
chr16q,weak,442671,442671,442671,442690,1,398.0,2.6363636363636362
chr16q,weak,443033,443033,443033,443052,1,398.0,1.3529411764705883
chr16q,weak,443301,443301,443301,443320,1,398.0,1.6666666666666667
chr16q,weak,443532,443532,443532,443551,1,398.0,2.076923076923077
chr16q,weak,443760,443760,443760,443779,1,398.0,2.3333333333333335
chr16q,weak,443963,443963,443963,443982,1,398.0,2.3333333333333335
chr16q,weak,444182,444182,444182,444201,1,398.0,2.076923076923077
chr16q,weak,444442,444442,444442,444461,1,398.0,1.5
chr16q,weak,444675,444717,444675,444736,43,398.0,1.8407707203876837
chr16q,weak,444940,444940,444940,444959,1,398.0,2.076923076923077
chr16q,weak,445056,445056,445056,445075,1,398.0,1.8571428571428572
chr16q,weak,445627,445627,445627,445646,1,398.0,2.6363636363636362
chr16q,weak,445875,445875,445875,445894,1,398.0,1.6666666666666667
chr16q,weak,445984,445984,445984,446003,1,398.0,1.2222222222222223
chr16q,weak,446308,446308,446308,446327,1,398.0,1.3529411764705883
chr16q,weak,446576,446576,446576,446595,1,398.0,1.6666666666666667
chr16q,weak,446807,446807,446807,446826,1,398.0,2.076923076923077
chr16q,weak,447035,447035,447035,447054,1,398.0,2.3333333333333335
chr16q,weak,447238,447238,447238,447257,1,398.0,2.3333333333333335
chr16q,weak,447457,447457,447457,447476,1,398.0,2.076923076923077
chr16q,weak,447717,447717,447717,447736,1,398.0,1.5
chr16q,weak,447950,447992,447950,448011,43,398.0,1.8407707203876837
chr16q,weak,448215,448215,448215,448234,1,398.0,2.076923076923077
chr16q,weak,448375,448375,448375,448394,1,398.0,1.8571428571428572
chr16q,weak,448551,448600,448551,448619,50,398.0,1.9433040162451929
chr16q,weak,448871,448871,448871,448890,1,398.0,1.6666666666666667
chr16q,weak,449177,449177,449177,449196,1,398.0,1.6666666666666667
chr16q,weak,449581,449581,449581,449600,1,398.0,1.5
chr16q,weak,449852,449852,449852,449871,1,398.0,1.6666666666666667
chr16q,weak,450087,450087,450087,450106,1,398.0,2.6363636363636362
chr16q,weak,450310,450310,450310,450329,1,398.0,2.3333333333333335
chr16q,weak,450513,450513,450513,450532,1,398.0,2.3333333333333335
chr16q,weak,450732,450732,450732,450751,1,398.0,2.076923076923077
chr16q,weak,450992,450992,450992,451011,1,398.0,1.5
chr16q,weak,451225,451273,451225,451292,49,398.0,1.9196373854237
chr16q,weak,451561,451561,451561,451580,1,398.0,1.8571428571428572
chr16q,weak,451649,451649,451649,451668,1,398.0,2.076923076923077
chr16q,weak,451891,451891,451891,451910,1,398.0,1.8571428571428572
chr16q,weak,452188,452188,452188,452207,1,398.0,2.3333333333333335
chr16q,weak,452499,452499,452499,452518,1,398.0,2.3333333333333335
chr16q,weak,452825,452858,452825,452877,34,398.0,1.7690818408811488
chr16q,weak,453116,453116,453116,453135,1,398.0,1.3529411764705883
chr16q,weak,453350,453350,453350,453369,1,398.0,2.3333333333333335
chr16q,weak,453565,453565,453565,453584,1,398.0,1.6666666666666667
chr16q,weak,453819,453819,453819,453838,1,398.0,1.5
chr16q,weak,454037,454061,454037,454080,25,398.0,1.4062745098039215
chr16q,weak,454159,454159,454159,454178,1,398.0,1.5
chr16q,weak,454283,454283,454283,454302,1,398.0,2.3333333333333335
chr16q,weak,454567,454567,454567,454586,1,398.0,2.076923076923077
chr16q,weak,454767,454789,454767,454808,23,398.0,1.7118359049305343
chr16q,weak,455024,455024,455024,455043,1,398.0,1.8571428571428572
chr16q,weak,455105,455105,455105,455124,1,398.0,1.5
chr16q,weak,455287,455287,455287,455306,1,398.0,1.6666666666666667
chr16q,weak,455394,455424,455394,455443,31,398.0,1.8107714549839786
chr16q,weak,455508,455508,455508,455527,1,398.0,1.5
chr16q,weak,455620,455620,455620,455639,1,398.0,1.8571428571428572
chr16q,weak,455674,455729,455674,455748,56,398.0,2.1773272245961324
chr16q,weak,455785,455785,455785,455804,1,398.0,1.8571428571428572
chr16q,weak,456056,456056,456056,456075,1,398.0,1.5
chr16q,weak,456421,456421,456421,456440,1,398.0,2.3333333333333335
chr16q,weak,456706,456706,456706,456725,1,398.0,1.3529411764705883
chr16q,weak,456969,456969,456969,456988,1,398.0,1.6666666666666667
chr16q,weak,457210,457210,457210,457229,1,398.0,1.5
chr16q,weak,457439,457439,457439,457458,1,398.0,2.3333333333333335
chr16q,weak,457678,457678,457678,457697,1,398.0,2.3333333333333335
chr16q,weak,457944,457944,457944,457963,1,398.0,1.8571428571428572
chr16q,weak,458195,458195,458195,458214,1,398.0,2.076923076923077
chr16q,weak,458408,458408,458408,458427,1,398.0,1.2222222222222223
chr16q,weak,458693,458735,458693,458754,43,398.0,1.46645640021693
chr16q,weak,458926,458926,458926,458945,1,398.0,2.076923076923077
chr16q,weak,459186,459186,459186,459205,1,398.0,2.076923076923077
chr16q,weak,459239,459239,459239,459258,1,398.0,1.3529411764705883
chr16q,weak,459445,459445,459445,459464,1,398.0,2.076923076923077
chr16q,weak,459871,459871,459871,459890,1,398.0,1.8571428571428572
chr16q,weak,460093,460093,460093,460112,1,398.0,2.076923076923077
chr16q,weak,460333,460333,460333,460352,1,398.0,2.3333333333333335
chr16q,weak,460575,460575,460575,460594,1,398.0,1.6666666666666667
chr16q,weak,460801,460801,460801,460820,1,398.0,1.3529411764705883
chr16q,weak,461040,461079,461040,461098,40,398.0,2.126964946817888
chr16q,weak,461172,461172,461172,461191,1,398.0,2.076923076923077
chr16q,weak,461266,461294,461266,461313,29,398.0,2.118467739157395
chr16q,weak,461524,461556,461524,461575,33,398.0,2.0252727070908887
chr16q,weak,461756,461762,461756,461781,7,398.0,1.4187675070028014
chr16q,weak,461987,462007,461987,462026,21,398.0,1.615068249522031
chr16q,weak,462088,462088,462088,462107,1,398.0,1.5
chr16q,weak,462270,462270,462270,462289,1,398.0,1.6666666666666667
chr16q,weak,462377,462407,462377,462426,31,398.0,1.8107714549839786
chr16q,weak,462491,462491,462491,462510,1,398.0,1.5
chr16q,weak,462603,462603,462603,462622,1,398.0,1.8571428571428572
chr16q,weak,462657,462685,462657,462704,29,398.0,2.102928849379154
chr16q,weak,463055,463055,463055,463074,1,398.0,2.076923076923077
chr16q,weak,463357,463357,463357,463376,1,398.0,1.6666666666666667
chr16q,weak,463662,463689,463662,463708,28,398.0,1.5099873282646392
chr16q,weak,463951,463951,463951,463970,1,398.0,1.6666666666666667
chr16q,weak,464201,464201,464201,464220,1,398.0,1.2222222222222223
chr16q,weak,464441,464441,464441,464460,1,398.0,2.076923076923077
chr16q,weak,464690,464690,464690,464709,1,398.0,1.8571428571428572
chr16q,weak,464774,464774,464774,464793,1,398.0,1.5
chr16q,weak,464920,464920,464920,464939,1,398.0,2.076923076923077
chr16q,weak,465391,465417,465391,465436,27,398.0,1.6080160459245425
chr16q,weak,465670,465670,465670,465689,1,398.0,1.6666666666666667
chr16q,weak,465919,465919,465919,465938,1,398.0,2.3333333333333335
chr16q,weak,466101,466101,466101,466120,1,398.0,2.076923076923077
chr16q,weak,466224,466224,466224,466243,1,398.0,1.6666666666666667
chr16q,weak,466369,466369,466369,466388,1,398.0,2.076923076923077
chr16q,weak,466657,466702,466657,466721,46,398.0,1.7169463102966946
chr16q,weak,466978,466978,466978,466997,1,398.0,2.076923076923077
chr16q,weak,467197,467197,467197,467216,1,398.0,2.6363636363636362
chr16q,weak,467431,467431,467431,467450,1,398.0,1.5
chr16q,weak,467676,467676,467676,467695,1,398.0,3.0
chr16q,weak,467917,467917,467917,467936,1,398.0,1.6666666666666667
chr16q,weak,468131,468131,468131,468150,1,398.0,1.6666666666666667
chr16q,weak,468371,468410,468371,468429,40,398.0,1.7942765567765568
chr16q,weak,468578,468578,468578,468597,1,398.0,1.8571428571428572
chr16q,weak,468672,468672,468672,468691,1,398.0,1.6666666666666667
chr16q,weak,468807,468807,468807,468826,1,398.0,1.6666666666666667
chr16q,weak,469066,469066,469066,469085,1,398.0,2.076923076923077
chr16q,weak,469353,469355,469353,469374,3,398.0,1.4019607843137256
chr16q,weak,469640,469640,469640,469659,1,398.0,1.2222222222222223
chr16q,weak,469949,469949,469949,469968,1,398.0,2.076923076923077
chr16q,weak,470157,470175,470157,470194,19,398.0,1.6664455255786528
chr16q,weak,470385,470385,470385,470404,1,398.0,2.076923076923077
chr16q,weak,470565,470610,470565,470629,46,398.0,1.9654367371758676
chr16q,weak,470838,470838,470838,470857,1,398.0,1.6666666666666667
chr16q,weak,470986,470986,470986,471005,1,398.0,1.3529411764705883
chr16q,weak,471270,471270,471270,471289,1,398.0,1.5
chr16q,weak,471558,471558,471558,471577,1,398.0,1.3529411764705883
chr16q,weak,471823,471823,471823,471842,1,398.0,2.3333333333333335
chr16q,weak,472545,472545,472545,472564,1,398.0,1.5
chr16q,weak,472825,472825,472825,472844,1,398.0,1.5
chr16q,weak,472912,472912,472912,472931,1,398.0,1.8571428571428572
chr16q,weak,473099,473099,473099,473118,1,398.0,1.3529411764705883
chr16q,weak,473339,473351,473339,473370,13,398.0,2.0487461256692026
chr16q,weak,473597,473597,473597,473616,1,398.0,1.8571428571428572
chr16q,weak,473830,473830,473830,473849,1,398.0,2.3333333333333335
chr16q,weak,474097,474114,474097,474133,18,398.0,1.5552961925510946
chr16q,weak,474358,474358,474358,474377,1,398.0,1.6666666666666667
chr16q,weak,474648,474648,474648,474667,1,398.0,2.3333333333333335
chr16q,weak,474892,474892,474892,474911,1,398.0,1.8571428571428572
chr16q,weak,475133,475133,475133,475152,1,398.0,2.3333333333333335
chr16q,weak,475367,475367,475367,475386,1,398.0,1.8571428571428572
chr16q,weak,475607,475607,475607,475626,1,398.0,1.8571428571428572
chr16q,weak,475820,475820,475820,475839,1,398.0,1.6666666666666667
chr16q,weak,475964,475964,475964,475983,1,398.0,2.6363636363636362
chr16q,weak,476323,476323,476323,476342,1,398.0,2.3333333333333335
chr16q,weak,476992,476992,476992,477011,1,398.0,2.076923076923077
chr16q,weak,477266,477266,477266,477285,1,398.0,1.6666666666666667
chr16q,weak,477485,477485,477485,477504,1,398.0,1.8571428571428572
chr16q,weak,477702,477726,477702,477745,25,398.0,1.6876147382029734
chr16q,weak,477935,477935,477935,477954,1,398.0,2.3333333333333335
chr16q,weak,478206,478242,478206,478261,37,398.0,2.2068472068472076
chr16q,weak,478630,478630,478630,478649,1,398.0,1.6666666666666667
chr16q,weak,478812,478812,478812,478831,1,398.0,2.3333333333333335
chr16q,weak,479461,479461,479461,479480,1,398.0,1.6666666666666667
chr16q,weak,479767,479767,479767,479786,1,398.0,1.3529411764705883
chr16q,weak,479836,479836,479836,479855,1,398.0,2.3333333333333335
chr16q,weak,479892,479892,479892,479911,1,398.0,1.8571428571428572
chr16q,weak,480172,480172,480172,480191,1,398.0,1.2222222222222223
chr16q,weak,480403,480417,480403,480436,15,398.0,1.3262813897488819
chr16q,weak,480740,480740,480740,480759,1,398.0,1.8571428571428572
chr16q,weak,481021,481021,481021,481040,1,398.0,1.2222222222222223
chr16q,weak,481277,481277,481277,481296,1,398.0,1.8571428571428572
chr16q,weak,481532,481532,481532,481551,1,398.0,1.5
chr16q,weak,481783,481783,481783,481802,1,398.0,1.6666666666666667
chr16q,weak,482024,482024,482024,482043,1,398.0,2.3333333333333335
chr16q,weak,482275,482275,482275,482294,1,398.0,1.8571428571428572
chr16q,weak,482498,482498,482498,482517,1,398.0,1.6666666666666667
chr16q,weak,482738,482761,482738,482780,24,398.0,1.2928419905974087
chr16q,weak,482997,482997,482997,483016,1,398.0,2.3333333333333335
chr16q,weak,483244,483259,483244,483278,16,398.0,1.6006652661064424
chr16q,weak,483469,483480,483469,483499,12,398.0,1.3583877995642704
chr16q,weak,483687,483704,483687,483723,18,398.0,1.7175417175417178
chr16q,weak,483920,483920,483920,483939,1,398.0,1.3529411764705883
chr16q,weak,484183,484183,484183,484202,1,398.0,1.8571428571428572
chr16q,weak,484412,484412,484412,484431,1,398.0,1.2222222222222223
chr16q,weak,484651,484651,484651,484670,1,398.0,2.3333333333333335
chr16q,weak,484877,484877,484877,484896,1,398.0,1.8571428571428572
chr16q,weak,485128,485128,485128,485147,1,398.0,1.8571428571428572
chr16q,weak,485312,485312,485312,485331,1,398.0,1.3529411764705883
chr16q,weak,485603,485603,485603,485622,1,398.0,1.8571428571428572
chr16q,weak,485654,485670,485654,485689,17,398.0,1.5799967045641787
chr16q,weak,485815,485815,485815,485834,1,398.0,2.6363636363636362
chr16q,weak,486020,486020,486020,486039,1,398.0,2.3333333333333335
chr16q,weak,486095,486095,486095,486114,1,398.0,2.076923076923077
chr16q,weak,486321,486321,486321,486340,1,398.0,2.3333333333333335
chr16q,weak,486696,486696,486696,486715,1,398.0,2.3333333333333335
chr16q,weak,486949,486949,486949,486968,1,398.0,2.076923076923077
chr16q,weak,487215,487215,487215,487234,1,398.0,1.6666666666666667
chr16q,weak,487498,487498,487498,487517,1,398.0,1.6666666666666667
chr16q,weak,487565,487565,487565,487584,1,398.0,1.5
chr16q,weak,487916,487916,487916,487935,1,398.0,1.6666666666666667
chr16q,weak,488194,488213,488194,488232,20,398.0,1.744047619047619
chr16q,weak,488493,488493,488493,488512,1,398.0,2.6363636363636362
chr16q,weak,488723,488723,488723,488742,1,398.0,1.6666666666666667
chr16q,weak,488967,488967,488967,488986,1,398.0,1.8571428571428572
chr16q,weak,489216,489216,489216,489235,1,398.0,1.6666666666666667
chr16q,weak,489471,489471,489471,489490,1,398.0,1.8571428571428572
chr16q,weak,489709,489709,489709,489728,1,398.0,1.6666666666666667
chr16q,weak,489998,489998,489998,490017,1,398.0,1.8571428571428572
chr16q,weak,490246,490246,490246,490265,1,398.0,1.5
chr16q,weak,490504,490504,490504,490523,1,398.0,1.8571428571428572
chr16q,weak,490740,490740,490740,490759,1,398.0,0.48148148148148145
chr16q,weak,490988,490988,490988,491007,1,398.0,0.3793103448275862
chr16q,weak,491237,491237,491237,491256,1,398.0,0.2903225806451613
chr16q,weak,491481,491481,491481,491500,1,398.0,0.3793103448275862
chr16q,weak,491698,491698,491698,491717,1,398.0,0.9047619047619048
chr16q,weak,491922,491922,491922,491941,1,398.0,0.9047619047619048
chr16q,weak,492159,492159,492159,492178,1,398.0,1.105263157894737
chr16q,weak,492410,492410,492410,492429,1,398.0,1.0
chr16q,weak,492665,492665,492665,492684,1,398.0,1.0
chr16q,weak,493941,493941,493941,493960,1,398.0,0.9047619047619048
chr16q,weak,495286,495286,495286,495305,1,398.0,0.9047619047619048
chr16q,weak,495530,495530,495530,495549,1,398.0,1.105263157894737
chr16q,weak,495772,495772,495772,495791,1,398.0,0.9047619047619048
chr16q,weak,496017,496017,496017,496036,1,398.0,0.9047619047619048
chr16q,weak,496260,496260,496260,496279,1,398.0,1.105263157894737
chr16q,weak,496500,496500,496500,496519,1,398.0,0.9047619047619048
chr16q,weak,496719,496719,496719,496738,1,398.0,1.105263157894737
chr16q,weak,497911,497911,497911,497930,1,398.0,1.0
chr16q,weak,498146,498146,498146,498165,1,398.0,0.9047619047619048
chr16q,weak,499483,499483,499483,499502,1,398.0,1.0
chr16q,weak,499747,499747,499747,499766,1,398.0,1.0
